region,year,rate_all,rate_grave,rate_minor,rate_econ,rate_drugs,rate_murder,rate_theft,rate_robbery
Алтайский край,2011,1875.0,389.72797062750334,1485.2720293724965,101.38518024032041,195.30206942590118,11.84913217623498,838.7850467289718,84.44592790387182
Алтайский край,2012,1770.4793944491169,340.7905803195963,1429.6888141295206,73.54920100925148,194.3650126156434,10.218671152228765,759.798149705635,64.33978132884776
Алтайский край,2013,1908.200890019072,369.44267853358764,1538.7582114854843,68.10764992583175,209.9597372324645,8.773045136681501,811.1464293282476,59.24984106802289
Алтайский край,2014,1881.710335410088,375.30937953401036,1506.4009558760774,59.61423572586839,219.59545958863188,8.833319108986942,789.1098404028335,49.24468720662286
Алтайский край,2015,2089.548387096774,368.73118279569894,1720.8172043010752,55.78494623655914,189.07526881720432,8.989247311827956,893.0322580645161,48.215053763440864
Алтайский край,2016,1935.0581698211495,324.2316374370551,1610.8265323840947,45.66765063379059,148.89737801701685,8.508421600972392,774.353186317069,44.88626497655843
Алтайский край,2017,1758.5722439302806,284.10238398384337,1474.4698599464373,42.71853185230716,148.5270228739518,7.068534047504062,673.7937392984152,39.95258374676209
Алтайский край,2018,1707.1685702857649,323.8078307630772,1383.360739522688,45.82018576952135,152.79320919070264,6.57748544509133,649.9266699257811,33.642949202257675
Алтайский край,2019,1666.2020592599256,360.41544894564095,1305.7866103142844,44.01780495481319,143.4288026617508,7.688503214783508,619.8911919428084,25.898116091902345
Алтайский край,2020,1779.7081623347012,475.19379844961236,1304.514363885089,44.9156406748746,144.68764249886001,7.341541267669858,658.4587323301413,25.079799361605108
Алтайский край,2021,1812.9930394431553,497.4941995359629,1315.4988399071926,58.0046403712297,143.48027842227378,6.2645011600928076,675.6844547563805,22.180974477958237
Алтайский край,2022,1838.518935660988,498.6625369562157,1339.8563987047726,50.448167440987376,193.4863203341311,5.959923037214322,624.9002768783143,22.901121591815663
Амурская область,2011,2204.606385571533,564.8306117475018,1639.7757738240311,52.27882037533512,269.68072142334876,23.397514014135997,1081.1601267365343,131.48915427735804
Амурская область,2012,2196.2708537782137,497.17860647693817,1699.0922473012756,33.856722276741905,275.76054955839055,19.381746810598624,1045.755642787046,126.59470068694799
Амурская область,2013,2090.8866081365154,475.45443304068255,1615.4321750958327,44.02126870285644,277.4823791269939,19.908495115617658,962.2851490045753,115.74131321874613
Амурская область,2014,2139.367637941724,473.40359578425296,1665.9640421574707,38.313701177929325,284.6869187848729,16.367017978921265,970.9857408555486,96.34221946683199
Амурская область,2015,2429.8190892077355,489.08296943231437,1940.736119775421,48.15970056144729,269.7442295695571,15.970056144728634,1119.1515907673113,91.95258889582034
Амурская область,2016,2341.3654618473897,472.2640562248996,1869.1014056224901,62.24899598393575,222.01305220883535,13.930722891566266,1033.8855421686749,81.07429718875503
Амурская область,2017,2334.4266431184556,493.3770657247382,1841.0495773937175,62.9494133972499,250.66229342752618,14.381228711996972,980.5727261258987,70.89693452756401
Амурская область,2018,2229.3414696160694,542.9697431985761,1686.371726417493,56.95397915077549,248.91939994914821,15.001271294177473,919.2728197304856,59.369438087973556
Амурская область,2019,2492.3981091094925,647.2467101060431,1845.1513990034496,50.977385971636636,252.45943528810528,15.331544653123801,1049.699757250543,63.753673182573145
Амурская область,2020,2381.0262375597777,714.6180690189996,1666.408168540778,51.69962517771746,241.69574770582912,13.18340442031795,972.4699495928654,56.86958769548921
Амурская область,2021,2387.5065479308537,711.10529072813,1676.4012572027236,61.94342587742273,216.21267679413302,14.536406495547407,926.0083813514929,50.28810895756941
Амурская область,2022,2149.2991272150225,570.7484792382967,1578.5506479767257,48.79661465220841,188.44221105527637,12.827294366569689,772.2824649563607,46.416291986247025
Архангельская область,2011,2066.8732248902656,400.3786900765986,1666.4945348136673,115.67260521559515,93.63972803167225,12.393493415956621,980.3769687580686,122.29968155607193
Архангельская область,2012,1959.607465171296,354.68325593621313,1604.9242092350828,117.7604486112328,76.14124244282836,10.864803294488741,933.0587926049242,108.91089108910892
Архангельская область,2013,1843.9589835042354,325.18947837717343,1518.7695051270618,92.91127953633527,73.2055283102987,9.362460989745875,850.9139545251894,97.54792688363798
Архангельская область,2014,1727.4868635622397,332.5783656459504,1394.9084979162892,82.17068309476355,93.67639065048017,13.498822250407683,733.9191882587426,77.27849248052183
Архангельская область,2015,2055.7449553118954,398.323044319543,1657.4219109923527,109.55496176172488,114.7148253939003,13.083939924444854,888.6943702202157,87.80982216898553
Архангельская область,2016,1871.5716559019004,330.24431339511375,1541.3273425067866,89.30075821398485,84.05878498549097,12.543293082467471,752.6911916128429,70.86024524946176
Архангельская область,2017,1829.4728815174913,336.76484605852636,1492.708035458965,94.55723953865218,84.26270136307312,16.490325040510914,685.4446668573063,75.20732056048041
Архангельская область,2018,1840.970873786408,354.07766990291265,1486.8932038834953,108.05825242718447,86.89320388349515,11.747572815533982,649.1262135922331,70.3883495145631
Архангельская область,2019,1888.7464246967156,461.78124075352594,1426.9651839431897,87.18808561002072,84.91961731926226,12.52589012723148,694.3485550843278,76.83203471742776
Архангельская область,2020,1915.63724013257,541.5285728633122,1374.108667269258,94.60680927990359,92.6986039971879,11.449231696294063,716.1795721602891,61.66516018881188
Архангельская область,2021,1743.8949312538475,484.5064641904371,1259.3884670634106,89.47260414529038,95.42376359532115,13.236199466447774,618.0997332238867,50.68746152267597
Архангельская область,2022,1740.7445815617546,507.4147049673338,1233.329876594421,79.74696671160427,112.3094472674479,11.718344913408691,573.0581769158975,53.302914030903246
Астраханская область,2011,2242.906574394464,439.149777558082,1803.7567968363817,198.31932773109244,216.80672268907563,10.677212061295107,713.0993573900148,109.04597132970835
Астраханская область,2012,2058.7593052109182,424.4168734491315,1634.3424317617867,174.68982630272953,229.18114143920593,10.818858560794045,661.0421836228288,88.13895781637717
Астраханская область,2013,1716.7957117331746,312.3883263847529,1404.4073853484217,135.79511614055986,193.36906889021245,6.253722453841573,543.2797299980148,69.5850704784594
Астраханская область,2014,1565.4974237019421,311.73206500198177,1253.7653586999604,107.41181133571145,229.48870392390012,5.747126436781609,459.17558462148236,54.00317082837891
Астраханская область,2015,1471.6605239565695,279.7091343759339,1191.9513895806356,104.99053690606634,200.4183683633828,6.57435999601554,452.5351130590696,50.602649666301424
Астраханская область,2016,1387.2191712431354,264.2036944583125,1123.0154767848228,81.8771842236645,201.09835247129303,5.991013479780329,373.53969046430353,46.13080379430854
Астраханская область,2017,1346.7014237016242,231.80268698616402,1114.8987367154602,92.54060557449368,163.6254261078805,5.514337276919992,351.7144575897333,38.19931822739122
Астраханская область,2018,1354.7573403289273,274.9470285541318,1079.8103117747955,91.31268287761073,163.15205327413983,4.944001614367874,348.90525678538995,38.94662496216325
Астраханская область,2019,1337.89162159404,284.3147259924482,1053.576895601592,86.13123788141648,136.74864782120625,4.490254107561996,338.2998265129095,36.738442698234515
Астраханская область,2020,1450.877192982456,368.52425180598556,1082.3529411764707,75.33539731682146,141.4860681114551,4.231166150670795,421.36222910216713,23.9422084623323
Астраханская область,2021,1440.9062434746295,380.4552098559198,1060.4510336187095,110.14825642096471,126.6443934015452,2.9233660471914806,398.09981206932554,19.628314888285654
Астраханская область,2022,1374.0795287187038,362.7182831895645,1011.3612455291395,82.2638333683989,119.39827477382705,3.050704818009678,353.2505785819482,17.462655165158846
Белгородская область,2011,1034.4266562540674,217.8185604581544,816.6080957959132,130.4178055447091,72.23740726278798,5.531693348952232,437.97995574645324,41.58531823506443
Белгородская область,2012,965.5619689992866,188.98761268564758,776.574356313639,99.4227900642065,72.18366949867047,4.2804332317270894,426.68136714443216,40.274985407613975
Белгородская область,2013,966.0304108702686,164.15399547072144,801.8764153995471,81.46230993206082,74.40957618893562,5.046910384988677,417.6641863474604,28.98738272403753
Белгородская область,2014,922.4416053684347,161.24661246612467,761.19499290231,60.84656084656085,79.36507936507937,3.9359917408697895,406.3750161311137,24.390243902439025
Белгородская область,2015,1017.2635918577687,156.78948724555525,860.4741046122133,51.66194279824787,74.72300953362534,4.702396289616078,467.7918062355063,23.76964699819634
Белгородская область,2016,881.7100610736098,151.20540019286403,730.5046608807457,57.0877531340405,58.37351333976214,4.307296689167471,353.19832851173254,19.286403085824492
Белгородская область,2017,820.6052801030264,149.00193174500967,671.6033483580168,50.41854475209272,60.012878300064386,4.443013522215067,323.30972311654864,19.575016097875082
Белгородская область,2018,848.7329937455671,172.80288864530272,675.9301051002643,51.13160100586755,71.44238829066994,4.126636146753498,321.4262686182217,20.762138113353533
Белгородская область,2019,914.6812620734064,210.7533805537669,703.9278815196394,46.619446233097236,69.28525434642627,3.0907920154539603,343.07791371538957,20.54088860270444
Белгородская область,2020,927.9197670656746,248.20446457457135,679.7153024911032,39.66353930766742,73.6331284373989,2.976383047557425,338.8547395664833,13.652539631187318
Белгородская область,2021,915.5222909209241,249.46306540839572,666.0592255125284,43.86592905955093,76.47250244061178,3.3843150016270744,308.1028311096648,12.235600390497885
Белгородская область,2022,963.2221855397821,286.7613073621657,676.4608781776163,36.18355893034005,84.12017167381974,6.7348960052822715,307.09805216242984,15.384615384615385
Брянская область,2011,1540.476378887394,368.6792751444172,1171.797103742977,145.5250455013057,135.55432460235815,8.704597610192293,604.4947376750811,52.38585107224816
Брянская область,2012,1496.0070276313686,319.19821114837885,1176.8088164829899,105.57418942660917,128.65356971729756,9.263695895224405,611.7233668743012,47.51637118671139
Брянская область,2013,1536.3533773980332,339.75495727873613,1196.5984201192973,102.69224568757053,123.32742221505724,7.254554247944543,621.2316620989844,52.5552152184427
Брянская область,2014,1389.9049012435992,297.08201251727223,1092.822888726327,49.174997967975294,119.40177192554661,8.697065756319597,567.6664228237016,42.59123790945298
Брянская область,2015,1416.3191889461207,251.08331289346745,1165.235876052653,43.904831984302184,107.9224920284523,7.440111192870575,578.284686452457,36.70999918240537
Брянская область,2016,1298.9326765188832,227.25779967159275,1071.6748768472905,44.499178981937604,82.67651888341544,5.172413793103448,529.4745484400657,33.66174055829228
Брянская область,2017,1195.7457374606852,229.5977487170998,966.1479887435854,50.57109750041384,87.98212216520443,4.966065220989902,443.1385532196656,31.203443138553215
Брянская область,2018,1193.4675465708797,218.86225043855987,974.6052961323197,46.946788071172,78.35602706540807,3.8426196641884554,430.37340238910707,33.163478406148194
Брянская область,2019,1208.2912882610158,242.9364278506559,965.3548604103598,65.75849310460814,78.03565422132526,4.7090480995627315,390.5146316851665,23.965691220988898
Брянская область,2020,1287.252989568315,239.41989653125268,1047.8330930370623,61.40276482062591,88.88135018234247,4.410143329658214,383.34322788567556,25.188703248240184
Брянская область,2021,1219.4744976816075,260.1751674394642,959.2993302421434,83.71973209685729,81.31547312381934,4.29331959471063,339.6874463335051,21.03726601408209
Брянская область,2022,1175.6182212581346,263.25379609544467,912.3644251626897,70.6290672451193,84.68546637744035,5.032537960954446,284.51193058568333,23.427331887201735
Владимирская область,2011,1662.3186383928573,487.44419642857144,1174.8744419642858,168.80580357142858,121.16350446428572,9.695870535714286,786.8303571428572,100.86495535714286
Владимирская область,2012,1526.5263157894738,426.45614035087715,1100.0701754385964,116.35087719298245,117.6842105263158,10.596491228070175,710.3859649122807,92.63157894736842
Владимирская область,2013,1314.3421238189253,381.4694683401495,932.8726554787759,105.4858271047807,117.1202933295727,8.390918065153011,561.6979269496545,59.65308137075166
Владимирская область,2014,1331.846186530699,371.2909850577155,960.5552014729836,63.66404645563346,119.11337723957227,8.852064301395087,608.2430422774592,66.35507400325757
Владимирская область,2015,1518.8900747065102,381.7146922803273,1137.1753824261828,65.88402703664177,122.4475275702597,7.755247242974031,664.7456421202419,66.4532194948417
Владимирская область,2016,1367.195313616231,348.1925989427061,1019.0027146735249,73.15330761537363,95.94227746820975,7.929704243463352,590.8701243034719,55.36505215030719
Владимирская область,2017,1313.264278521076,297.58308157099697,1015.681196950079,66.24946050927923,88.33261401237232,7.3370738023306,548.1945043878578,55.3877139979859
Владимирская область,2018,1251.4861534000288,299.4055386399884,952.0806147600405,70.82789618674785,89.38668986515876,5.509641873278237,476.221545599536,50.8916920400174
Владимирская область,2019,1222.0280992938776,337.91948751546914,884.1086117784087,65.58928441435539,80.00291184392516,4.513358084006698,473.46582223192837,42.80410569993448
Владимирская область,2020,1278.2192788815305,362.1044885945548,916.1147902869757,68.65342163355407,95.06990434142753,5.15084621044886,457.1008094186902,36.276674025018394
Владимирская область,2021,1210.4596587946062,356.0306935856366,854.4289652089697,69.88005661923565,102.80861208373689,4.320941667287491,415.62988899649855,28.53311480295016
Владимирская область,2022,1226.2542436816295,340.92795171633344,885.326291965296,61.561674839683135,99.7359486986043,4.073934364390796,396.9068276122218,30.85628064881177
Волгоградская область,2011,1539.9445855460633,361.7332409759101,1178.2113445701532,171.43846686677443,127.41476179481259,9.389671361502348,628.1074424690219,93.165550681136
Волгоградская область,2012,1510.9043887752346,348.09124946925544,1162.8131393059793,127.10850349326437,133.51603813641103,7.681321650519165,614.0425367661251,91.05647122399351
Волгоградская область,2013,1414.616189405975,317.89824466230095,1096.7179447436743,104.11903747045376,127.29104506529237,7.401092726779557,570.8916185531058,76.29712868601543
Волгоградская область,2014,1415.406739476855,288.58486532706286,1126.821874149792,95.18442224726962,112.05254770881106,6.257530413152473,588.0135255936881,65.17936958296086
Волгоградская область,2015,1625.3215872768378,307.4374366570515,1317.8841506197862,101.23177672097918,102.47914555235052,6.314804708817339,706.9462851796991,65.60380447493569
Волгоградская область,2016,1514.2466288841117,261.4422513191323,1252.8043775649796,77.50635137776041,75.23939808481532,4.1821379714676565,637.0138753175689,54.60230603869455
Волгоградская область,2017,1564.8813027270944,251.04963704139692,1313.8316656856973,65.41102609378065,67.60839709633117,4.669413380419854,674.4359427113989,61.408671767706494
Волгоградская область,2018,1518.0604246267776,254.30338362153861,1263.757041005239,58.415724583448224,67.71182101075354,4.805609170047663,666.7191869854651,58.65206601804074
Волгоградская область,2019,1627.820441770248,360.699865410498,1267.12057635975,75.56804686881483,73.03459741904838,5.185654342490698,731.9689652442404,65.98844113688544
Волгоградская область,2020,1539.1072565245067,379.5353278166773,1159.5719287078293,53.23042647994908,65.48376830044558,4.933163590070019,668.1253978357735,53.30999363462763
Волгоградская область,2021,1520.7798459563542,391.00609756097555,1129.7737483953788,86.16816431322208,74.09338896020539,3.891206675224647,639.5619383825417,44.32766367137355
Волгоградская область,2022,1458.685883162625,387.352738755516,1071.333144407109,106.8782640378932,67.81101979676937,3.8459981377272174,602.9715396137808,39.067244241123845
Вологодская область,2011,2110.2303070761013,470.54405874499327,1639.686248331108,127.92056074766353,127.08611481975967,10.764352469959945,985.6475300400532,120.74432576769026
Вологодская область,2012,1992.1404682274247,410.70234113712377,1581.438127090301,113.87959866220736,107.85953177257525,9.03010033444816,899.1638795986622,104.18060200668897
Вологодская область,2013,2047.6948868398995,381.05616093880974,1666.6387259010896,89.60603520536463,125.98491198658843,8.298407376362112,887.9295892707461,81.5590947191953
Вологодская область,2014,2054.5989080218396,389.5842083158337,1665.0146997060058,76.85846283074339,141.78916421671565,8.399832003359933,878.7904241915161,74.422511549769
Вологодская область,2015,2462.0956873315363,420.0640161725067,2042.0316711590297,77.83018867924528,145.2998652291105,7.9177897574123985,1057.7830188679245,81.28369272237197
Вологодская область,2016,2173.920392123722,369.0526493704048,1804.867742753317,75.97397109777741,131.3276430321981,7.267810360855235,908.1382574157019,65.91734978450098
Вологодская область,2017,1742.517006802721,289.7959183673469,1452.721088435374,73.21428571428571,105.52721088435375,6.462585034013606,694.047619047619,51.53061224489795
Вологодская область,2018,1531.0652155283228,255.72028451452567,1275.3449310137971,66.41528837089724,70.61444853886366,7.112863141657383,591.9101893906933,39.077898705973084
Вологодская область,2019,1528.6305622628493,282.16626422904454,1246.4642980338049,58.29596412556054,78.5615729561918,5.432907899275613,532.5112107623319,38.289065194894796
Вологодская область,2020,1505.434310059995,335.1882445004783,1170.2460655595166,69.29832188505348,73.29797408920965,6.347274150073908,515.3464916094254,36.95330840796453
Вологодская область,2021,1561.4019676739283,441.4968376669009,1119.9051300070273,100.31623330990864,72.64581869290231,6.412508784258608,608.8369641602247,25.737877723120167
Вологодская область,2022,1542.571099494994,390.1833968282094,1152.3877026667847,65.6507486488881,70.34641623106228,6.733410117834676,591.0339328430938,34.11003809692566
Воронежская область,2011,1158.6144810734343,296.26612937797404,862.3483516954602,119.81823637844559,87.96673382775325,5.915891456252412,563.5958331547135,59.330389677198106
Воронежская область,2012,1186.5917956191863,265.89223712975263,920.6995584894337,85.43015131381541,80.45779930558533,4.9723520082301,620.0437224055895,61.511423550087876
Воронежская область,2013,1304.6851558146511,261.8200522954263,1042.865103519225,64.68344121051052,81.52942689356595,5.4867332504608,714.7756011830769,67.51253804277937
Воронежская область,2014,1444.4016435541857,303.6723163841808,1140.729327170005,64.62934429036123,112.35233692860811,5.564115733607259,799.306625577812,68.4814244136278
Воронежская область,2015,1679.3299431648222,317.2513995128413,1362.0785436519807,70.08247510790137,117.68727832143927,6.110849963676766,913.2943036622366,65.08268877398402
Воронежская область,2016,1466.6723564052231,281.556712469062,1185.1156439361612,61.61986856703934,104.25023470171546,5.035418622514295,719.2540752752411,51.80506955705385
Воронежская область,2017,1390.0815159404208,276.8981264137254,1113.1833895266955,69.56595962613632,104.77572446758568,4.395885792326405,668.2599974392898,43.70278690623533
Воронежская область,2018,1253.2284272641753,289.6604806294364,963.5679466347387,67.39074660053024,112.80253142906011,3.5918925853074493,573.3772342427093,36.21825023518345
Воронежская область,2019,1318.6662671745921,335.48773702007446,983.1785301545178,58.68253220904849,124.04228908958608,3.681034113769636,648.3756366904935,34.62740230278645
Воронежская область,2020,1273.3387952222845,358.1130611012893,915.2257341209953,58.427838385580614,110.04268897417103,3.7083351300073306,602.0870165150275,29.451080160407056
Воронежская область,2021,1283.4187440284898,339.13836532615306,944.2803787023365,63.493442195778684,101.71110918092592,3.995483366629028,610.9180925909842,24.841483540345696
Воронежская область,2022,1332.8665820679998,337.63619656062656,995.2303855073732,62.61759943989848,91.4978339824093,3.8069400078764275,647.3548330634926,22.797882116133547
Еврейская автономная область,2011,2138.585393904543,542.840713053479,1595.7446808510638,117.308798159862,257.61932144910867,21.85163887291547,991.3743530764807,115.58366877515813
Еврейская автономная область,2012,2207.920792079208,494.46709376820036,1713.4536983110077,78.62550960978452,262.08503203261506,22.131624927198605,1054.164239953407,101.92195690157251
Еврейская автономная область,2013,1892.3076923076924,426.0355029585799,1466.2721893491125,51.4792899408284,242.60355029585799,24.2603550295858,882.2485207100591,108.28402366863905
Еврейская автономная область,2014,2082.3317307692305,479.5673076923077,1602.764423076923,66.10576923076923,324.5192307692308,12.019230769230768,873.1971153846154,85.33653846153845
Еврейская автономная область,2015,2211.104331909701,474.0695546064673,1737.0347773032336,60.40268456375839,295.91214154972545,14.032946918852959,983.5265405735204,78.7065283709579
Еврейская автономная область,2016,2118.811881188119,449.25742574257424,1669.5544554455446,84.77722772277228,267.94554455445547,22.896039603960396,844.059405940594,63.11881188118812
Еврейская автономная область,2017,2270.27027027027,467.00188560653675,1803.2683846637337,41.483343808925206,348.83720930232556,16.341923318667504,932.7467001885607,62.22501571338781
Еврейская автономная область,2018,2337.5877472878115,508.6151882578175,1828.9725590299938,61.2635609444799,306.9559668155712,17.230376515634973,950.8615188257819,61.2635609444799
Еврейская автономная область,2019,2297.9961215255335,576.5998707175179,1721.3962508080158,60.1163542340013,263.08985132514545,17.453135100193926,893.9883645765999,53.65223012281837
Еврейская автономная область,2020,2420.0524246395807,683.4862385321102,1736.5661861074707,48.492791612057665,250.3276539973788,11.140235910878113,936.435124508519,51.11402359108781
Еврейская автономная область,2021,2221.256684491979,602.9411764705882,1618.3155080213903,65.50802139037434,255.34759358288773,18.71657754010695,744.6524064171124,47.45989304812834
Еврейская автономная область,2022,2145.084745762712,548.4745762711865,1596.6101694915255,69.15254237288136,255.59322033898306,16.94915254237288,688.8135593220338,35.932203389830505
Забайкальский край,2011,2782.747603833866,753.3546325878594,2029.3929712460063,135.7371063441351,182.7476038338658,30.031948881789138,1301.597444089457,159.37927886809675
Забайкальский край,2012,2877.2300901232297,727.5151738090858,2149.7149163141435,157.07191465881917,194.50064373735515,30.531543130402795,1332.1684752620931,140.15081846606583
Забайкальский край,2013,3244.4382647385987,793.6596218020022,2450.7786429365965,199.20281794586577,206.06229143492772,30.682239525398593,1522.2469410456063,147.01520207638117
Забайкальский край,2014,2998.7874265460314,661.692006342692,2337.0954202033395,113.70208002984796,188.97490905699098,26.956440630538197,1398.3770170693033,129.65208469359203
Забайкальский край,2015,3136.85496757214,619.0431431525519,2517.8118244195884,112.51057430209606,172.94858539336403,21.618573174170503,1501.1749224551177,109.12679763135633
Забайкальский край,2016,2808.5227272727275,551.6098484848485,2256.912878787879,107.95454545454545,134.375,19.791666666666664,1320.5492424242425,90.81439393939394
Забайкальский край,2017,2580.4971319311667,504.9713193116634,2075.5258126195026,89.67495219885278,163.67112810707457,16.826003824091778,1150.6692160611856,82.40917782026769
Забайкальский край,2018,2351.5602357260173,465.6554922229737,1885.9047435030434,36.03516568447493,159.887933532992,17.96927833059608,1019.0319775867067,53.90783499178824
Забайкальский край,2019,2299.580528728905,466.58862549995126,1832.9919032289536,50.72675836503756,159.69173739147402,16.2910935518486,929.4702955809191,43.41039898546484
Забайкальский край,2020,2237.410071942446,465.75342465753425,1771.6566472849117,51.14812259781216,152.95161131368877,16.655169015472556,786.9320981570908,34.49295358233961
Забайкальский край,2021,2169.615192403798,503.44827586206895,1666.166916541729,66.56671664167916,168.41579210394804,15.492253873063468,724.8375812093954,31.484257871064468
Забайкальский край,2022,2097.541313986296,516.1225312374042,1581.4187827488918,50.382910116888354,184.4014510278114,15.21563885530028,706.670697299476,28.71825876662636
Ивановская область,2011,1640.167762844343,466.5904108283291,1173.577352016014,155.37127061290633,116.86207225240683,7.244304642074159,710.5137737107998,101.32494519111621
Ивановская область,2012,1534.8344880677444,408.1023864511162,1126.7321016166281,103.82986913010008,118.16782140107776,9.526558891454965,666.6666666666666,88.2409545804465
Ивановская область,2013,1410.4035002430724,344.3850267379679,1066.0184735051046,99.27078269324258,97.61789013125912,7.3894020418084585,598.7360233349539,73.60233349538163
Ивановская область,2014,1461.9618635738157,378.7104383723216,1083.251425201494,85.51208964025949,129.15274228425397,5.307646943188519,614.999017102418,65.46097896599174
Ивановская область,2015,1506.4663748507758,364.8030242737764,1141.6633505769996,86.54994031038599,119.08077994428969,5.27258257063271,648.1297254277755,57.79944289693593
Ивановская область,2016,1449.4868182732946,329.04004829945666,1120.446769973838,67.11611994365063,91.1652243912256,6.439927550815054,619.440531294023,57.657476353391026
Ивановская область,2017,1625.8413216398121,338.26228839486026,1287.5790332449521,68.019579849072,94.63593718131756,7.444421782582092,677.8502957373037,70.77299612482155
Ивановская область,2018,1454.0557339687143,324.7695017093132,1129.2862322594012,72.51631617113851,94.16761628509272,6.422873718015125,591.0079767947789,46.099658137366625
Ивановская область,2019,1457.005033557047,354.236577181208,1102.768456375839,75.39848993288591,95.3229865771812,5.6627516778523495,585.3607382550335,45.302013422818796
Ивановская область,2020,1464.8487430762677,394.65274818917766,1070.19599488709,78.93054963783554,90.11504047720494,5.5389859394972305,541.2228376651044,43.14017895185343
Ивановская область,2021,1305.4864192186992,314.4681311546369,991.0182880640623,61.78984958337842,70.77156151931608,5.30245644410778,486.7438588897305,32.57223244237636
Ивановская область,2022,1289.0565212638023,322.07281075762546,966.9837105061769,58.05182026894064,81.66612003935715,4.154367552202908,460.80682190882254,32.1416857986225
Иркутская область,2011,2411.8762886597938,678.9690721649484,1732.9072164948452,79.42268041237114,150.55670103092785,22.927835051546392,1070.3505154639176,249.93814432989691
Иркутская область,2012,2480.562892043579,672.8293166061408,1807.733575437438,72.34235721360184,157.51898316276,20.757675800594257,1158.4268735556288,237.702211951139
Иркутская область,2013,2359.323994876245,610.8012065617123,1748.5227883145324,70.57559604975,156.68774017602578,16.90012809388042,1106.6484855997687,197.47117887690592
Иркутская область,2014,2199.3215290418666,547.3688565282145,1651.9526725136523,74.50769485354957,151.5803408902863,17.085884494456398,988.4577196756579,139.33476749958632
Иркутская область,2015,2216.831560210291,458.99739206027243,1757.8341681500187,72.60835368630211,130.72815333029763,15.482054890921887,969.4912447737715,102.95152543776132
Иркутская область,2016,1948.6403581495604,400.1409384844967,1548.4994196650637,60.18902337920743,114.82341236942463,13.596418504393965,800.2818769689934,80.87381860387995
Иркутская область,2017,1911.2199983390085,395.3575284444814,1515.862469894527,58.425379951831246,110.70509093929077,11.170168590648618,748.4428203637572,72.41923428286687
Иркутская область,2018,1871.9197469197468,449.1341991341991,1422.7855477855478,83.37495837495837,122.50249750249749,11.571761571761572,741.6749916749916,60.93906093906094
Иркутская область,2019,1916.5832081455517,469.5376397930229,1447.0455683525288,67.89350692705725,99.81639125354698,10.43231513937573,830.3705558337507,59.67284259722917
Иркутская область,2020,1771.4213709677417,504.956317204301,1266.465053763441,61.86995967741935,100.0084005376344,10.416666666666666,735.0050403225806,42.758736559139784
Иркутская область,2021,1665.5242447321655,478.75941440297873,1186.7648303291867,59.23669290005923,95.03258018109503,9.816366252009816,668.4014555301684,35.96513497503596
Иркутская область,2022,1615.210714895069,414.9462549053062,1200.2644599897628,69.18614570892339,90.17232554171642,10.578399590513564,636.1115850537451,33.356082579764546
Кабардино-Балкарская Республика,2011,961.471509806197,288.84762678426364,672.6238830219334,104.44470233259835,115.70152025066729,12.765463618428688,343.15887199721476,52.570500174074496
Кабардино-Балкарская Республика,2012,1017.1098265895953,292.1387283236994,724.971098265896,107.28323699421965,145.89595375722544,10.057803468208093,349.2485549132948,38.15028901734104
Кабардино-Балкарская Республика,2013,999.3082776112522,266.54369379755593,732.7645838136962,119.09153792944431,126.12404888171547,4.842056721235878,296.1724694489278,34.12497117823381
Кабардино-Балкарская Республика,2014,902.9560036663613,255.27039413382218,647.685609532539,78.59761686526123,140.4674610449129,5.0412465627864345,267.64436296975254,27.268560953253896
Кабардино-Балкарская Республика,2015,984.29140580535,233.35230506545247,750.9391007398975,149.23164484917473,125.44109277177007,4.553215708594195,290.15367103016507,21.627774615822425
Кабардино-Балкарская Республика,2016,867.8583550175359,227.288154768639,640.570200248897,113.13497001923294,123.88279217106009,2.828374250480824,233.1711732096391,17.64905532300034
Кабардино-Балкарская Республика,2017,757.343837929094,186.49409116488465,570.8497467642094,74.16994935284187,112.88688801350591,2.9262802476083283,205.06471581316825,12.492965672481711
Кабардино-Балкарская Республика,2018,742.0692747449837,193.9244479318462,548.1448268131376,78.1302544557785,117.25142921197175,2.8023764152000896,195.04539849792624,13.003026566528417
Кабардино-Балкарская Республика,2019,834.7448183641632,243.70403387564073,591.0407844885224,74.4372632048139,135.7254290171607,3.788722977490528,205.81680410073545,11.589034989971028
Кабардино-Балкарская Республика,2020,824.2282922496113,237.61936486786587,586.6089273817455,72.95136575616256,127.47057517210747,2.2207417277370642,189.3182322895847,9.771263602043081
Кабардино-Балкарская Республика,2021,835.67400199049,239.6328651996019,596.041136790888,69.77772862987946,139.0025434037377,2.7645692801061594,176.9324339267942,6.524383501050536
Кабардино-Балкарская Республика,2022,820.9897044171372,229.15974759216206,591.8299568249752,69.41215543008967,135.50315509797412,2.8783349939112144,147.90213661020704,3.542566146352264
Калининградская область,2011,1604.2238648363252,384.68848996832105,1219.535374868004,104.22386483632525,122.06969376979937,6.9693769799366425,809.9260823653642,103.59028511087645
Калининградская область,2012,1574.4792211870617,381.86956976865906,1192.6096514184026,99.23584214382916,127.91793153983042,5.966712027635298,774.8351303255522,93.89720506647127
Калининградская область,2013,1506.3278008298755,374.37759336099583,1131.9502074688796,82.4688796680498,132.05394190871368,6.224066390041494,757.8838174273859,78.63070539419087
Калининградская область,2014,1605.298422843006,385.3211009174312,1219.9773219255746,80.19791774043912,146.37666219977322,6.184929388722812,812.2873930522626,74.21915266467374
Калининградская область,2015,1687.6661894047863,342.91266107588467,1344.7535283289017,82.42994477398241,138.8832071998364,5.6248721619963185,856.3100838617304,75.68009817958684
Калининградская область,2016,1338.5970239902824,261.1600364409353,1077.4369875493471,76.32351452576171,83.81415122988157,5.972264399230691,611.1954651280495,59.31774471100314
Калининградская область,2017,1729.1520321123933,274.2599096838936,1454.8921224284998,72.75464124435524,84.89713998996487,5.920722528850978,839.6387355745109,54.59106874059208
Калининградская область,2018,1367.247386759582,266.99850671976105,1100.2488800398207,60.52762568442011,80.63713290194127,3.782976605276257,611.9462419113987,48.38227974116476
Калининградская область,2019,1468.629961587708,326.5044814340589,1142.1254801536493,54.663646212941984,90.71210479661185,4.530680587018615,657.441150398897,38.7077711021373
Калининградская область,2020,1328.6021926389976,331.2451057165231,997.3570869224747,48.5512920908379,88.3907595927956,4.698512137823022,580.4620203602193,32.40015661707126
Калининградская область,2021,1287.0029097963143,302.81280310378276,984.1901066925315,63.91852570320078,70.22308438409311,3.394762366634336,541.9980601357904,22.696411251212414
Калининградская область,2022,1224.9346120313862,279.1824082146663,945.75220381672,53.472827666376055,71.29710355516808,2.9061319383900033,518.7445510026156,21.311634214860025
Калужская область,2011,1488.0647070428092,423.6535805878872,1064.411126454922,188.99191161964885,89.76129414085618,9.863878477017165,635.628329058986,69.34306569343066
Калужская область,2012,1454.0179010524246,403.9539687223369,1050.0639323300875,146.45421461591422,89.80033441526507,9.245598504967049,612.7667945313268,65.21097668928887
Калужская область,2013,1540.50347732393,386.32579096875304,1154.1776863551768,125.47751983543931,105.1033401900284,8.521892447840141,690.9589577823489,66.6078949946126
Калужская область,2014,1628.5243677938188,399.18612537544817,1229.3382424183706,87.58841197558377,129.83238058327683,7.751186900494139,688.4022866001357,64.5286309466137
Калужская область,2015,1756.7984570877531,398.45708775313403,1358.3413693346192,70.20250723240116,123.33654773384764,7.907425265188042,815.2362584378013,58.919961427193826
Калужская область,2016,1546.018713003628,325.3771243078098,1220.6415886958182,60.91273629940805,94.04239068168798,6.683215581439756,665.1708993698682,43.63185029597097
Калужская область,2017,1679.0099952403618,343.2651118514993,1335.7448833888623,81.58019990480724,111.85149928605426,6.473108043788672,610.6615897191814,43.12232270347454
Калужская область,2018,1608.22099867097,356.27491930890443,1251.9460793620656,78.12796658439338,126.25783178279855,6.075564837668502,564.5528764002278,42.2441617619138
Калужская область,2019,1482.1326743965026,404.86599505797375,1077.2666793385288,69.37844516251663,128.777798897548,4.656909332826459,573.2750427675347,34.11898878540202
Калужская область,2020,1629.6401515151515,453.5037878787879,1176.1363636363637,65.24621212121212,127.08333333333333,5.3977272727272725,628.8825757575758,41.003787878787875
Калужская область,2021,1487.0958725426256,423.4603559116743,1063.6355166309513,67.64185223143576,129.69346874126526,4.9380415540855305,525.2958166402683,31.67800242243548
Калужская область,2022,1368.5684937902697,400.5042487627229,968.0642450275469,62.19068073582967,110.84134839854327,4.295452423195443,491.6425436548697,26.332990942198148
Камчатский край,2011,1676.0917373546968,352.497643732328,1323.5940936223687,152.37197612315424,144.51775054979578,10.995915802701854,680.8042726987119,67.86050895381716
Камчатский край,2012,1682.1338383838383,342.80303030303025,1339.3308080808079,144.57070707070707,139.83585858585857,8.207070707070708,723.1691919191919,68.18181818181817
Камчатский край,2013,1623.6080178173718,355.3929366846961,1268.2150811326758,100.85905186127904,155.90200445434297,10.499522748965957,647.152402163538,57.27012408526885
Камчатский край,2014,1606.8431245965137,371.85280826339573,1234.990316333118,99.74176888315041,187.54034861200773,10.329244673983215,614.9128469980633,45.836023240800515
Камчатский край,2015,1866.3624511082137,416.883963494133,1449.4784876140807,93.54628422425031,215.12385919165578,13.363754889178617,710.2346805736636,49.869621903520205
Камчатский край,2016,1930.148270181219,396.0461285008237,1534.1021416803956,92.9159802306425,189.45634266886327,11.202635914332784,771.0049423393739,46.12850082372323
Камчатский край,2017,2028.0991735537189,358.6776859504132,1669.4214876033059,90.24793388429751,184.13223140495867,9.256198347107437,718.6776859504132,31.40495867768595
Камчатский край,2018,1993.3311103701235,387.46248749583197,1605.8686228742913,99.0330110036679,154.3847949316439,10.670223407802602,648.216072024008,37.67922640880293
Камчатский край,2019,1949.3927125506075,328.2726045883941,1621.1201079622133,84.00809716599191,178.47503373819166,8.434547908232119,580.6342780026991,30.701754385964914
Камчатский край,2020,2006.1370610296624,474.9403341288783,1531.1967269007841,81.82748039549949,160.24548244118648,12.274122059324922,565.6324582338902,27.275826798499832
Камчатский край,2021,2019.4805194805194,553.6568694463431,1465.8236500341764,105.9466848940533,161.65413533834584,10.936431989063568,639.4395078605604,21.189336978810662
Камчатский край,2022,1887.7727745064083,498.0949082092137,1389.6778662971944,89.01974367855907,140.63041219258747,7.96674748874264,502.2514721163838,21.82196051264288
Карачаево-Черкесская Республика,2011,834.0353833192924,241.99663016006738,592.0387531592249,174.81044650379107,97.30412805391744,12.426284751474306,230.83403538331928,38.96377422072451
Карачаево-Черкесская Республика,2012,778.9540546262967,203.04890959136142,575.9051450349353,172.34808384501378,104.17107770484861,11.433410967605335,210.45945373703154,24.98412026254499
Карачаево-Черкесская Республика,2013,766.2061636556855,214.24017003188095,551.9659936238045,149.62805526036132,113.28374070138152,12.75239107332625,194.0488841657811,18.06588735387885
Карачаево-Черкесская Республика,2014,727.8723404255319,210.85106382978722,517.0212765957447,111.91489361702128,117.65957446808511,10.638297872340425,173.82978723404256,17.23404255319149
Карачаево-Черкесская Республика,2015,862.4946785866326,222.22222222222223,640.2724563644103,119.4125159642401,129.416773094934,8.72711792252022,216.04938271604937,15.112813963388675
Карачаево-Черкесская Республика,2016,749.8401875133177,189.85723417856383,559.9829533347539,86.08565949286171,136.58640528446622,5.540166204986149,188.57873428510547,14.702748774770935
Карачаево-Черкесская Республика,2017,862.5239412640989,215.79059374334966,646.7333475207491,111.51308789104067,170.24898914662697,6.3843370929985115,161.09810597999575,13.619919131730157
Карачаево-Черкесская Республика,2018,865.2904873377315,181.95360715045757,683.3368801872739,104.91593956160885,131.73015535220262,6.3843370929985115,176.63332623962546,18.088955096829114
Карачаево-Черкесская Республика,2019,967.8996598639455,256.80272108843536,711.0969387755102,97.3639455782313,137.96768707482994,4.039115646258503,197.70408163265307,14.45578231292517
Карачаево-Черкесская Республика,2020,992.3453115032958,287.4760790984478,704.8692324048479,93.55730384860726,168.40314692749308,4.465234956410802,196.68296831809482,14.458856049330215
Карачаево-Черкесская Республика,2021,926.2417395011723,221.70112982306543,704.540609678107,85.90918780643786,96.56789597100831,4.9030057557024085,214.0268599445747,13.643146450650182
Карачаево-Черкесская Республика,2022,947.0538001707941,263.23654995730146,683.8172502134928,83.04867634500427,125.533731853117,2.9888983774551665,208.79590093936807,8.9666951323655
Кемеровская область,2011,2450.0490962650474,624.6499618140161,1825.3991344510312,81.02702112957778,209.07735389315198,18.220169473033422,1090.482598101611,240.17165508964618
Кемеровская область,2012,2391.431282388147,583.7895044157361,1807.641777972411,109.37157871688198,206.40829136559375,14.816436756441137,1040.9094226698783,196.3725275527334
Кемеровская область,2013,2314.2668814999265,507.5069576680826,1806.759923831844,68.62457887798446,203.8596748205654,13.1097114398711,953.0906694009082,157.24329866705727
Кемеровская область,2014,2278.7927802080653,480.97636290115054,1797.8164173069147,50.25181046208138,210.89585707458735,14.851303165092084,914.0168363783406,132.44862698967023
Кемеровская область,2015,2311.5159113536633,456.6540064161658,1854.8619049374977,56.49175854566909,199.63862974298462,12.647958995538183,955.4187101294294,115.97035288911832
Кемеровская область,2016,2161.880088823094,432.0873427091044,1729.7927461139896,51.18430792005921,204.36713545521835,11.028867505551442,848.7786824574389,93.37527757216877
Кемеровская область,2017,2123.483438779308,391.4774841831038,1732.005954596204,38.928172683289915,190.21213248976554,11.239300334946037,777.186453293636,88.35132117603276
Кемеровская область,2018,1991.8583273927886,385.7351892845083,1606.1231381082805,40.18309383559074,183.05631636213556,7.954076464187895,725.2842081566803,63.144861741642586
Кемеровская область,2019,2030.7436643124224,427.0876609887828,1603.6560033236394,43.584998300411684,168.67469879518075,7.0249650640178265,771.4242550137856,52.91384975639234
Кемеровская область,2020,1972.6957251267968,486.09998855966137,1486.5957365671356,40.155588605422714,163.596842466537,8.389581664950615,763.5282004347328,47.43927086908439
Кемеровская область,2021,1946.9521604938273,488.23302469135797,1458.719135802469,52.7391975308642,153.9737654320988,7.638888888888889,781.8287037037037,38.04012345679013
Кемеровская область,2022,1832.840121485866,465.3453780858189,1367.494743400047,46.49170625340706,167.3935051787244,7.670742154037848,742.0761622926565,38.003270773304266
Кировская область,2011,1536.2582405092066,328.2564219140714,1208.0018185951353,116.16276426460558,71.00098507236493,7.122830946427218,634.0077290293248,69.03084034250209
Кировская область,2012,1629.8656429942419,337.42802303262954,1292.4376199616124,120.07677543186182,99.80806142034548,8.214971209213052,622.6487523992322,68.79078694817659
Кировская область,2013,1693.0015552099533,323.8724727838258,1369.1290824261275,112.28615863141525,101.63297045101089,8.631415241057542,581.5707620528772,62.59720062208398
Кировская область,2014,1740.5979543666404,366.40440597954364,1374.1935483870968,78.28481510621558,160.18882769472856,7.474429583005507,549.8033044846577,54.28796223446105
Кировская область,2015,2055.131264916468,417.2633253778838,1637.8679395385839,85.36197295147176,167.5417661097852,7.319013524264122,706.6030230708035,59.665871121718375
Кировская область,2016,1749.0952955367914,327.7040611178126,1421.3912344189787,80.09650180940892,110.41415359871331,7.478890229191798,563.9726578206675,54.684358665058305
Кировская область,2017,1721.8828894861144,329.50566007003823,1392.377229416076,69.06099845264272,113.52716019219807,8.63262480658034,553.5467057577979,63.767407769362315
Кировская область,2018,1682.9530423280423,342.4272486772487,1340.5257936507937,64.98015873015873,111.68981481481481,5.539021164021165,563.5747354497355,55.96891534391535
Кировская область,2019,1602.51572327044,383.3123689727463,1219.2033542976937,58.867924528301884,101.97064989517818,6.708595387840671,561.3417190775682,47.0440251572327
Кировская область,2020,1613.318553888131,479.79195088676676,1133.5266030013645,63.352660300136435,86.37448840381992,5.371759890859481,607.1793997271487,38.4549795361528
Кировская область,2021,1656.2826313957537,477.6366167768883,1178.6460146188651,75.09571876087713,90.06265227984684,3.9157674904281237,599.1994430908458,37.504350852767146
Кировская область,2022,1627.185660311045,476.2323170195941,1150.9533432914507,82.24233371408488,115.19198664440735,5.447675951146649,534.5751691415518,39.18812055179686
Костромская область,2011,1407.4186682882332,390.24019458802064,1017.1784737002127,230.76923076923075,131.3469139556096,8.513225904530252,477.50076010945565,72.21039829735481
Костромская область,2012,1282.5986791583473,317.30916909844876,965.2895100598986,179.3887267700814,126.70864690523729,7.372139456304715,470.8954077714637,46.690216556596525
Костромская область,2013,1187.558175612783,284.0521253490537,903.5060502637295,138.0701210052746,136.67390629847966,6.205398696866273,399.78281104560966,42.50698107353397
Костромская область,2014,1252.7007984969468,303.89854391733206,948.8022545796147,109.12791607953656,158.29027712541097,6.106153123532175,432.4408955691248,43.995616095193355
Костромская область,2015,1474.2006964229188,304.210193099082,1169.9905033238367,90.37670148781261,160.96866096866097,6.331117442228554,568.6926242481799,46.37543526432415
Костромская область,2016,1405.6044835868695,300.8807045636509,1104.7237790232186,92.55404323458767,143.15452361889513,4.643714971977582,467.7341873498799,35.38831064851882
Костромская область,2017,1437.87558876076,268.15007308754264,1169.7255156732174,73.89962644144875,136.75491310703262,4.7100860808835465,507.3899626441448,43.36527529641059
Костромская область,2018,1315.6678223543008,285.2897473997028,1030.3780749545979,71.3224368499257,120.19151395080073,3.6321611358758457,469.0440812283308,32.854548456331514
Костромская область,2019,1380.769230769231,348.82943143812713,1031.9397993311038,66.38795986622074,114.71571906354514,5.183946488294314,474.24749163879596,36.12040133779264
Костромская область,2020,1546.8431771894093,511.8805159538357,1034.9626612355737,76.03530210454853,170.23082145281737,5.091649694501018,528.3435166327223,31.73794976238968
Костромская область,2021,1544.463667820069,438.2352941176471,1106.2283737024222,83.21799307958477,136.67820069204154,4.844290657439446,474.74048442906576,24.74048442906574
Костромская область,2022,1431.7188319636302,419.1292183948243,1012.5896135688057,70.99143206854346,117.328204231509,6.2948067844028675,404.61619164189545,23.08095820947718
Краснодарский край,2011,1252.5673940949937,277.20305066827757,975.3643434267161,103.62078078985124,158.51770746809635,6.2863399531828135,512.969115759269,48.70497621384883
Краснодарский край,2012,1231.47439368197,263.7926849760087,967.6817087059615,91.67117865611172,156.73717817068388,6.758649017008644,495.7525064879296,44.24861373013946
Краснодарский край,2013,1178.326046221112,232.61197045963922,945.7140757614727,67.29250101039793,151.7985082852629,6.448175772495132,479.44299518683175,35.97016570525774
Краснодарский край,2014,1252.4792037487741,242.68952740746124,1009.7896763413127,66.14842529695957,142.7767081986269,5.575938101638273,528.3155944640197,36.28900432271423
Краснодарский край,2015,1345.0006272738678,245.85551194508665,1099.1451153287812,70.72064806351597,139.1293438715343,5.555854257397351,602.648887933043,35.37824614226571
Краснодарский край,2016,1265.601217656012,237.42522388588014,1028.175993770132,78.95295741743655,133.8713673852253,4.955576793741814,527.7335315564051,29.361792502920252
Краснодарский край,2017,1187.9070910655032,227.1985112098176,960.7085798556858,71.94648782457558,133.99111641707194,4.845590688038765,482.64541161186116,26.70341824821363
Краснодарский край,2018,1183.913239945775,243.28270012861068,940.6305398171645,70.3535055094025,124.61329903715807,4.29281518300949,487.1389342695263,25.270256178525504
Краснодарский край,2019,1235.5326970538997,254.58656219257517,980.9461348613244,65.46314354256916,111.83790407483474,3.710671200013807,499.69796862325467,24.490429920091124
Краснодарский край,2020,1264.1687873994083,272.680376917257,991.4884104821514,61.472590962239494,109.10310200151316,3.439026067817594,466.7102276635257,20.238668409106538
Краснодарский край,2021,1340.5864197530864,337.84293552812073,1002.7434842249656,85.11659807956104,122.20507544581618,3.772290809327846,495.5246913580247,17.62688614540466
Краснодарский край,2022,1325.3312254051175,338.4943206227553,986.8369047823622,77.84441427663121,120.46122385853968,3.557128864296393,491.3133882082037,16.599934700049836
Красноярский край,2011,2222.1556886227545,470.3064459316661,1751.8492426910886,86.26276858048608,207.2208524128214,13.103205353997888,1018.950334624868,133.39203945051074
Красноярский край,2012,2057.2742915335184,462.197562945535,1595.0767285879833,92.95220704428135,205.74498718263862,13.23875408224181,935.9834252203534,116.23415387856868
Красноярский край,2013,2060.8820541563036,462.5704977755982,1598.3115563807055,85.613199285389,219.8479700143623,11.454793848740675,929.2394997723054,98.92458051634148
Красноярский край,2014,1969.6990878272113,466.9905287806242,1502.7085590465872,58.19033306538985,244.92363610946072,11.183727676231083,851.7107608429734,81.81595778142801
Красноярский край,2015,2170.3313935254555,468.9340349165418,1701.397358608914,66.83625466076593,222.56681883123673,11.011604000418163,978.6737289612155,77.08122800292713
Красноярский край,2016,1988.3300916921366,407.02278410669635,1581.3073075854404,57.93275909974993,190.99055293136985,11.739372047791054,856.5226451792165,66.09474854126147
Красноярский край,2017,1773.1690385282889,347.6917736896911,1425.4772648385976,57.2717806317251,151.61402290871223,9.996528982992018,746.5463380770566,55.57098229781325
Красноярский край,2018,1594.2622950819673,339.15671019727705,1255.1055848846902,54.94581828285635,141.01139205334817,9.516532370102807,668.5537649347041,44.45679355376494
Красноярский край,2019,1620.0689391037915,369.13756484802065,1250.931374255771,51.286515093485605,133.1081786845862,8.077713171546952,687.9635110198113,35.583719229831836
Красноярский край,2020,1682.2247065399665,477.0821688093907,1205.1425377305757,51.60005589714925,134.2230296254891,8.314700950251536,706.6447736165455,31.197596422582446
Красноярский край,2021,1646.3730569948186,468.49180787004616,1177.8812491247725,62.49124772440834,152.56966811370955,8.29715726088783,614.0596555104328,26.606917798627645
Красноярский край,2022,1601.1597258829731,424.8462484624846,1176.3134774204884,68.03725180108944,143.66543665436654,7.731505886487436,596.3451063082059,26.56826568265683
Курганская область,2011,2416.592028660994,458.9117778772951,1957.6802507836992,165.69637259292432,192.34214061800267,16.793551276309895,835.7590685176891,81.39274518584863
Курганская область,2012,2279.981811981357,410.7081959759008,1869.2736160054562,130.4990337615096,181.7665113106741,17.051267477549164,759.8044787995907,73.54780038649538
Курганская область,2013,2215.8986175115206,400.6912442396313,1815.2073732718893,139.51612903225808,192.05069124423963,14.861751152073733,698.0414746543778,63.24884792626728
Курганская область,2014,2381.3687769616413,446.77626209630404,1934.5925148653375,81.9633904628658,208.81427072402937,16.322723563017373,746.8811938906377,57.1295324705608
Курганская область,2015,2629.782711384034,460.08502598016065,2169.6976854038735,66.3675011809164,202.1728861596599,16.06046291922532,858.8804912612188,54.67642890883325
Курганская область,2016,2314.952153110048,385.5263157894737,1929.4258373205744,87.08133971291866,175.35885167464116,11.363636363636363,693.1818181818181,52.87081339712919
Курганская область,2017,2168.122270742358,418.36487142164,1749.7573993207184,82.96943231441048,198.68995633187774,12.615235322658904,684.3765162542455,48.5201358563804
Курганская область,2018,2154.2257865515116,450.0925354719309,1704.1332510795805,80.81431215299199,207.0326958667489,11.597779148673657,692.9056138186305,45.8975940777298
Курганская область,2019,2137.625,499.875,1637.7500000000002,83.375,201.125,12.25,703.0,32.375
Курганская область,2020,1985.7940131912735,527.5240994419077,1458.269913749366,97.91983764586504,211.94824961948248,9.132420091324201,584.728564180619,30.441400304414003
Курганская область,2021,1911.8218308947303,479.73585394276836,1432.0859769519618,82.22193448141914,175.70892140359965,9.4522853813285,570.6331736371877,25.637705554836206
Курганская область,2022,1766.8067226890755,440.51995798319325,1326.2867647058822,94.40651260504201,178.17752100840337,9.453781512605042,506.827731092437,23.76575630252101
Курская область,2011,1507.9393398751115,285.7270294380018,1222.2123104371096,139.2506690454951,88.58162355040142,6.868867082961641,741.4808206958073,57.27029438001784
Курская область,2012,1349.579681631193,254.15846896798425,1095.4212126632087,109.37220532999463,88.71400465033088,6.260060812019316,633.6075836165265,44.714720085852264
Курская область,2013,1181.8670008055133,212.11849995524926,969.7485008502641,71.33267698917032,90.66499597243354,5.996598943882574,504.9673319609774,35.26358184910051
Курская область,2014,1188.0380200860832,213.59397417503584,974.4440459110473,58.375179340028694,104.55523672883787,6.007890961262554,482.1556671449067,36.58536585365854
Курская область,2015,1272.841163310962,223.71364653243847,1049.1275167785234,58.25503355704698,99.68680089485458,6.174496644295302,515.0782997762864,31.946308724832218
Курская область,2016,1088.392857142857,193.48214285714283,894.9107142857142,56.785714285714285,87.58928571428571,4.732142857142857,390.7142857142857,26.785714285714285
Курская область,2017,1067.0983989926247,194.18960244648318,872.9087965461414,57.29447742399712,92.55261737722613,3.507825148407987,368.32164058283865,22.486058643640945
Курская область,2018,1106.7802755620014,209.2095721537346,897.5707034082669,57.46918056562726,92.36765772298767,3.535170413343002,368.56417693981143,21.845540246555476
Курская область,2019,1200.7093488541288,290.1964350672972,910.5129137868315,62.56820662058931,98.39941797017097,2.9101491451436887,458.348490360131,22.008002910149145
Курская область,2020,1273.6350311469403,317.0575302308538,956.5775009160866,54.415536826676444,80.70721876145109,3.6643459142543056,474.34957860021984,18.413338219127887
Курская область,2021,1255.6112038582824,322.8529029864589,932.7583008718234,73.27026525690967,67.24169912817659,5.379335930254127,473.19606751994064,17.529215358931552
Курская область,2022,1260.356138706654,341.6119962511715,918.7441424554827,84.34864104967198,80.13120899718838,8.341143392689784,414.058106841612,16.026241799437678
Ленинградская область,2011,1415.4137495696086,501.43463789739474,913.979111672214,150.29266613106853,120.16527028577988,13.198668656031218,626.5350625502124,69.55124526569494
Ленинградская область,2012,1172.5756290641787,417.3593440769014,755.2162849872774,78.93695221939497,126.039016115352,11.309018942606729,506.0220525869381,52.5869380831213
Ленинградская область,2013,1125.5099189717798,368.5386979603241,756.9712210114557,73.48421346744901,110.98072087175188,9.052808046940486,471.47247834590667,44.36993573623917
Ленинградская область,2014,1077.952233524989,349.51348960636886,728.43874391862,53.95842547545334,107.47456877487838,9.951348960636887,460.4710305174701,39.36311366651924
Ленинградская область,2015,1115.7351487866476,351.92708905237726,763.8080597342703,46.33798177226309,115.51553749862742,8.784451520808169,491.2155484791918,38.596683869550894
Ленинградская область,2016,952.0060806775613,315.00081437645906,637.0052663011021,45.822248764862366,88.38699169336012,9.338183397578586,416.52641294315646,35.452521852434984
Ленинградская область,2017,983.7020412525382,316.39414342203696,667.3078978305012,54.93213636849418,90.52046596131238,7.5344661750561075,404.67030030992834,34.73335470770546
Ленинградская область,2018,1132.8455709432976,383.381238568069,749.4643323752287,64.07107394826235,121.45283511889208,7.943558923438725,475.7773713091194,34.544029265743404
Ленинградская область,2019,1246.2453226715875,435.44005330872926,810.8052693628581,61.66384745502076,103.69573017581628,7.278691885796299,599.2106207391461,31.83146240196832
Ленинградская область,2020,1387.0935113538665,512.3653466848733,874.7281646689931,83.64942092752744,96.44464674050474,6.675769989379457,659.3334344813635,30.49613108784707
Ленинградская область,2021,1350.5483549351943,423.5294117647059,927.0189431704886,44.815553339980056,89.98005982053839,7.028913260219342,619.1924227318045,28.913260219341975
Ленинградская область,2022,1411.6513489475246,391.59007807095566,1020.0612708765689,36.76252594129855,79.75096353394603,4.891787726059888,628.619428797312,31.327206245676454
Липецкая область,2011,1316.3256570499102,256.1424535570585,1060.1832034928516,123.10589846759696,84.32497217703965,9.759438404246213,612.8756099649003,78.76038010444312
Липецкая область,2012,1155.7651093013287,237.63394770681526,918.1311615945136,95.49935705100728,100.81440205743677,8.48692670381483,509.3870552936134,60.437205315045006
Липецкая область,2013,1138.3243289597806,221.164565646171,917.1597633136095,82.92599262498929,113.19783895034732,7.975302289683562,475.8597032844525,54.36926507160621
Липецкая область,2014,1057.6230492196878,203.22414680157777,854.3989024181101,66.45515348996742,120.56251071857314,6.173898130680843,426.2562167724233,40.98782370090893
Липецкая область,2015,1234.4473007712081,218.76606683804627,1015.6812339331619,60.582690659811476,129.47729220222794,4.884318766066838,523.4790059982862,44.2159383033419
Липецкая область,2016,1057.631466438649,183.58272766139376,874.0487387772552,53.01410859341599,110.81658828559213,5.2159042325780245,397.2637879435656,37.19538264215477
Липецкая область,2017,1088.5229027277405,172.24223709041001,916.2806656373306,49.15079773546063,115.19986275518957,3.8600102933607827,373.13432835820896,44.51878538342769
Липецкая область,2018,1062.3063683304647,192.25473321858863,870.0516351118761,46.901893287435456,130.29259896729778,3.9586919104991396,374.52667814113596,39.672977624784856
Липецкая область,2019,1050.3578511684057,244.37354488229715,805.9843062861084,46.30507889971544,109.42485125463482,4.139001465896353,380.96059325687673,33.112011727170824
Липецкая область,2020,1150.1825134712326,308.01321049887014,842.1693029723624,47.366591343646796,131.67043281766036,4.345558838866678,407.0919520250304,32.24404658439076
Липецкая область,2021,1148.668834021615,297.2498023020824,851.4190317195327,55.267551181794225,116.68570424391531,3.3388981636060104,405.8518583604253,28.99569457868377
Липецкая область,2022,1237.6809020687206,300.80795525170913,936.8729468170114,80.08523483974075,107.60898517268933,3.9065968214507683,448.3707715528722,26.10316967060286
Магаданская область,2011,2086.843810758263,543.097861309138,1543.745949449125,184.05703175631885,285.15878159429684,20.738820479585222,748.5418016850291,99.15748541801685
Магаданская область,2012,2127.6315789473683,604.6052631578948,1523.0263157894735,93.42105263157895,309.8684210526316,16.447368421052634,746.0526315789474,83.55263157894737
Магаданская область,2013,2328.4379172229637,568.758344459279,1759.679572763685,118.82510013351133,336.4485981308411,20.026702269692922,807.0761014686248,70.76101468624833
Магаданская область,2014,2089.55223880597,598.371777476255,1491.180461329715,113.29715061058346,394.1655359565807,18.99592944369064,744.2333785617367,45.45454545454545
Магаданская область,2015,2274.2268041237116,572.5085910652921,1701.7182130584192,127.14776632302404,355.3264604810996,23.367697594501717,693.4707903780069,56.3573883161512
Магаданская область,2016,2065.0069156293225,457.81466113416326,1607.192254495159,134.16320885200554,251.03734439834025,24.20470262793914,616.1825726141079,53.250345781466116
Магаданская область,2017,1939.1182645206438,429.67109867039886,1509.447165850245,156.05318404478658,244.22673198040584,22.39328201539538,503.149055283415,51.08467459762072
Магаданская область,2018,2109.363831308077,470.33595425303787,1639.0278770550392,158.6847748391708,250.89349535382416,17.155110793423873,553.9671193709793,54.32451751250893
Магаданская область,2019,2081.5295815295817,581.5295815295816,1500.0,108.22510822510823,238.81673881673882,24.53102453102453,563.4920634920635,38.23953823953824
Магаданская область,2020,1929.3517844136925,635.1056081573197,1294.2461762563728,150.0364166059723,223.59796067006553,13.838310269482884,568.8273852876911,29.133284777858705
Магаданская область,2021,1885.2097130242826,616.6298749080206,1268.579838116262,106.69610007358352,231.78807947019865,8.094186902133922,466.5194996320824,21.3392200147167
Магаданская область,2022,1776.6195085629186,579.3000744601637,1197.319434102755,97.5428145941921,188.38421444527177,10.424422933730455,445.2717795979151,23.082650781831717
Москва,2011,1487.9806662267433,408.26313128283357,1079.7175349439096,80.9087559025427,92.42674848097903,4.207838062509105,816.9890390531937,130.1344622794313
Москва,2012,1521.0768386851767,427.57922275201486,1093.4976159331618,80.0455715431031,102.6878771256171,3.772311067977552,862.154521287818,136.35174479935864
Москва,2013,1453.8400186102158,431.41637034329204,1022.4236482669237,85.42421321989964,133.1793559536074,3.5143398358313114,748.7870127280582,112.96567079857765
Москва,2014,1501.0260030205527,438.8994681200341,1062.1265349005187,70.60542386236784,171.1044717315648,3.11084115831637,768.8045833606933,92.2992317289382
Москва,2015,1577.956663352973,426.9573018451616,1150.9993615078115,74.34797016059291,159.27551342045922,2.8530093995748773,838.2836683396779,88.70192113409145
Москва,2016,1393.391131552379,341.91759747439943,1051.457508693771,74.7183538725341,130.3264370763289,2.8124549286069134,715.3411003028797,67.42680405762728
Москва,2017,1106.6763539873327,313.55329869063223,793.1072607521362,82.36854990286355,147.45786805237472,2.487640768878429,484.5529354161073,42.26620125408684
Москва,2018,1095.6133991284485,337.88598111898466,757.7196223796939,101.31980012005269,133.35983847455114,2.642718492013377,488.7002346484561,37.286497189675465
Москва,2019,1097.4387097770841,354.6027528463071,742.828232895123,96.47320532031576,98.56641898259002,2.201350161432345,506.68901487649265,33.985756878253746
Москва,2020,1129.166217236544,412.3842396412777,716.7665685624913,90.48184045487466,100.75196079942062,1.710402638026411,463.1878207004946,21.634282016117847
Москва,2021,1103.0572181542977,414.0805679556823,688.9689668154682,88.49720709022597,84.27902974237617,2.0591466834676644,472.89686594801424,16.465490084594048
Москва,2022,1054.4710856061415,360.86140321423665,693.602051250744,81.721890691534,78.86021275621556,3.1516612994307165,435.05898872117336,14.583110758382809
Московская область,2011,1571.9728867843783,521.0044590471721,1050.9684277372062,152.6291812195425,139.08637850822095,9.553128925825199,671.2453580352582,94.49590678796747
Московская область,2012,1480.5903459481417,488.9716336063909,991.6187123417508,127.76386162074336,152.33904271884097,8.584388328481483,641.500236950782,83.70455622503555
Московская область,2013,1425.296221923747,477.492453156376,947.803768767371,104.81801135683604,173.57075415242628,6.8885726824208415,618.7613867574504,81.30643509714484
Московская область,2014,1187.8089821687124,402.50185878455056,785.3071233841617,54.00258273221763,170.23857662757786,7.5525351212449285,502.3283722264978,53.324289422537596
Московская область,2015,1142.5222270619283,363.63985754182784,778.8823695201004,49.02764610930333,142.38130620820414,7.238207486740629,502.13943477926665,46.59355863588613
Московская область,2016,1109.2587939698494,318.7562814070352,790.5025125628141,51.14321608040201,105.82914572864321,6.369346733668342,484.40954773869345,42.47487437185929
Московская область,2017,1042.332752247073,279.2799475786012,763.0528046684717,49.812692407551644,98.9206631801491,5.205049268696759,423.29043185836326,40.04549781783564
Московская область,2018,975.3072924257882,262.0001943351309,713.3070980906573,44.79424768012437,96.8031870961473,4.469708011465772,379.64582422387406,35.065345187776316
Московская область,2019,920.2188011322243,258.9783706959357,661.2404304362885,44.870952716502046,99.48763271984618,4.395131913673877,344.0743350571487,29.810459936222816
Московская область,2020,876.4000995626355,247.35388590596074,629.0462136566749,44.577984804845386,103.22511823062975,3.686188054854271,298.79458094797855,26.45521459303773
Московская область,2021,863.701813328963,252.60175830865225,611.1000550203107,47.39941233625605,90.10453859030942,3.8865410954895054,287.0772508574974,22.382730646313057
Московская область,2022,861.9248809897923,257.66728354109193,604.2575974487004,44.19381496095068,84.46523970809035,4.003864194513309,272.71669169081787,18.704098141229323
Мурманская область,2011,2041.6773203784196,426.6172334441319,1615.0600869342877,110.84121708003067,231.27077473791866,6.647916133981078,889.5423165430836,109.946305292764
Мурманская область,2012,1869.3447737909516,452.4180967238689,1416.9266770670824,122.85491419656786,257.9303172126885,7.930317212688507,717.6287051482059,81.77327093083723
Мурманская область,2013,1765.2831189497413,407.7708526720594,1357.512266277682,86.0628563850948,273.3059275958096,8.486938071873757,678.6898289351544,60.60204216947355
Мурманская область,2014,1731.5499395079985,374.51270332033874,1357.0372361876598,71.51498857373304,268.4500604920016,7.259040193574405,650.0873773356634,50.54442801451808
Мурманская область,2015,2527.7210189347497,387.0044953003678,2140.716523634382,68.24683285655905,253.64391772238113,5.312627707396812,1053.6711619670343,48.90341915270399
Мурманская область,2016,2079.9613313078303,366.24775583482943,1713.7135754730011,70.01795332136444,228.4214887446485,7.1813285457809695,732.6336141416931,45.711918243336555
Мурманская область,2017,1787.183433608507,293.6896599972016,1493.4937736113052,62.54372463970896,189.45011893102,6.296348118091506,587.6591576885406,40.29662795578564
Мурманская область,2018,1716.6193181818182,340.625,1375.9943181818182,65.76704545454545,184.9431818181818,4.6875,531.25,45.17045454545455
Мурманская область,2019,1750.505634209766,391.5053452759318,1359.000288933834,56.919965327939906,207.74342675527305,5.056342097659636,512.4241548685351,42.762207454492916
Мурманская область,2020,1801.945181255526,517.8308281756557,1284.1143530798704,48.48216917182434,188.7709991158267,4.273504273504273,571.912761567934,34.33539640436192
Мурманская область,2021,1818.4004810583283,538.6349969933855,1279.7654840649427,66.29585087191822,170.62537582681898,4.509921828021647,597.2639807576669,37.58268190018039
Мурманская область,2022,1833.156216790648,513.5873690602702,1319.568847730378,54.19766206163656,140.57993016547746,5.465310459996963,598.7551237285562,37.04265978442386
Ненецкий автономный округ,2011,1829.3838862559242,350.71090047393363,1478.6729857819903,142.18009478672982,111.37440758293837,14.218009478672986,779.6208530805686,47.393364928909946
Ненецкий автономный округ,2012,1482.2695035460993,245.8628841607565,1236.4066193853428,94.56264775413712,70.92198581560284,9.456264775413713,650.1182033096927,33.096926713947994
Ненецкий автономный округ,2013,1210.9004739336492,270.1421800947867,940.7582938388625,94.78672985781989,130.33175355450237,21.327014218009477,431.2796208530806,40.28436018957346
Ненецкий автономный округ,2014,1548.4633569739954,347.51773049645396,1200.9456264775415,87.47044917257683,144.2080378250591,14.184397163120568,565.0118203309693,28.368794326241137
Ненецкий автономный округ,2015,1976.4705882352941,355.2941176470588,1621.1764705882351,190.58823529411762,122.3529411764706,21.176470588235293,625.8823529411765,25.882352941176475
Ненецкий автономный округ,2016,1803.7825059101656,295.5082742316785,1508.2742316784872,75.6501182033097,122.93144208037825,16.548463356973997,567.3758865248227,26.00472813238771
Ненецкий автономный округ,2017,1854.7619047619048,323.8095238095238,1530.952380952381,111.90476190476191,123.80952380952381,11.904761904761903,542.8571428571429,21.428571428571427
Ненецкий автономный округ,2018,2060.096153846154,372.5961538461538,1687.5,165.8653846153846,88.9423076923077,2.4038461538461537,653.8461538461538,48.07692307692307
Ненецкий автономный округ,2019,1812.5,466.3461538461538,1346.1538461538462,151.44230769230768,88.9423076923077,7.211538461538461,507.2115384615384,38.46153846153846
Ненецкий автономный округ,2020,1759.6153846153848,483.1730769230769,1276.4423076923076,153.84615384615384,84.13461538461539,7.211538461538461,480.7692307692308,19.23076923076923
Ненецкий автономный округ,2021,2057.9710144927535,635.2657004830918,1422.7053140096618,480.67632850241546,82.1256038647343,14.492753623188406,463.768115942029,2.4154589371980677
Ненецкий автономный округ,2022,1657.0048309178744,444.44444444444446,1212.56038647343,164.2512077294686,62.80193236714976,7.246376811594203,408.21256038647346,9.66183574879227
Нижегородская область,2011,1992.1666261841146,510.6266699052709,1481.5399562788439,229.93077483604569,118.32037891668692,7.985183385960651,921.3322807869808,163.65071654117077
Нижегородская область,2012,1681.469298245614,442.5560428849903,1238.913255360624,237.786306042885,101.79093567251462,7.797270955165693,655.305799220273,102.82651072124757
Нижегородская область,2013,1441.0991563760851,359.3348820149163,1081.7642743611689,151.94400293434404,117.49602640909646,7.458124465093532,525.8589069568407,75.68162367037536
Нижегородская область,2014,1183.911575069082,292.5084433527786,891.4031317163033,59.1955787534541,147.3748848633712,7.491556647221369,465.91955787534545,51.489100399140305
Нижегородская область,2015,1269.2888628587282,281.92719090040384,987.3616719583243,51.7554945901791,123.67066366634813,11.25119447612589,544.5578126444931,49.320304552880614
Нижегородская область,2016,1246.3373083475299,274.86448815239277,971.472820195137,53.27551494502091,117.08223633266223,6.783335914511383,517.4229518352175,48.97010995818491
Нижегородская область,2017,1311.3463035019456,272.71595330739297,1038.6303501945524,47.8443579766537,128.715953307393,8.653696498054476,540.0466926070039,49.86770428015564
Нижегородская область,2018,1305.634818600859,271.1423285566461,1034.4924900442131,67.26035558621555,117.71346147815997,6.741713963187106,508.23116239691456,41.86134019002227
Нижегородская область,2019,1355.5856593787412,323.6721063575074,1031.9135530212338,79.57910654653142,113.03635561716338,5.702224182471174,517.6107365635436,36.166593157330986
Нижегородская область,2020,1346.3825727460646,368.3892510733026,977.993321672762,84.17872475751312,126.15678168230244,5.692478931467642,485.32358085546196,32.21497853394816
Нижегородская область,2021,1303.6765415420246,317.4434687510052,986.2330727910193,83.27704332722185,105.02106854514459,5.017851973366786,463.57232461642377,25.764739940171765
Нижегородская область,2022,1278.6034135894606,337.8220520475047,940.781361541956,82.15977675384515,123.49925368291257,5.224219611915115,441.2356415082095,23.49276396910896
Новгородская область,2011,1778.9256198347107,552.2886204704387,1226.636999364272,251.43038779402414,115.54354736172918,12.873490146217417,741.8944691671963,89.31977113795296
Новгородская область,2012,2027.364378300528,494.79916786685874,1532.5652104336693,147.22355576892303,139.22227556409027,12.00192030724916,894.8631781084973,77.77244359097456
Новгородская область,2013,1906.2801932367151,390.0161030595813,1516.2640901771335,113.20450885668276,113.52657004830917,12.077294685990339,873.2689210950081,68.92109500805152
Новгородская область,2014,2078.1325984762525,478.8458421137948,1599.2867563624575,110.06646133895283,138.4341060139407,10.536553736424056,903.7121089317556,59.815205057545796
Новгородская область,2015,2129.7262059973923,425.5215123859191,1704.2046936114734,80.01955671447196,126.6297262059974,9.452411994784876,964.960886571056,69.10039113428944
Новгородская область,2016,1964.918032786885,406.39344262295083,1558.5245901639346,69.01639344262294,106.72131147540983,11.311475409836065,869.5081967213115,68.0327868852459
Новгородская область,2017,1839.158522444923,329.79956932251116,1509.3589531224118,75.03727016730164,97.73066092430014,6.957097896306112,754.182540997184,58.307106178565505
Новгородская область,2018,1823.6180904522612,414.57286432160805,1409.0452261306532,79.06197654941374,116.08040201005025,7.705192629815745,755.4438860971525,62.47906197654941
Новгородская область,2019,1840.249662618084,484.14304993252364,1356.10661268556,81.64642375168691,152.83400809716602,6.747638326585695,753.3738191632929,66.63292847503375
Новгородская область,2020,1923.8483766785655,607.0032296447391,1316.8451470338264,62.8930817610063,211.62672106068334,8.839027706952237,782.0839707632161,49.97450280469149
Новгородская область,2021,1827.7166437414028,544.5323246217331,1283.18431911967,93.707015130674,133.42503438789547,7.7372764786795045,742.4346629986244,37.65474552957359
Новгородская область,2022,1843.2019447820803,543.3234936620942,1299.8784511199863,71.88748046535858,151.5888175030387,6.077444000694565,744.2264281993401,43.75759680500087
Новосибирская область,2011,2103.225086485883,587.508834579474,1515.716251906409,181.22977346278316,231.14979726964995,11.085072350556114,944.0538630361194,139.4561618866942
Новосибирская область,2012,1891.7603686635946,520.036866359447,1371.7235023041476,128.8110599078341,215.1152073732719,9.917050691244238,859.9815668202766,119.2995391705069
Новосибирская область,2013,1803.4578551063673,492.0315812559397,1311.4262738504276,85.49601579062796,214.45281087798813,9.247752028657064,850.0621390452517,102.67563418378536
Новосибирская область,2014,1690.7737014166364,448.8557936796222,1241.9179077370143,61.78714130039956,202.68797675263352,8.608790410461314,798.4743915728296,99.67308390846348
Новосибирская область,2015,1923.2129963898917,472.52707581227435,1450.6859205776173,79.78339350180505,189.27797833935017,8.231046931407942,949.9277978339351,90.43321299638988
Новосибирская область,2016,1620.7465308903152,348.45279500878485,1272.2937358815302,74.76065832407042,97.06335831331349,8.999964143569148,788.949048011761,67.19495141453619
Новосибирская область,2017,1584.0625781333715,329.1066900025003,1254.9558881308712,67.40007857984784,102.97531878415545,7.7508304461192274,736.0788655927421,53.75575954566562
Новосибирская область,2018,1700.121177560767,339.7961365742391,1360.325040986528,75.77161593841328,102.28811747095301,6.344001710742034,775.7145912039347,52.32019388409722
Новосибирская область,2019,1785.328212787142,368.608207097646,1416.720005689496,70.83422231704716,82.85328212787142,4.871630751724629,867.399189246853,49.28525709409004
Новосибирская область,2020,1928.071678446491,468.55143856643105,1459.52023988006,79.38887699007638,79.06760905261655,5.2116798743485395,936.63882344542,47.36917255657885
Новосибирская область,2021,1660.8757819481682,416.1215370866845,1244.7542448614834,79.32082216264521,69.7408400357462,4.754244861483468,845.8981233243968,28.632707774798927
Новосибирская область,2022,1675.3390831335216,402.21164513473855,1273.1274379987833,80.23476362595284,106.0015030598003,4.58075367712844,754.7865297212181,28.021329134309127
Омская область,2011,1513.7149520863966,406.83466004157583,1106.8802920448209,166.75962074735082,170.6636921360848,8.56867616488364,654.8699487907519,80.71794351772043
Омская область,2012,1542.6655830963023,427.11296221048354,1115.5526208858187,153.64689150751727,192.19829337667616,7.415684681023974,659.9451442503048,72.48069890288501
Омская область,2013,1477.7478256446773,389.40033568994454,1088.3474899547327,116.98285946798231,180.00101724225627,8.74828340369259,633.9453740908398,64.03540003051728
Омская область,2014,1474.4384591930075,382.3051123081614,1092.133346884846,100.72161805061491,193.26151031608904,6.555544262628316,603.5166175424332,56.814716942778745
Омская область,2015,1564.2838972271686,368.862884762147,1195.4210124650217,97.22716865937421,176.3927753752226,6.664970745357415,705.9272449758331,50.5723734418723
Омская область,2016,1499.7700679576926,315.41566603648255,1184.35440192121,86.40335189821675,143.01773031526238,6.233713147003219,660.8757856011446,47.00832864953247
Омская область,2017,1465.8599382080329,311.3800205973223,1154.4799176107108,86.76622039134912,155.09783728115346,5.8702368692070035,602.7806385169928,39.44387229660144
Омская область,2018,1399.8232480765232,331.1499272197962,1068.673320856727,86.40049906425453,158.92077354959451,5.562487003535039,539.9251403618216,30.151798710750676
Омская область,2019,1306.3668837991174,329.00819499894936,977.3586888001681,82.3177138054213,150.71443580584156,4.675351964698466,433.54696364782524,24.74259298171885
Омская область,2020,1304.1371598956391,397.31643682445025,906.8207230711889,78.43032852350781,124.64724988019809,4.153133485969864,467.81321548373353,20.126723816623183
Омская область,2021,1286.7944909532812,419.65973534971647,867.1347556035647,85.76829597623549,128.706454226303,4.0507696462327845,475.6683769916284,19.173642992168514
Омская область,2022,1259.429070465586,398.2315375798264,861.1975328857596,85.53026581518478,142.35030838928006,4.20282735658534,440.6964685333771,17.95753506904645
Оренбургская область,2011,1538.522558254834,327.06990580069413,1211.4526524541398,85.8701041150223,158.0565195835399,11.898859692612792,678.6812097174021,85.52305404065443
Оренбургская область,2012,1428.7212263444349,276.67648674289705,1152.044739601538,60.71803065861088,123.88275827632695,12.283417386528187,665.8011684226294,80.44140410445898
Оренбургская область,2013,1364.8526305200683,299.96982194950203,1064.8828085705663,59.04838547429836,139.2214062971532,11.014988431747309,588.4719847097878,74.69067498239613
Оренбургская область,2014,1398.9057196413191,302.29494908556666,1096.6107705557524,43.21394194234763,151.62875525609198,9.270986372156644,590.7594103044734,65.85946603171386
Оренбургская область,2015,1569.009486891768,306.538814648577,1262.470672243191,40.90584514944405,137.81495460573294,8.823829439967357,675.8135264714883,59.420585535040296
Оренбургская область,2016,1397.2701149425286,281.4039408866995,1115.8661740558293,50.08210180623974,137.05870279146143,8.004926108374384,521.0385878489327,40.17857142857143
Оренбургская область,2017,1409.5830095830095,310.74851074851074,1098.8344988344988,58.53405853405853,167.26236726236726,6.837606837606838,490.8572908572909,41.75084175084175
Оренбургская область,2018,1373.2656160008378,321.9540290067543,1051.3115869940834,68.01403214828001,172.83627415047906,6.335410230902141,476.56945389810977,33.40489030839311
Оренбургская область,2019,1411.2937210282344,365.04424778761063,1046.2494732406237,70.95448798988622,178.09734513274336,5.952380952380952,472.60851243152126,30.868099452170245
Оренбургская область,2020,1462.406215080083,417.0701857074443,1045.3360293726387,63.10860426754643,190.60288405257276,4.682594583089449,495.23758846378973,23.62581812376949
Оренбургская область,2021,1346.5351869813558,343.35596508244424,1003.1792218989116,64.55437008298308,136.86819700398752,4.203039120594892,433.5596508244423,17.782088587132233
Оренбургская область,2022,1180.7320516997936,295.0472466601499,885.6848050396436,57.510589768654285,98.0232431845335,4.887585532746823,368.2524166395134,15.26012816335397
Орловская область,2011,1615.3156614163145,327.95492380586506,1287.3607376104494,239.46728134204122,113.84300166474581,9.476245357920348,610.8336534767576,48.405685747214754
Орловская область,2012,1706.7475164494904,362.4048509869694,1344.342665462521,225.64830344471682,96.89072377757708,6.708811766223713,668.300864404593,57.41194684556831
Орловская область,2013,1588.2429444661204,316.55611913122647,1271.686825334894,169.98309272987385,79.5942255169723,8.193523214982443,634.0226297307843,51.50214592274678
Орловская область,2014,1529.7198219429172,275.8575543335952,1253.8622676093219,87.06467661691542,101.46635244828491,7.200837915684735,652.9196124639958,47.39460591777952
Орловская область,2015,1551.6558912785329,304.2617759598892,1247.3941153186436,98.95764612745745,108.98535426837314,5.67357171130756,635.3080881382768,47.10383955666975
Орловская область,2016,1237.443529099123,232.66011161307466,1004.7834174860484,76.80042519266543,73.34573478607493,5.580653733723094,507.8394897688015,36.539994685091685
Орловская область,2017,1188.1294480999059,221.29716664428628,966.8322814556196,64.32120316906136,98.69746206526118,5.505572713844501,425.6747683630992,30.616355579427957
Орловская область,2018,1221.0454854039374,220.2308214528174,1000.8146639511201,68.97488119484046,85.40393754243041,5.159538357094365,447.2505091649695,35.30210454854039
Орловская область,2019,1226.9241303752397,244.8644207066557,982.0597096685839,66.69405642289783,83.8126540673788,6.847439057792386,431.52560942207606,32.182963571624214
Орловская область,2020,1186.5464632454923,260.74895977808603,925.7975034674065,65.46463245492372,85.15950069348128,3.8834951456310676,347.1567267683772,33.14840499306519
Орловская область,2021,1148.0281690140846,281.1267605633803,866.9014084507043,81.26760563380282,77.32394366197182,4.225352112676056,362.9577464788732,23.80281690140845
Орловская область,2022,1177.0669712980152,295.3020134228188,881.7649578751965,83.39283164358132,71.6835641867771,4.283878337855205,393.9740111380837,24.418106525774668
Пензенская область,2011,1088.4962187318208,229.71204188481673,858.784176847004,84.93310063990693,92.85922047702152,4.5811518324607325,437.1727748691099,41.666666666666664
Пензенская область,2012,1005.4912871577098,204.56875091521454,800.9225362424953,72.26533899546054,97.23239127251429,5.491287157709767,375.7504759115537,35.21745497144531
Пензенская область,2013,955.1820728291316,198.28984225269056,756.8922305764412,51.673300899307094,102.75689223057644,5.749668288367979,334.51275246940884,26.315789473684216
Пензенская область,2014,993.485342019544,246.1504293751851,747.334912644359,50.858750370151014,151.76191886289607,4.441812259401836,326.47320106603496,23.17145395321291
Пензенская область,2015,1029.197080291971,202.21957396097125,826.9775063309996,48.71145538507374,106.65872188291377,4.1710114702815435,354.9828690600328,24.877104126322063
Пензенская область,2016,923.2556396612456,182.1929101401484,741.0627295210973,43.31859401933598,96.38012440980289,3.7472832196657424,294.46151540133405,18.51157910514877
Пензенская область,2017,893.2134220072552,157.79927448609433,735.4141475211608,46.02478839177751,80.41112454655381,2.7962515114873034,275.46856106408706,17.60882708585248
Пензенская область,2018,980.7354177815153,205.41243024233623,775.322987539179,52.44247381698647,86.15549269933493,3.05787019341029,332.4669367785338,21.022857579695746
Пензенская область,2019,998.3005021243723,252.99343375820783,745.3070683661646,45.577443028196214,92.15913480108149,2.935496330629587,334.56933178833526,13.673232908458866
Пензенская область,2020,1057.2411635908666,300.43791054113234,756.8032530497342,49.96872067563341,95.0109477635283,3.753518923991242,345.24554269627777,13.293712855802314
Пензенская область,2021,1068.1151375783047,299.26254856870986,768.8525890095948,54.55554674490525,88.89065101895171,3.8854967885179605,362.93711838870826,10.86353183728491
Пензенская область,2022,1064.8163003369166,313.6531365313653,751.1631638055512,63.29215466067705,109.73848868923473,3.8504732873415692,298.4116797689716,8.984437670463661
Пермский край,2011,2221.4867229704028,524.005173856806,1697.4815491135967,101.30868142737579,118.92262040629993,15.103096705470593,995.2065738415888,172.67747089705549
Пермский край,2012,2443.7725803384674,532.9530328959878,1910.8195474424797,122.07644038790644,167.9406731317741,13.880965963110858,1076.1741776003041,156.49362996767445
Пермский край,2013,2155.8041319484078,437.4690864817563,1718.3350454666513,56.766731347258684,162.12000152189628,12.327359890423468,955.8269603926492,109.42434273104287
Пермский край,2014,1977.1134805788272,403.16070068545315,1573.9527798933739,51.29474485910129,187.8141660319878,10.053313023610052,828.4082254379283,77.15156130997715
Пермский край,2015,2221.8788156288156,383.81410256410254,1838.064713064713,71.96275946275946,161.9734432234432,10.683760683760683,935.1343101343101,63.377594627594625
Пермский край,2016,1914.293359837914,342.1384609503421,1572.154898887572,69.38338621506938,147.13865208914714,8.41010742000841,755.8010627317558,51.11051645705111
Пермский край,2017,1689.2566426048227,309.2458915681155,1380.010751036707,67.96191061280908,149.82337582552603,8.946398402703117,642.3360466902166,44.040853939487015
Пермский край,2018,1630.0787888150783,356.32627838714666,1273.7525104279316,79.75436428240383,152.40228642051602,7.801637571450641,606.7124980689016,37.92677274833926
Пермский край,2019,1668.1943527401252,413.8346215093021,1254.3597312308232,80.66959257389212,148.87171320930594,6.758068901231212,608.3038800636967,30.17827319687731
Пермский край,2020,1556.2002587524994,417.4932371505862,1138.7070216019133,64.02164111812444,146.3911867330537,6.743246951817149,545.0660602971734,20.582585172697694
Пермский край,2021,1607.619500217813,414.5182369015089,1193.1012633163043,73.0268108193735,151.24153498871334,6.494792285454041,570.07643261653,20.078412736129263
Пермский край,2022,1635.584436294052,417.9556689523202,1217.6287673417316,73.83192473289746,153.8032211768458,7.1758890129166,580.8882155955987,21.806729389252112
Приморский край,2011,2342.280845822213,583.8636830219667,1758.4171628002462,80.93820570724696,208.42742763292955,16.01313898583453,1125.1796345719563,170.2935742147403
Приморский край,2012,2473.4729583697836,575.5158750578912,1897.9570833118921,69.31508259146813,198.42535892553903,13.173467812483919,1242.4741419235322,158.54474347758966
Приморский край,2013,2714.374417882645,629.9285936044707,2084.4458242781743,71.40639552933872,245.2654455138156,17.799855117458346,1285.9360447066128,141.67442823139814
Приморский край,2014,2537.4545454545455,665.3506493506494,1872.103896103896,46.493506493506494,416.98701298701303,16.987012987012985,1027.844155844156,96.83116883116884
Приморский край,2015,2471.097211363044,546.2079749804535,1924.8892363825905,61.819129528277294,338.4936148032317,12.509773260359655,1000.0,75.37138389366693
Приморский край,2016,2050.5653266331656,460.00837520938023,1590.5569514237857,62.395309882747064,266.0175879396985,10.678391959798994,786.7462311557788,58.3647403685092
Приморский край,2017,1928.838556755333,430.33974190150116,1498.4988148538318,62.0489860416118,296.9186199631288,10.534632604687912,678.2196470898077,50.144851198314456
Приморский край,2018,1740.1791867677464,389.86375443990886,1350.3154323278377,50.098075597731004,259.8208132322536,8.482213857816891,590.6801675237238,40.07846047818481
Приморский край,2019,1655.4827714757416,391.4895883261437,1263.9931831495978,57.676945198913565,225.0093199126591,8.095009852479096,556.2656441391064,34.084252010438306
Приморский край,2020,1740.178667527715,481.32601442255947,1258.8526531051555,53.492627273705736,226.72478742869444,7.96469701862017,611.3981272198903,36.27166074695942
Приморский край,2021,1905.532330745426,527.6073619631902,1377.9249687822357,82.0891470763885,217.92714045279328,7.166512840002172,662.4138118247462,29.263260763342196
Приморский край,2022,1846.2721828470965,509.53244327234773,1336.7397395747487,63.07345750233504,209.10938959397836,8.07647931432339,636.778199000055,30.93236635349706
Псковская область,2011,1698.3769161406674,429.96693718064324,1268.409978960024,98.43703035767959,100.69131349564174,9.768560264502556,891.9446949203486,75.4433423504659
Псковская область,2012,1581.4977973568282,382.34847334042234,1199.149324016406,95.85295457997874,101.62539875436731,9.266291964150085,797.053015342549,66.38310800546864
Псковская область,2013,1425.7440932801474,327.24762196992947,1098.4964713102179,70.57379564283524,104.78674440012274,10.892911936176743,673.8263270942008,56.919300398895366
Псковская область,2014,1377.0746083449667,330.0760043431053,1046.9986040018614,54.288816503800206,98.03009151543353,10.392430587870328,682.9533116178067,44.51682953311617
Псковская область,2015,1713.7488255559035,342.93767616661444,1370.811149389289,60.60131537738803,97.2439711869715,7.04666457876605,790.3225806451613,45.09865330410272
Псковская область,2016,1500.9481668773706,304.8356510745891,1196.1125158027814,70.48040455120102,61.946902654867266,6.95322376738306,614.8862199747156,46.30214917825538
Псковская область,2017,1323.1064237775647,290.6679450303612,1032.4384787472036,73.02652604666028,74.78427612655801,9.427932246724193,523.489932885906,32.2786832853947
Псковская область,2018,1289.5546558704452,329.2307692307692,960.3238866396762,95.54655870445345,105.91093117408907,7.125506072874494,483.07692307692304,27.530364372469634
Псковская область,2019,1339.7551020408164,419.59183673469386,920.1632653061224,62.36734693877551,179.59183673469389,5.224489795918368,453.2244897959184,25.30612244897959
Псковская область,2020,1492.4805817220295,536.7707816889771,955.7098000330523,74.36787307882994,231.86250206577427,5.123120145430507,503.8836555941167,23.136671624524872
Псковская область,2021,1403.4176578991455,438.7669626403083,964.6506952588373,55.28564248617859,172.2231529569442,5.361031998659742,463.22667113419334,22.281789244429554
Псковская область,2022,1482.4770330044234,400.1361007145288,1082.3409322898947,47.97550187138483,115.17522966995577,4.0830214358625385,511.5685607349439,23.477373256209596
Республика Адыгея,2011,1026.067415730337,248.08988764044946,777.9775280898876,117.75280898876403,66.96629213483146,5.617977528089887,409.66292134831457,45.1685393258427
Республика Адыгея,2012,906.3820324660885,213.9203913720258,692.4616410940628,117.18923726929064,83.61129641983544,6.448743606849011,319.76873471203027,31.131865688236605
Республика Адыгея,2013,870.5985915492957,191.90140845070422,678.6971830985916,132.04225352112678,82.52640845070422,4.621478873239437,297.31514084507046,22.667253521126764
Республика Адыгея,2014,879.3478260869565,177.82608695652172,701.5217391304348,101.08695652173914,61.95652173913043,3.260869565217391,333.04347826086956,25.0
Республика Адыгея,2015,1065.7781599312123,215.6061908856406,850.1719690455719,108.9853826311264,52.66552020636286,5.803955288048152,410.5760963026655,22.785898538263112
Республика Адыгея,2016,987.2313258140031,177.05894871249203,810.172377101511,90.019153011279,47.66971696105555,3.4049797829325392,365.1840817195148,21.706746116194935
Республика Адыгея,2017,849.3440541684299,166.10241218789673,683.2416419805332,62.42065171392298,57.342361404993646,2.9623360135421075,319.08590774439267,18.62039779940753
Республика Адыгея,2018,861.5190935795216,172.05203524968528,689.4670583298363,63.99496433067562,47.41921947125472,3.3571128829206884,277.1716323961393,13.008812421317668
Республика Адыгея,2019,965.9487179487179,226.05128205128207,739.8974358974359,107.6923076923077,62.76923076923077,4.3076923076923075,282.05128205128204,15.794871794871796
Республика Адыгея,2020,840.742251223491,204.52691680261012,636.2153344208809,70.1468189233279,61.582381729200655,3.8743882544861337,241.43556280587276,13.05057096247961
Республика Адыгея,2021,902.2677102147301,213.1246237206502,689.1430864940799,72.24563515954245,59.80333132651013,3.0102347983142685,258.8801926550271,10.43548063415613
Республика Адыгея,2022,881.1244979919678,204.41767068273094,676.7068273092369,47.18875502008032,51.80722891566265,3.2128514056224895,275.70281124497996,10.240963855421686
Республика Алтай,2011,2372.7097396335585,444.06943105110895,1928.6403085824493,125.3616200578592,149.95178399228544,14.464802314368368,852.9411764705882,60.75216972034715
Республика Алтай,2012,2273.163706192991,399.90398463754195,1873.2597215554488,160.34565530484878,141.62265962554008,16.802688430148823,833.4133461353817,55.208833413346134
Республика Алтай,2013,2167.785234899329,413.2310642377757,1754.5541706615534,82.93384467881111,139.98082454458293,23.969319271332694,926.1744966442952,52.25311601150528
Республика Алтай,2014,2073.438245112065,352.88507391511683,1720.5531711969481,81.0681926561755,145.44587505960897,22.889842632331902,805.4363376251789,43.39532665712923
Республика Алтай,2015,2531.1756306520706,368.87196573060453,2162.303664921466,86.14945264159924,148.9766777724893,19.03855306996668,953.8315088053307,43.3127082341742
Республика Алтай,2016,2290.0473933649287,324.1706161137441,1965.8767772511846,89.0995260663507,117.53554502369667,14.218009478672986,827.4881516587678,37.91469194312796
Республика Алтай,2017,2193.747039317859,349.12363808621507,1844.6234012316438,80.05684509711037,133.58597820937945,18.000947418285172,693.0364756039792,36.4756039791568
Республика Алтай,2018,2182.0768136557613,332.8591749644381,1849.217638691323,81.55523944997628,134.18681839734472,15.647226173541961,693.6936936936937,24.18207681365576
Республика Алтай,2019,2019.8769522006626,345.00709891150024,1674.8698532891624,62.943681968764785,126.83388547089444,10.411736867013724,565.5466161855182,26.50260293421675
Республика Алтай,2020,2254.2613636363635,450.28409090909093,1803.9772727272727,72.91666666666667,132.5757575757576,12.784090909090908,617.4242424242425,21.306818181818183
Республика Алтай,2021,2259.013282732448,483.3965844402277,1775.61669829222,159.86717267552183,146.1100569259962,9.487666034155597,600.0948766603416,10.436432637571157
Республика Алтай,2022,2175.5218216318785,481.97343453510433,1693.548387096774,131.40417457305503,159.39278937381403,9.013282732447818,543.6432637571157,16.129032258064516
Республика Башкортостан,2011,1681.260128664735,383.07223886460736,1298.1878898001278,168.4918725138732,130.5063104650592,9.256985709374847,690.9836468103914,79.87526395914159
Республика Башкортостан,2012,1604.1687101520351,353.9480137322217,1250.2206964198135,172.5846002942619,131.0446297204512,9.293771456596371,637.7390877881314,53.433055419323196
Республика Башкортостан,2013,1278.9783410250775,266.94015090469566,1012.038190120382,51.1562034527385,144.5071179156594,9.523111859937,494.4936878861133,42.780748663101605
Республика Башкортостан,2014,1293.5603292902722,279.458327244386,1014.1020020458863,57.55273028398851,154.73232987481123,9.54746943348434,479.029665351454,35.608164060597204
Республика Башкортостан,2015,1724.3072435585805,310.9625668449198,1413.3446767136606,52.965483714146814,159.4555177442878,8.629071463296063,697.1803597472046,41.90568789499271
Республика Башкортостан,2016,1586.4572205496745,294.26046421287754,1292.196756336797,52.90375837622609,148.29562008351945,7.76925318053802,598.8151888899679,41.29843643779741
Республика Башкортостан,2017,1479.5158512625221,279.52555364203073,1199.9902976204914,53.65415868241686,139.83554466732966,7.907439299488201,521.2360831493924,40.62871419215563
Республика Башкортостан,2018,1394.5604662457504,283.36571151044194,1111.1947547353084,59.64060223409422,135.42982030111705,6.216610004856726,513.3074307916464,33.58426420592521
Республика Башкортостан,2019,1345.6928201512314,303.99474823117504,1041.6980719200562,57.06435848184979,132.14520168251113,5.835298694351916,484.93763524520404,31.145906781103356
Республика Башкортостан,2020,1364.2977466370448,370.4011132540709,993.896633382974,63.13322428651643,137.4478162154244,5.688337687068187,498.7182930104245,23.461341275847754
Республика Башкортостан,2021,1281.5768892364845,345.75716101280676,935.8197282236779,62.17616580310881,111.6678072147815,5.181347150259068,484.48039886596933,19.99217909864112
Республика Башкортостан,2022,1244.6291936433197,324.6272317049245,920.0019619383952,69.3299980380616,98.0233470669021,4.953894447714342,453.74730233470666,16.774573278399057
Республика Бурятия,2011,2485.020076186554,606.300833933903,1878.7192422526512,77.73087614537218,232.6778544219088,22.753011427983118,1088.7470400494185,129.62009677751468
Республика Бурятия,2012,2420.407742998352,590.6095551894564,1829.7981878088963,78.87149917627677,226.31795716639206,23.37314662273476,1065.1771004942339,117.58649093904448
Республика Бурятия,2013,2442.9481907894738,560.8552631578948,1882.0929276315792,56.229440789473685,229.23519736842107,18.503289473684212,1083.6759868421052,100.94572368421053
Республика Бурятия,2014,2517.350803562289,579.076671102467,1938.2741324598219,65.0015354693418,256.1162862114853,20.57528918005937,1069.812672740301,95.91565155082404
Республика Бурятия,2015,2836.139169472503,541.3733292521172,2294.7658402203856,76.52280379553108,253.13743495561675,22.85481073359861,1237.3227221712068,97.84715845321905
Республика Бурятия,2016,2391.9111654441726,452.73023634881827,1939.1809290953547,79.15647921760392,198.2477587612062,25.162999185004075,994.1931540342298,72.94213528932355
Республика Бурятия,2017,2405.99205136044,448.1809844084378,1957.8110669520026,85.39692244981147,159.38041373687966,29.75644553143789,1051.9718740446347,87.84265769897075
Республика Бурятия,2018,2400.3062787136296,493.10872894333846,1907.1975497702908,74.527820316488,149.46401225114855,18.68300153139357,1056.7636549259828,78.81572230729964
Республика Бурятия,2019,2253.4365135933203,490.6832298136646,1762.7532837796557,54.27145911821607,139.80246410752468,16.698910497912635,989.512269626311,65.98106099175236
Республика Бурятия,2020,2104.0880823733305,530.7370781934958,1573.351004179835,53.93006422673056,138.2403914772148,17.738811295748803,850.4434702823937,60.454684473442754
Республика Бурятия,2021,2123.721881390593,542.3312883435583,1581.3905930470348,90.59304703476482,133.94683026584866,13.701431492842536,805.7259713701433,46.62576687116564
Республика Бурятия,2022,2047.5066694028317,514.3648676380053,1533.1418017648266,51.097886312333266,116.86845885491483,18.161296942335316,806.2794992817566,45.04412066488816
Республика Дагестан,2011,427.65623935118924,132.72677707353643,294.9294622776528,66.14189327335923,64.23362638860493,10.461391671778095,75.61507530838955,14.380154024398555
Республика Дагестан,2012,462.0463163596966,135.96966413867824,326.07665222101843,75.77193932827736,77.6679306608884,7.245395449620802,74.24837486457206,16.048212351029253
Республика Дагестан,2013,470.6732546805149,135.59208093845584,335.0811737420591,63.15754092299418,88.5684514806225,7.663607945951396,81.0729051124332,12.03320896776579
Республика Дагестан,2014,459.8156344637093,128.9227594928284,330.8928749708809,65.32663316582914,95.34427102399414,4.925288695131286,74.37851509201637,9.650903524243736
Республика Дагестан,2015,498.9282769991756,140.80791426215993,358.1203627370157,68.3924154987634,102.35779060181369,3.6603462489694967,76.1088211046991,7.749381698268755
Республика Дагестан,2016,516.4472609675627,134.91000555319636,381.5372554143664,71.1789109201973,82.84062326462613,3.3972495345114817,80.65201058373893,6.565838042661613
Республика Дагестан,2017,473.2715609408411,110.83392729864576,362.43763364219535,72.11818829780341,70.23909803667466,2.3002656644851944,71.92379965010043,6.674010237802112
Республика Дагестан,2018,475.71474461933826,116.38291037584322,359.331834243495,68.0051397365885,76.421458400257,2.6662383552842917,64.21458400256986,5.525216832637327
Республика Дагестан,2019,433.8565379349868,103.44168868795566,330.4148492470311,61.86124996020249,76.95246585373619,2.196822566780222,51.41838326594288,4.011589034989971
Республика Дагестан,2020,446.8844792719919,116.50025278058645,330.3842264914054,63.54271991911021,88.030839231547,1.801061678463094,43.351870576339735,2.338220424671385
Республика Дагестан,2021,466.0328218645078,127.71031409834008,338.32250776616775,70.3504973485205,83.40393485832627,1.9768426998023156,48.730741472904704,2.5730333552982523
Республика Дагестан,2022,447.2864352919185,132.09545766091344,315.190977631005,67.66776746214717,69.4124244501215,1.5577294535485076,46.63841983924232,2.3677487693937316
Республика Ингушетия,2011,450.2678779408339,183.7875611460517,266.4803167947822,99.46424411833218,109.71348707197764,11.646866992778943,50.314465408805034,9.317493594223155
Республика Ингушетия,2012,406.725744149057,148.37536923426492,258.3503749147921,89.97955010224949,101.34060440808908,5.226084980686208,35.2192683481027,4.544421722335833
Республика Ингушетия,2013,389.0124555160142,132.78469750889678,256.2277580071174,106.31672597864767,96.30782918149465,5.338078291814946,38.256227758007114,3.7811387900355866
Республика Ингушетия,2014,353.36381450032655,115.17526671021119,238.18854779011536,76.63836272588722,92.96755932941433,4.354452427607228,34.18245155671674,4.354452427607228
Республика Ингушетия,2015,369.8630136986301,143.4075342465753,226.45547945205476,85.40239726027396,93.9640410958904,3.8527397260273966,55.65068493150683,6.207191780821916
Республика Ингушетия,2016,377.95608108108104,151.6047297297297,226.35135135135135,48.77533783783783,64.40033783783784,3.378378378378378,66.72297297297297,5.489864864864864
Республика Ингушетия,2017,334.5136429910435,118.30868569048114,216.20495730056234,42.49114767756717,42.074567798375334,5.207248489897938,70.61028952301604,3.749218912726515
Республика Ингушетия,2018,339.0004096681688,106.71855796804589,232.28185170012293,40.557148709545274,66.16140925850061,3.482179434657927,65.54690700532568,5.735354362965998
Республика Ингушетия,2019,362.39178578618885,105.09361787799476,257.2981679081941,50.13086370042279,59.995973424602376,2.617274008455808,53.352124018522254,4.02657539762432
Республика Ингушетия,2020,378.76984126984127,116.66666666666667,262.1031746031746,46.03174603174603,61.111111111111114,3.571428571428571,41.07142857142857,3.373015873015873
Республика Ингушетия,2021,411.3045178955603,136.71034617641305,274.59417171914725,42.83199687072169,64.73694504204968,2.151378838255427,47.91707412477997,2.542538627029141
Республика Ингушетия,2022,430.16759776536315,171.06530533615873,259.1022924292044,42.18840300520131,75.51531496821421,2.8896166441918703,46.233866307069924,1.3484877672895395
Республика Калмыкия,2011,1326.4664804469276,271.2988826815643,1055.1675977653633,161.66201117318437,216.82960893854752,13.617318435754191,332.75139664804476,44.34357541899442
Республика Калмыкия,2012,1319.1114245416077,255.28913963328628,1063.8222849083215,142.8067700987306,215.44428772919605,11.988716502115656,349.4358251057827,36.31875881523272
Республика Калмыкия,2013,1227.870600782083,230.35904728048345,997.5115535015997,111.9800924280128,224.3156772129399,9.242801279772484,302.5239957340917,24.173480270174192
Республика Калмыкия,2014,1035.0375402216662,225.95638183768324,809.0811583839828,97.60457633178406,190.91884161601718,9.295673936360387,282.44547729710405,22.524132999642475
Республика Калмыкия,2015,1142.188624910007,227.14182865370768,915.0467962562996,102.23182145428365,196.54427645788337,7.919366450683945,288.3369330453564,17.998560115190784
Республика Калмыкия,2016,1065.7276995305165,211.26760563380284,854.4600938967136,90.64644275911883,165.04153123871436,10.111953773925606,229.32466594438426,13.723365836041893
Республика Калмыкия,2017,1103.0965391621128,213.11475409836066,889.9817850637523,89.98178506375227,167.21311475409837,8.378870673952642,226.95810564663023,22.586520947176687
Республика Калмыкия,2018,1011.7776959882223,195.0680898049319,816.7096061832904,71.77033492822967,148.32535885167465,6.993006993006993,205.7416267942584,19.138755980861244
Республика Калмыкия,2019,1035.1591413767578,234.64100666173206,800.5181347150259,74.01924500370096,116.95040710584752,7.772020725388601,238.71206513693562,19.98519615099926
Республика Калмыкия,2020,1066.1956117515806,274.07958348828566,792.116028263295,104.49981405727038,94.83079211602828,7.809594644849387,236.51915210115288,18.59427296392711
Республика Калмыкия,2021,1103.6036036036037,280.7807807807808,822.8228228228229,65.31531531531533,97.22222222222223,5.630630630630631,262.01201201201206,21.396396396396398
Республика Калмыкия,2022,1018.1474480151229,250.2835538752363,767.8638941398866,82.41965973534971,84.68809073724007,7.183364839319471,211.72022684310016,11.720226843100189
Республика Карелия,2011,2245.000787277594,456.3060935285781,1788.6946937490159,187.21461187214612,175.2479924421351,13.226263580538497,902.0626672964887,109.90395213352228
Республика Карелия,2012,1835.064727505194,387.56592616269774,1447.4988013424963,170.6888285120665,179.47898353843695,9.10979702732939,767.6202653028607,71.12034521336103
Республика Карелия,2013,1800.2922552362395,374.8985224874168,1425.393732748823,88.81311901282676,176.97678194512096,10.716025328787142,770.0925474914759,74.36272122097743
Республика Карелия,2014,2082.7847267939433,384.7926267281106,1697.9921000658326,89.0388413429888,195.19420671494402,12.837393021724818,880.3489137590519,62.87030941408821
Республика Карелия,2015,2633.0090573633006,397.1821536397182,2235.8269037235823,91.41227775914122,193.0560214693056,10.734652801073464,1121.938946662194,77.32304595773229
Республика Карелия,2016,2298.3953567770573,356.0942301126665,1942.3011266643907,95.08364629566405,141.68658245134858,10.754523728234894,935.6435643564357,76.81802663024924
Республика Карелия,2017,1974.9912556838058,334.3826512766702,1640.6086044071355,79.39839104582023,128.0167890870934,9.268975166142008,782.9660720531655,73.62714235746766
Республика Карелия,2018,2136.932427601001,355.5595280657848,1781.3728995352164,83.8398283875581,130.8544869503039,8.401859134787273,879.5137647479443,74.18662853056847
Республика Карелия,2019,2239.694933720719,440.5302342473216,1799.1646994733974,73.54276375522062,119.84746686035955,7.989831124023969,947.702923551843,75.54022153622661
Республика Карелия,2020,2483.656509695291,553.0932594644506,1930.5632502308401,81.25577100646353,113.57340720221607,10.895660203139428,997.9686057248384,90.67405355493999
Республика Карелия,2021,2567.6183320811424,580.015026296018,1987.6033057851241,87.7160030052592,113.07287753568747,11.081893313298274,1099.1735537190084,83.77160030052593
Республика Карелия,2022,2244.743322598977,506.53532866073124,1738.207993938246,81.64425080507672,97.17749573782913,10.986929342678538,841.0683841636674,74.44591778745975
Республика Коми,2011,1953.0064545351604,384.44117314007474,1568.5652813950855,114.82278337674103,147.77488393160456,14.15468236892764,670.7054693692673,92.74147888121391
Республика Коми,2012,2027.3293357933578,364.0452029520295,1663.2841328413285,120.61808118081181,143.91143911439113,13.6070110701107,662.0156826568265,85.3321033210332
Республика Коми,2013,2312.991432930407,392.20748738410987,1920.7839455462974,95.64605093298908,158.08003755427765,13.496068536556741,763.8774791691116,84.84919610374368
Республика Коми,2014,2473.451855387185,450.30425963488835,2023.1475957522966,89.96539792387543,189.95346617348764,12.52833790717098,809.0919937954898,92.9483355208209
Республика Коми,2015,2903.288435869433,468.75379201553204,2434.534643853901,101.20131052056789,200.5824535857299,10.192937750273025,874.6511345710471,86.76131537434777
Республика Коми,2016,2346.8884781269253,351.4479359211337,1995.4405422057916,107.20887245841035,111.76833025261861,14.540973505853358,696.8576709796673,57.67097966728281
Республика Коми,2017,2165.4938426740387,334.2548378989696,1831.2390047750694,118.24579039959791,91.60593113847702,10.555415933651672,666.1221412415181,72.88263382759487
Республика Коми,2018,2147.8629187524066,448.97959183673464,1698.883326915672,102.55422923886535,219.99743293543835,10.910024387113335,568.9898600949814,52.239763830060326
Республика Коми,2019,2224.914854597852,513.7542572701074,1711.1605973277444,100.07859575582918,182.4731464500917,8.645533141210375,631.5168980875033,58.94681687188892
Республика Коми,2020,2292.6439232409384,624.3336886993603,1668.310234541578,83.55543710021323,178.17164179104478,7.595948827292111,695.4957356076759,56.50319829424307
Республика Коми,2021,2046.0239651416125,544.5261437908497,1501.4978213507625,92.45642701525055,134.80392156862746,7.352941176470589,596.2690631808279,41.80283224400871
Республика Коми,2022,2036.751548520303,487.26772195457676,1549.483826565726,56.297315898141775,122.64280798348246,9.635237439779766,530.901582931865,43.90915347556779
Республика Крым,2015,1455.7147338701245,290.80832374777793,1164.9064101223466,44.18069643417338,91.13248980445468,7.110739307748615,873.0001045696957,67.55202342361184
Республика Крым,2016,1234.9576161006812,246.606687815279,988.3509282854023,44.51609548078423,85.18383691299599,5.3044880128971865,650.5278485620677,49.040511727078886
Республика Крым,2017,1125.1554726368158,238.80597014925377,886.3495024875622,55.24461028192372,106.18781094527363,4.353233830845771,499.1708126036484,41.096600331674956
Республика Крым,2018,1159.6647350993378,235.56498344370863,924.0997516556291,53.652731788079464,119.72268211920529,4.915149006622516,464.09354304635764,31.612168874172188
Республика Крым,2019,1082.1727019498608,207.83039306716188,874.3423088826988,39.8225523573713,98.26679046734758,3.7656040441555767,425.41008975549363,27.494067884040028
Республика Крым,2020,1122.256728778468,250.41407867494826,871.8426501035196,50.414078674948236,116.61490683229813,3.5196687370600417,375.0,19.616977225672876
Республика Крым,2021,1073.3260835793071,260.7840091139765,812.5420744653306,52.92320439127959,131.63481953290872,3.4177411837812652,325.6175236911605,15.017347625705558
Республика Крым,2022,1084.04632721202,283.23247078464107,800.8138564273789,48.93572621035058,122.23497495826379,3.7562604340567614,326.7424874791319,13.877295492487479
Республика Марий Эл,2011,1564.5021645021645,349.7835497835498,1214.7186147186148,115.87301587301589,108.36940836940836,12.554112554112553,501.15440115440117,84.992784992785
Республика Марий Эл,2012,1373.4992043975121,278.3162158252568,1095.1829885722552,74.49732388254014,92.28988861565168,10.849124837263128,514.2485172862723,79.41559380876609
Республика Марий Эл,2013,1195.3623188405797,227.82608695652175,967.536231884058,50.0,91.44927536231884,8.695652173913043,459.27536231884056,63.91304347826087
Республика Марий Эл,2014,1076.4654672083575,244.77655252466627,831.6889146836912,60.2147417295415,118.83343006384213,7.83517121300058,387.1154962275101,42.80325014509576
Республика Марий Эл,2015,1214.9396889986922,217.1196047086179,997.8200842900741,49.411422758320015,114.51823862810637,7.411713413748002,430.8966719953495,44.470280482488015
Республика Марий Эл,2016,1049.4617398894386,165.84230433517604,883.6194355542625,50.334594122781496,73.46523130637183,6.9828338667442535,369.07186499854527,40.15129473377946
Республика Марий Эл,2017,1072.6583017216224,174.20484388678145,898.453457834841,59.96498395097753,73.38780274292385,7.149110008754013,351.6194922672892,42.6028596440035
Республика Марий Эл,2018,1120.6316712969733,221.66983477116537,898.9618365258078,79.2513525369206,81.73709606667641,6.726129551103963,353.56046205585614,34.0693083784179
Республика Марий Эл,2019,1134.4550109729335,289.1002194586686,845.3547915142648,66.71543525969275,75.20117044623262,7.168983174835406,398.5369422092173,34.3818580833943
Республика Марий Эл,2020,1117.5345689908797,352.16240070609,765.3721682847897,62.81259193880554,75.46337157987644,6.913798175934099,405.1191526919682,27.213886437187412
Республика Марий Эл,2021,1131.8746303962153,323.47723240685986,808.3973979893555,68.45062093435837,47.30928444707274,6.505026611472502,374.92607924305145,35.18628030751035
Республика Марий Эл,2022,1151.420496802023,309.980663394318,841.4398334077049,57.861073925330956,61.28216569983639,6.247211066488175,367.99048044027967,29.302394764242155
Республика Мордовия,2011,939.9733752874258,230.6668280285611,709.3065472588648,209.730122231635,71.52365968776473,7.382306668280286,262.4954616967203,29.287183831538183
Республика Мордовия,2012,951.4870794734277,224.64651389566063,726.8405655777669,180.88737201365188,64.11506582155046,5.485129205265724,284.61725987323257,29.741589468551926
Республика Мордовия,2013,1031.9018404907974,217.54601226993864,814.3558282208589,164.66257668711657,73.00613496932516,5.521472392638037,304.9079754601227,29.20245398773006
Республика Мордовия,2014,1096.099421680817,196.87461547926662,899.2248062015503,159.96062507690414,79.24203273040482,4.183585578934416,295.8041097575981,23.99409376153562
Республика Мордовия,2015,1131.2161496799606,213.81093057607092,917.4052191038899,127.52338749384539,95.02708025603151,6.0315115706548506,332.7178729689808,22.648941408173314
Республика Мордовия,2016,1043.835952848723,211.3212180746562,832.5147347740667,104.49410609037328,89.14538310412574,5.034381139489195,265.1031434184676,27.87328094302554
Республика Мордовия,2017,980.7834441980784,182.9268292682927,797.8566149297858,86.22813500862281,98.42325695984233,5.543237250554324,257.32939147573296,22.54249815225425
Республика Мордовия,2018,962.2805925557078,193.07855097721898,769.2020415784888,98.21984314701857,103.57276235528445,4.108054276111043,226.44093115896928,20.16681190090875
Республика Мордовия,2019,1008.7609511889863,207.13391739674591,801.6270337922404,105.88235294117648,94.86858573216522,3.504380475594493,239.17396745932416,17.647058823529413
Республика Мордовия,2020,1047.0394319766704,292.3798656016229,754.6595663750475,113.73145682769112,99.404082667681,3.803727653100038,261.0625079244326,16.609610751870164
Республика Мордовия,2021,1092.0143332480163,307.65293063731764,784.3614026106987,109.03506526746864,92.65421039160482,3.9672382902482726,290.2482723317123,15.101100588686972
Республика Мордовия,2022,1050.9463313456054,274.04718693284934,776.8991444127561,107.07803992740472,63.78014000518538,1.944516463572725,257.8428830697433,11.5374643505315
Республика Саха (Якутия),2011,1578.7932657115969,412.3183101537175,1166.4749555578794,162.91958590400503,74.66276273136046,17.67227857366935,702.2900763358779,119.20945310049149
Республика Саха (Якутия),2012,1268.1932245922208,334.3789209535759,933.814303638645,62.212463404433294,91.17524048515266,17.043078209953993,521.6436637390213,72.87745713090757
Республика Саха (Якутия),2013,1132.0853377954402,288.85170466429616,843.233633131144,45.28341351181761,104.7897929303493,17.04664296172349,418.5316879313951,53.231541518510774
Республика Саха (Якутия),2014,1117.3096976016684,279.7705943691345,837.539103232534,44.316996871741395,104.79666319082376,15.015641293013557,396.66319082377476,48.800834202294055
Республика Саха (Якутия),2015,1230.753246753247,278.9610389610389,951.7922077922078,45.81818181818182,110.85714285714286,13.610389610389612,414.12987012987014,43.63636363636363
Республика Саха (Якутия),2016,1280.658180689227,234.3992548897858,1046.2589257994414,50.70888957880576,68.40525716651143,14.798716754631066,425.12677222394706,43.46476249611922
Республика Саха (Якутия),2017,1280.7561202355128,231.1744654477843,1049.5816547877284,51.44096684226835,66.72864373515132,14.151430637330852,426.29893606032437,47.515752504906516
Республика Саха (Якутия),2018,1228.7420218241714,261.6841671813877,967.0578546427837,60.73708050236771,66.19312332715668,11.426806670784435,381.5112209182623,36.13341568869673
Республика Саха (Якутия),2019,1268.2502303675642,268.6597727040033,999.590457663561,58.257397358451925,57.43831268557387,10.852871915634278,383.43401249104124,37.063581447732155
Республика Саха (Якутия),2020,1230.3484602917342,297.00162074554294,933.2455429497568,63.41166936790924,52.87682333873581,11.851701782820097,309.86628849270664,27.755267423014583
Республика Саха (Якутия),2021,1303.3674082982564,328.72319102024454,974.6442172780118,86.39005812788135,53.71817999599118,10.322709961916216,339.1461214672279,24.85468029665264
Республика Саха (Якутия),2022,1303.1275060144346,325.78187650360866,977.3456295108259,70.06816359262228,49.61908580593424,11.126704089815558,336.5076182838813,28.368083400160383
Республика Северная Осетия — Алания,2011,933.5590351248413,265.0585414021724,668.5004937226689,203.13161235717308,199.04076738609115,6.771053745239103,186.34504161376782,32.72675976865567
Республика Северная Осетия — Алания,2012,887.9920702350609,229.96318323421127,658.0288870008496,179.26932880203907,193.85443217218915,6.513735485698103,172.04757858963467,22.798074199943358
Республика Северная Осетия — Алания,2013,858.360562579912,229.15186816309134,629.2086944168207,196.33470663446514,200.45461002983382,5.68262537292229,138.94019036795,20.5995169768433
Республика Северная Осетия — Алания,2014,848.0419977298525,210.69807037457434,637.3439273552782,172.67309875141885,212.25879682179345,4.824063564131669,133.93870601589103,16.74233825198638
Республика Северная Осетия — Алания,2015,956.4970145009952,198.89110036963322,757.605914131362,153.25561558146148,186.66477111174297,3.4119988626670454,192.92010235996588,15.353994882001706
Республика Северная Осетия — Алания,2016,1001.4232849416453,229.43353259322515,771.9897523484201,154.14175918018788,143.75177910617705,4.839168801594079,230.28750355821234,14.09052092228864
Республика Северная Осетия — Алания,2017,1019.6945911231625,261.88097616669046,757.8136149564721,123.59069501926645,191.66547737976308,1.5698587127158554,191.38004852290564,14.128728414442698
Республика Северная Осетия — Алания,2018,1032.3875035826886,257.6669532817426,774.7205503009459,111.9231871596446,197.04786471768415,3.0094582975064488,205.07308684436802,13.900831183720264
Республика Северная Осетия — Алания,2019,1367.5348971074975,400.0575622391711,967.4773348683264,114.26104475464096,333.2853648006908,3.4537343502662257,197.87019715066916,10.792919844581956
Республика Северная Осетия — Алания,2020,1168.9345686160973,298.34973943254204,870.5848291835555,95.830920671685,276.9253039953677,3.474232773595831,192.09612044006948,13.752171395483497
Республика Северная Осетия — Алания,2021,1189.3784651298513,321.41814998540997,867.9603151444413,132.62328567259996,206.01108841552377,2.0426028596440036,234.31572804201926,6.419608987452582
Республика Северная Осетия — Алания,2022,1184.809754664316,362.7148523578669,822.0949023064492,110.18069634200087,206.69898633759365,2.0567063317173497,212.8691053327457,7.345379756133391
Республика Татарстан,2011,1451.0019934949114,286.1189801699717,1164.8830133249396,115.83254642744727,107.36019305424405,7.344454936522925,642.849648515371,73.94292309306473
Республика Татарстан,2012,1342.843754881033,252.53813713750196,1090.305617743531,97.72478783776748,103.63409173738741,7.679491851928984,594.0021867027646,67.97001093351382
Республика Татарстан,2013,1189.9110559520116,257.91188333850454,931.999172613507,81.10973213362293,125.42662116040957,7.291343468817872,496.01820250284413,47.135174268280075
Республика Татарстан,2014,1149.8523558865068,263.11464886378224,886.7377070227244,66.81217101039928,132.9053793811786,7.497753241751187,462.06188214148153,40.59571190139941
Республика Татарстан,2015,1328.8765277742339,260.723125207318,1068.153402566916,74.09864509708862,111.55622464341303,6.863820775177974,536.3731468959711,39.90712153300503
Республика Татарстан,2016,1220.0065877821978,237.210834367953,982.7957534142449,81.99255073859175,93.9012339422809,7.1958851698887685,453.2394152076418,36.7142169407353
Республика Татарстан,2017,1161.969345568216,221.18584249268932,940.7835030755269,64.88857517394374,100.20671574064737,6.957749319350611,400.1210043359887,29.948573157204798
Республика Татарстан,2018,1094.603078932168,237.22343604811772,857.3796428840502,55.350460835279634,94.25148798312362,6.1528416082774555,411.2860694643261,26.99716215876843
Республика Татарстан,2019,1247.097387648884,301.1960764688219,945.9013111800621,55.62506255630066,105.69512561305174,5.204684215794215,500.6505855269743,26.47382644379942
Республика Татарстан,2020,1347.1746254096106,393.92650774195164,953.2481176676589,67.96407934562374,125.99744853290642,6.303624584135878,480.75143207344223,24.188908622457912
Республика Татарстан,2021,1298.2925426864329,388.34029149271265,909.9522511937203,72.62318442038949,113.39716507087323,5.224869378265543,484.612884677883,18.224544386390342
Республика Татарстан,2022,1304.2033186725312,370.9266293482607,933.2766893242703,64.89904038384647,136.4204318272691,5.04798080767693,460.5407836865254,16.868252698920433
Республика Тыва,2011,1793.9276485788114,619.1860465116279,1174.7416020671833,64.59948320413437,365.6330749354005,45.21963824289406,528.423772609819,130.49095607235142
Республика Тыва,2012,1902.6349614395888,630.7840616966581,1271.8508997429308,52.69922879177378,392.35218508997434,48.52185089974293,569.0874035989718,125.0
Республика Тыва,2013,1962.9037416053727,599.9360409338024,1362.9677006715704,46.370322993284304,317.8765590022386,38.05564438759194,712.1842021106492,122.48161176846818
Республика Тыва,2014,2090.764836559822,607.74357346874,1483.0212630910821,46.96921612186607,346.87400825134876,44.112980006347186,770.5490320533164,97.42938749603299
Республика Тыва,2015,2660.4665825977304,619.482976040353,2040.983606557377,52.963430012610345,359.39470365699873,40.3530895334174,1102.7742749054225,119.79823455233291
Республика Тыва,2016,3406.367041198502,710.6741573033707,2695.692883895131,63.670411985018724,329.9001248439451,34.95630461922597,1590.8239700374534,181.96004993757805
Республика Тыва,2017,3602.3464032108677,719.3578264896573,2882.9885767212104,66.3785118863847,319.8518061129979,25.625192960790372,1687.5578882371105,207.7801790676135
Республика Тыва,2018,2830.8351177730196,628.3267054144999,2202.5084123585193,52.615478739675744,295.1973080452738,26.919547262159682,1206.7910676047723,136.73906393392477
Республика Тыва,2019,2613.939393939394,573.6363636363636,2040.3030303030303,37.27272727272727,281.2121212121212,34.84848484848485,1098.7878787878788,95.75757575757575
Республика Тыва,2020,2560.982918789332,579.5624812706023,1981.4204375187294,53.3413245430027,244.23134551992808,29.367695534911597,984.4171411447409,94.69583458195984
Республика Тыва,2021,2523.200475907198,601.1302795954789,1922.0701963117194,60.97560975609756,191.2552052349792,33.90838786436645,1002.0820939916717,88.63771564544915
Республика Тыва,2022,1962.3480581085087,471.09398161873696,1491.2540764897717,55.736732878742956,168.39608656981915,32.31544619033501,696.709160984287,48.028461310406165
Республика Хакасия,2011,2027.9812206572772,349.6713615023474,1678.3098591549297,78.87323943661971,145.1643192488263,19.342723004694836,1005.6338028169014,95.39906103286386
Республика Хакасия,2012,2068.952595090875,361.2516394978452,1707.7009555930297,89.75079632752482,161.32658797077008,15.364436949597152,1008.2443320217349,89.3760539629005
Республика Хакасия,2013,1968.9835575485797,332.21225710014943,1636.7713004484306,86.13602391629297,156.57698056801195,16.442451420029894,892.5635276532138,71.93572496263079
Республика Хакасия,2014,2590.9175507165455,378.55946398659967,2212.358086729946,75.00465289410013,185.74353247720083,16.37818723245859,1145.9147589800857,85.61325144239717
Республика Хакасия,2015,2555.947300055669,360.3637038411579,2195.583596214511,67.91612544071256,179.99628873631474,13.174986082761182,1198.5526071627392,65.8749304138059
Республика Хакасия,2016,2046.2877244954636,307.35049064987965,1738.937233845584,66.28402147750417,154.78615071283096,16.478429920385114,776.5228661359007,48.13923347528235
Республика Хакасия,2017,2132.839962997225,312.11840888066604,1820.7215541165588,51.988899167437566,169.8427382053654,13.876040703052727,860.6845513413506,52.913968547641076
Республика Хакасия,2018,2027.0520659625718,345.3770613303687,1681.6750046322027,62.627385584584026,181.95293681675003,11.858439874004075,757.0872707059477,46.13674263479711
Республика Хакасия,2019,1976.9602378298027,363.4336677814938,1613.526570048309,63.17354143441099,207.7294685990338,8.732813080639167,665.9234485321441,33.81642512077294
Республика Хакасия,2020,2021.0702964758532,464.6652992727951,1556.4049972030582,51.65019578594071,231.21387283236996,10.441916837590902,644.2289763192243,34.6820809248555
Республика Хакасия,2021,2068.2926829268295,471.8574108818011,1596.4352720450281,66.04127579737336,201.31332082551597,7.5046904315197,700.9380863039399,37.3358348968105
Республика Хакасия,2022,1790.4564315352693,447.75556393813656,1342.700867597133,57.14824594492644,205.7714070162203,6.412674462466993,563.5609204073934,26.40513013956997
Ростовская область,2011,1319.9343339587242,325.1641651031895,994.7701688555346,79.47936210131333,140.2439024390244,6.683864915572232,634.1697936210131,84.28705440900562
Ростовская область,2012,1230.7222978363918,310.5317501290656,920.1905477073262,73.12150936312011,135.65964237105177,6.547144131036749,581.0062420800676,77.62707091566152
Ростовская область,2013,1217.8725004112132,301.99497145005523,915.877528961158,68.49636957492305,117.65396996968771,5.5924994712973195,602.1806048358673,72.46751415748291
Ростовская область,2014,1270.7897643160936,294.33465704819423,976.4551072678996,63.13884907300796,125.90173179500435,6.602909039640953,613.3186079845854,61.68197946283808
Ростовская область,2015,1463.9255236617532,293.6267249688507,1170.2987986929027,69.562968709594,129.95744880927194,5.830218398100477,702.1886827938031,56.46848625902155
Ростовская область,2016,1356.573470971383,261.7160862510876,1094.8573847202954,69.60284054835752,119.4064946974863,4.7969525242786935,622.3810755520022,52.53133303548334
Ростовская область,2017,1392.4339858196122,275.6224530657433,1116.811532753869,53.35311992085364,158.45758839186865,4.875980496078015,619.0610793112384,54.97844675287965
Ростовская область,2018,1310.9251642792983,257.5284829575001,1053.3966813217983,51.482059282371296,143.454829102255,4.065617170141351,583.1560535148678,46.990970547912816
Ростовская область,2019,1440.217519801395,305.0242345430902,1135.1932852583047,48.80009457382669,125.8777633289987,3.972100721125429,639.1062773377467,43.69310793237972
Ростовская область,2020,1464.5211782004458,354.0767442963525,1110.4444339040933,44.25366408955082,130.53170801119384,3.5573684959445995,638.1681923824882,34.150737561068155
Ростовская область,2021,1396.3218281134461,331.4886816306085,1064.8331464828375,81.00565322138206,139.6131002075233,3.2440426496195407,639.3626410323689,26.978031152350734
Ростовская область,2022,1374.714851722896,314.8517228959059,1059.8631288269899,84.25981510385401,138.91223436186817,2.76143594669228,615.1038540040821,22.04346260055229
Рязанская область,2011,845.1635351426584,260.96033402922757,584.2032011134309,106.47181628392485,88.63952679192764,6.697981906750175,336.9867780097425,43.145441892832295
Рязанская область,2012,831.996512641674,261.11595466434176,570.8805579773322,93.7227550130776,92.93809938971229,6.190061028770706,330.7759372275501,37.48910200523104
Рязанская область,2013,847.4309681929394,251.6602586508214,595.7707095421181,83.97413491786088,96.0328556448794,6.291506466270534,293.51625305837115,35.826634044040546
Рязанская область,2014,846.8689703560779,274.7763550254341,572.0926153306438,79.89826346255042,106.91106823364322,4.911419049289599,294.33432731099805,30.60866514646553
Рязанская область,2015,912.2436405246018,286.50646950092425,625.7371710236775,94.8860135551448,110.99375055012763,5.193204823519057,313.35269782589563,32.03943314849045
Рязанская область,2016,839.8589065255733,253.26278659611995,586.5961199294533,66.31393298059965,105.99647266313934,5.291005291005291,278.13051146384475,26.807760141093475
Рязанская область,2017,844.4995132312594,224.26763430392066,620.2318789273386,61.59837153730419,87.7068767147535,5.221701035489866,293.47729887600667,35.57836976723603
Рязанская область,2018,831.8206086492258,238.12066203950883,593.6999466097171,66.20395088093967,101.7974728599395,4.00427122263748,276.02776294714363,29.186688022779855
Рязанская область,2019,915.3420253616717,251.02696910162533,664.3150562600464,57.242364707983576,111.09126629755315,3.1255581353813184,306.2153956063583,25.629576710126813
Рязанская область,2020,902.6476945244957,224.4236311239193,678.2240634005764,61.4193083573487,103.74639769452449,4.502881844380403,260.0864553314121,21.79394812680115
Рязанская область,2021,832.9692335699983,255.598033861278,577.3711997087203,75.27762606954306,105.31585654469326,4.460222100855635,239.39559439286367,18.478062989259058
Рязанская область,2022,840.6648911745798,269.17072274772704,571.4941684268528,57.30553769859491,123.15180457342272,4.591789879695105,241.1608044815869,14.87739921021214
Самарская область,2011,1941.0941871308673,488.65402548958656,1452.4401616412806,115.91544917625116,232.45259558594964,8.206403481504507,845.2284737332919,159.46534037923533
Самарская область,2012,1880.3740059642148,435.5429920477137,1444.8310139165012,93.78106361829026,223.34741550695827,7.890159045725646,816.1655069582505,129.6284791252485
Самарская область,2013,1618.1174497686407,365.9203130337567,1252.197136734884,94.4070059936027,184.4042110493463,7.111580385702308,683.736529921431,83.78621781932239
Самарская область,2014,1573.9184369669717,341.3242363157079,1232.5942006512637,79.02000310125601,203.84555745076756,5.396185455109319,617.1499457280198,71.85610172119709
Самарская область,2015,1532.662692498758,291.9150521609538,1240.7476403378041,66.84674615002484,173.2178340784898,5.992300049677098,600.0062096373571,52.44038748137109
Самарская область,2016,1368.9896011174917,261.7414248021108,1107.248176315381,61.927673444047805,141.58000931243208,4.9355890113301255,525.5626261058513,46.406953282632315
Самарская область,2017,1369.7850231776747,258.4699623557229,1111.3150608219519,67.32414522602122,129.48386896058238,5.039977600099555,524.3443362473944,45.142021591015144
Самарская область,2018,1292.9088187601346,242.29761756267928,1050.6112011974553,70.03866783085942,112.54209804166146,4.022701758762629,517.2446052139204,39.166770612448545
Самарская область,2019,1329.9232736572892,313.3616118769884,1016.5616617803007,78.50414821283763,133.92801447196058,4.17940240783482,516.4057139292621,33.310460981847676
Самарская область,2020,1392.3804139577248,358.1770784258299,1034.203335531895,92.62225572411194,135.90250950092653,3.7689625930462642,521.9070950720813,31.188165457457835
Самарская область,2021,1367.7158387056,360.9531032739224,1006.7627354316774,110.98470484136014,124.35216786752623,3.3181645809632156,504.70863354822393,26.039691568701805
Самарская область,2022,1497.4385082890508,385.46472778184364,1111.9737805072073,116.5876475641964,144.1753905877112,3.2137970534890385,555.92325070799,26.601330066503326
Санкт-Петербург,2011,1192.3695424941704,505.56806303771003,686.8014794564606,88.64677977004101,257.01535740130254,6.271608908900859,451.53574013025644,98.69743507276674
Санкт-Петербург,2012,1112.866015971606,464.4582470669427,648.4077689046633,59.03578822833481,258.03016858917476,5.994281770679287,441.11209701271815,89.53958394952184
Санкт-Петербург,2013,1060.6847970437093,446.4653463440922,614.219450699617,58.91410204592259,279.88528975883906,4.638451026810632,398.8490482514387,72.57924822449333
Санкт-Петербург,2014,1070.1451802433571,453.77354914521817,616.3716310981388,47.193055608202876,268.166483454001,4.870929835866723,445.0362002956673,60.156931124673065
Санкт-Петербург,2015,1059.4237695078032,422.15636254501806,637.2674069627851,51.52686074429772,254.95198079231693,3.8077731092436977,424.44477791116446,60.28661464585835
Санкт-Петербург,2016,968.4944684944686,399.9333999334,568.5610685610686,49.41354941354942,255.68875568875572,3.9220039220039222,381.7663817663818,50.41255041255042
Санкт-Петербург,2017,948.860741064279,374.4449297517653,574.4158113125136,53.32314187959525,232.98391206231344,3.603406857392444,353.1884690980563,42.603916430079344
Санкт-Петербург,2018,927.0878407615751,347.1440934660321,579.9437472955431,57.622962642434736,207.28760998124912,3.4256454637242175,345.70171642867444,38.69176402711669
Санкт-Петербург,2019,871.3266915137615,300.1361811926605,571.1905103211009,48.236811926605505,147.64908256880733,2.4906823394495414,344.520498853211,33.18520642201835
Санкт-Петербург,2020,1097.0564552205421,410.0742596403328,686.9821955802093,52.089111568399396,137.87241656974143,2.6661894962870183,420.4348215084549,28.522859443500042
Санкт-Петербург,2021,1119.0463453342606,386.22300682965107,732.8233385046096,55.29699174379002,134.75632589739476,2.3894862604540026,407.4430713814441,22.771447422386277
Санкт-Петербург,2022,1124.482142857143,329.44642857142856,795.0357142857142,54.267857142857146,117.32142857142858,2.392857142857143,417.4642857142858,21.732142857142858
Саратовская область,2011,1301.8410274762414,306.61258896974033,995.2284385065011,133.32538073084416,113.32458547059525,6.640423078452423,565.6686150542764,76.0666428088592
Саратовская область,2012,1142.0280637595897,280.00159001470763,862.0264737448823,110.983026592996,118.37659498350361,6.360058830544182,463.1712843343801,57.75728425487936
Саратовская область,2013,1125.5566157760816,251.3120229007634,874.2445928753181,74.22868956743002,135.49618320610688,5.12881679389313,467.08015267175574,43.37627226463104
Саратовская область,2014,1079.5504189999604,235.67258429643752,843.8778347035228,56.07847809682672,140.55363596648002,5.202748322014377,413.59863378212003,40.78795821915088
Саратовская область,2015,1181.4897165091718,246.92289367108714,934.5668228380847,58.24664496148654,119.2726117684428,5.00277932184547,491.1458746922894,41.84864607321528
Саратовская область,2016,994.4369387268537,204.9988079154415,789.4381308114123,57.25979496145593,82.73066836207582,4.410712866566001,408.0902805372328,31.153143129619327
Саратовская область,2017,1150.2832522141548,234.82007500199472,915.4631772121598,63.75169552381712,92.51575839782973,4.428309263544243,450.9295459985638,30.080587249660894
Саратовская область,2018,1165.5692950056207,240.20395053797975,925.365344467641,64.11594668379637,90.77404849847439,3.6935924201059898,458.4069375301108,31.515978801991324
Саратовская область,2019,1182.96275372261,272.91069771195674,910.0520560106534,64.76736209192526,96.323796456963,4.317824139461685,457.4875912997862,28.005326661555223
Саратовская область,2020,1243.6116536458335,327.392578125,916.2190755208334,67.0166015625,106.93359375,3.214518229166667,466.552734375,24.007161458333336
Саратовская область,2021,1227.1081859317153,349.48580830933776,877.6223776223777,75.3187988482106,109.66680378445083,3.2908268202385846,443.52118469765526,19.786096256684495
Саратовская область,2022,1214.1877001122707,340.18046488419475,874.0072352280761,77.92423801405464,110.94016383217597,4.15817705517901,419.72639194976915,20.49981288203252
Сахалинская область,2011,2030.787927891432,448.4504759975694,1582.3374518938626,111.60623860644117,222.19971642697996,16.001620417257445,819.7285801093782,105.124569576666
Сахалинская область,2012,2086.5836226260976,506.43250969981625,1580.1511129262815,108.63794159689606,216.45905656524405,19.19542577088013,845.2113538901368,86.99203594037166
Сахалинская область,2013,2541.8211784095593,511.12484548825717,2030.6963329213022,120.10712814173878,251.1330861145447,14.833127317676146,1091.6769674495263,95.38524927894521
Сахалинская область,2014,2394.7149396587597,495.0062421972534,1899.7086974615063,99.87515605493134,254.26550145651268,15.397419891801913,960.6741573033707,79.27590511860174
Сахалинская область,2015,2360.2094240837696,429.5287958115183,1930.6806282722512,107.01570680628272,229.3193717277487,17.172774869109947,909.5287958115183,57.59162303664922
Сахалинская область,2016,2569.8699118757863,396.3491397398237,2173.520772135963,100.71338648762065,194.50272765421738,11.95971464540495,995.803608896349,62.945866554762894
Сахалинская область,2017,2393.6859711478155,412.71168722559065,1980.9742839222245,103.49153251097638,232.07192138825005,12.544428183148652,821.2418983901317,51.85030315701442
Сахалинская область,2018,2099.1180176396474,374.842503149937,1724.2755144897103,64.04871902561949,179.12641747165057,10.499790004199916,733.3053338933222,49.769004619907605
Сахалинская область,2019,2000.2111040743089,423.6858771374288,1576.52522693688,61.00907747519527,184.71606502005488,8.655267046654002,684.8216170572092,37.78762930124551
Сахалинская область,2020,1915.1928404005964,449.1796292350309,1466.0132111655657,71.80907734924355,134.02940549754953,8.097165991902834,610.6967824419348,27.061581078201574
Сахалинская область,2021,1904.7210300429185,459.4420600858369,1445.2789699570815,81.11587982832617,143.77682403433477,8.583690987124463,558.7982832618026,24.678111587982833
Сахалинская область,2022,1847.807207989579,460.2692140686061,1387.5379939209727,89.23143725575336,170.4298740772905,7.381676074685192,495.44072948328267,19.32262266608771
Свердловская область,2011,1795.6355194428322,444.062681369704,1351.5728380731282,143.79570516540917,149.27452118398145,11.700522344747535,708.7173534532791,107.37086477074868
Свердловская область,2012,1657.877053548671,411.01095998331675,1246.8660935653543,126.86238617142062,145.58472553699283,10.542901499177422,689.8764974395812,90.66895289292583
Свердловская область,2013,1602.3839833352622,408.3323689387802,1194.051614396482,84.38838097442427,182.82606179840298,10.554333989121629,661.1734752922115,80.03703275083902
Свердловская область,2014,1609.5165464965798,409.9186540950268,1199.597892401553,66.62506932889629,220.02680717322983,10.676650027731558,629.7374745794048,63.389720835644304
Свердловская область,2015,1669.0994757142525,374.0212947779292,1295.0781809363234,67.18710303254267,181.46753816661663,10.023789177079244,695.6833036930965,59.10340208328522
Свердловская область,2016,1465.8227263277047,315.5074037284299,1150.3153225992746,63.82683822680127,141.12130102335468,9.26332324609023,600.3372681281619,55.48753724964772
Свердловская область,2017,1348.0623381428043,301.86366999630036,1046.198668146504,42.91527931927488,153.90307066222715,7.907880133185349,572.2114317425084,49.29707732149463
Свердловская область,2018,1284.6218020022247,277.8318502039303,1006.7899517982944,58.5836114200964,139.9935113088617,6.766777901371896,507.3924731182796,44.79514275120505
Свердловская область,2019,1340.0385141876059,294.6567365026333,1045.3817776849726,51.59973086471311,133.75559731792765,6.61237558293311,510.52179763810585,42.852834040973526
Свердловская область,2020,1363.593975847438,308.24823984706484,1055.345736000373,61.617009371940135,133.56180351564322,6.6675991980230345,502.63440108173637,30.773534760106315
Свердловская область,2021,1277.8572601261817,319.2297769542885,958.627483171893,64.35724839927762,137.1344137720759,6.097990008677909,478.85639233529565,23.946337687923634
Свердловская область,2022,1222.476469061829,291.5241442759076,930.9523247859214,52.01575806185274,121.55882144794884,5.402090066287655,469.62798707272765,21.348871222665185
Севастополь,2015,1892.0896204846822,400.5486968449931,1491.5409236396893,74.98856881572932,82.533150434385,7.544581618655694,1178.0978509373572,129.172382258802
Севастополь,2016,1243.5673789795028,257.7409507195813,985.8264282599215,58.43872655909289,65.1984300043611,3.488879197557784,576.9733972961186,64.54426515481902
Севастополь,2017,1013.347236704901,250.67778936392077,762.6694473409801,75.49530761209593,81.96037539103233,5.630865484880084,383.733055265902,46.92387904066736
Севастополь,2018,817.253803042434,191.95356285028024,625.3002401921538,48.03843074459567,73.85908726981584,2.401921537229784,266.01281024819855,26.220976781425136
Севастополь,2019,811.2557427258805,195.44410413476265,615.8116385911179,34.07350689127106,94.5635528330781,3.2542113323124044,239.6630934150077,22.97090352220521
Севастополь,2020,1147.7999247837533,275.2914629559985,872.5084618277549,43.43738247461452,129.55998495675067,2.6325686348251223,302.7453930048891,29.522376833396013
Севастополь,2021,1120.730593607306,286.21004566210047,834.5205479452055,60.273972602739725,103.19634703196347,2.374429223744292,363.4703196347032,26.84931506849315
Севастополь,2022,1122.873007343722,283.71843095110154,839.1545763926205,49.97313272434176,92.06519792226402,3.403188250044779,421.99534300555257,29.55400322407308
Смоленская область,2011,1862.4143923131965,466.9324338137586,1395.481958499438,249.00337319840543,129.51037514054994,8.075232546253707,739.34375958295,96.08504548706941
Смоленская область,2012,1749.896992171405,394.6229913473424,1355.2740008240628,187.7832715286362,121.96126905644829,7.725587144622992,711.88710341986,75.4017305315204
Смоленская область,2013,1535.05304763886,338.88079883503224,1196.1722488038279,109.52777199916788,137.61181610151863,6.7609735801955475,628.5625130018723,60.74474724360308
Смоленская область,2014,1438.5524526723145,353.4149147578705,1085.137537914444,85.03294634452463,156.1552138897605,9.204058152912875,554.4399121430812,49.785587281665094
Смоленская область,2015,1451.5822784810125,353.58649789029533,1097.9957805907172,95.67510548523207,145.56962025316454,8.544303797468354,534.915611814346,38.39662447257383
Смоленская область,2016,1454.0718690197746,290.98447799277056,1163.087391027004,80.90580480544334,99.82989581118434,7.123112906655327,522.2198596640443,35.93450988730598
Смоленская область,2017,1390.8857509627728,300.4920838682071,1090.393667094566,88.57509627727856,113.50021394950791,4.599914420196834,507.59520753102277,38.72486093281985
Смоленская область,2018,1353.0301393540024,295.6681430268985,1057.3619963271037,71.2973965647618,116.12833531381656,5.617370638435778,468.2942638003673,43.318569731014364
Смоленская область,2019,1523.4664920323073,391.18096485483517,1132.285527177472,63.959834097358645,142.1087098886706,6.657934948701157,571.4909408426107,48.679327657716655
Смоленская область,2020,1640.2310340997446,483.83872042652456,1156.39231367322,76.30789736754416,139.06475619238032,6.886593357769632,606.7977340886372,52.20482061535044
Смоленская область,2021,1579.9977449543353,452.700417183448,1127.2973277708873,86.25549667380766,131.24365768406813,6.539632427556658,546.9613259668508,42.507610779118274
Смоленская область,2022,1673.6540664375716,498.2817869415808,1175.3722794959908,72.62313860252004,163.34478808705612,5.72737686139748,565.5211912943872,41.1225658648339
Ставропольский край,2011,1240.4303227420564,333.5001250938204,906.9301976482361,158.19007112477215,152.5072375710354,5.504128096072054,462.41824225311836,59.11576539547517
Ставропольский край,2012,1265.0289736570799,308.5427850261296,956.4861886309503,153.50705677414766,145.29489139322408,5.510327420100252,463.400760780689,56.98745067368196
Ставропольский край,2013,1196.7392841986136,278.43400763898717,918.3052765596266,142.4529636440798,128.5542509548734,6.365822605743386,409.2870278681567,40.81199603904371
Ставропольский край,2014,1177.3229232608849,266.96912147429134,910.3538017865935,91.36948723359359,124.00647112611662,5.1346978968840125,405.07842723500033,35.55602447773792
Ставропольский край,2015,1268.8175805717885,260.03429331280404,1008.7832872589846,115.93239318332927,113.65783672183925,5.703887741890331,448.12261608986256,32.12373587150506
Ставропольский край,2016,1195.501549388949,248.9815814212597,946.5199679676891,113.15761986003274,123.84666272065736,4.595940252776714,376.55374116500127,26.287385536715295
Ставропольский край,2017,1101.7885049487757,232.714012849453,869.0744920993229,89.84198645598194,124.95224865428025,4.202118423337385,356.4160444521618,26.39347108873068
Ставропольский край,2018,1119.7268536171098,268.32819161842696,851.3986619986828,76.74442788311553,122.08395438316752,4.090263094041388,405.1440257894554,25.47748622135949
Ставропольский край,2019,1196.3775352088428,306.15336937433284,890.2241658345099,87.84132777796908,108.36403705106574,3.9254846596191593,446.85100375331433,24.72366654040839
Ставропольский край,2020,1211.2457819709387,370.4634667033951,840.7823152675436,94.00179051029544,134.5293023896426,3.3744232490875286,412.0239652916466,20.90076441016459
Ставропольский край,2021,1171.6795865633076,345.0129198966408,826.6666666666667,93.16106804478898,116.07235142118864,2.8940568475452193,401.068044788975,15.917312661498709
Ставропольский край,2022,1161.0749861649144,336.4001106806862,824.6748754842281,81.28112894299944,115.0387382401771,2.801604869950194,383.43940232429446,14.457664637520754
Тамбовская область,2011,1251.7786196063937,283.4703871385014,968.3082324678925,150.88238011641874,146.26258893098031,7.1144784255751645,464.7509932551049,40.007391665896705
Тамбовская область,2012,1090.6639389994418,230.98381997396316,859.6801190254789,73.83299237493026,146.550120885252,6.695183187651106,392.5051143760461,30.40729031058211
Тамбовская область,2013,1096.8466360999346,240.291943482736,856.5546926171985,69.71086366613642,153.45747169458218,5.614297744923738,359.22148404603723,29.849349677177877
Тамбовская область,2014,1080.4218852999338,257.0863546473302,823.3355306526038,55.27827479046991,158.77201243054898,5.932762030323006,366.23034184009794,26.744514549392594
Тамбовская область,2015,1260.4305582015622,260.1447894837112,1000.285768717851,52.009906648885504,160.6972756715565,5.334349399885693,430.653457801486,26.290722042293773
Тамбовская область,2016,1171.2994132922959,224.10310666538425,947.1963066269116,61.267673367317485,121.38116764451283,4.712897951332115,369.6258536116187,22.69885543906896
Тамбовская область,2017,1114.2303969022264,198.83833494675702,915.3920619554694,40.07744433688287,108.61568247821877,5.033881897386254,374.540174249758,23.62052274927396
Тамбовская область,2018,1182.9016054368167,222.20033487639122,960.7012705604255,45.011326701467546,116.61577858760958,5.417118093174431,377.8193637348567,22.751895991332614
Тамбовская область,2019,1258.5006959634122,266.15629349771325,992.344402465699,49.7116723006562,133.52555179956255,4.772320540862995,403.6587790813283,22.56909922449791
Тамбовская область,2020,1334.6424974823765,301.71198388721047,1032.9305135951663,59.11379657603223,135.64954682779455,3.927492447129909,407.4521651560927,23.76636455186304
Тамбовская область,2021,1382.5962618731487,295.8839750791543,1086.7122867939945,68.63446021856807,144.4183433765703,2.655499948932693,400.16341538147276,20.32478807067715
Тамбовская область,2022,1428.0244230570217,359.41219083100486,1068.6122322260169,68.92269481527477,162.99285936044708,4.553451309117252,429.57673600331157,21.73238124805961
Тверская область,2011,2156.506185720674,626.173796392905,1530.3323893277686,204.72499627366224,104.26293039201073,11.924280816813235,1067.0740795945744,109.85243702489194
Тверская область,2012,1911.8727968199205,534.3883597089928,1377.4844371109277,217.80544513612844,97.12742818570464,9.450236255906399,879.0969774244356,74.02685067126679
Тверская область,2013,1521.108677592327,395.2118420058908,1125.896835586436,158.74933917377842,91.458349067291,8.609621629786272,646.0237142209803,47.277395967071975
Тверская область,2014,1544.8800913589646,328.8161400837457,1216.0639512752189,67.98629615531024,97.60182717929197,9.592691282832128,650.628092881614,45.07042253521127
Тверская область,2015,1759.748234571692,326.2204482652748,1433.527786306417,83.12864599324531,88.1946576604237,9.517961314092723,760.4390543444889,42.063248388087196
Тверская область,2016,1621.6299729625337,268.3661645422943,1353.2638084202395,67.74816531479335,56.77867902665121,7.493240633449208,700.4248744689069,39.24295094631132
Тверская область,2017,1565.0171714018106,259.13206369029035,1305.8851077115203,65.17327505463628,56.899781454886046,8.663752731813924,655.869497346238,36.372151108335935
Тверская область,2018,1545.949786830886,260.618979946313,1285.330806884573,79.03047528817306,58.503079109426814,8.84257066161377,617.0851097426181,28.97520922153798
Тверская область,2019,1649.3237867939538,349.2442322991249,1300.079554494829,49.96022275258552,114.39936356404137,6.443914081145586,641.6865552903739,32.69689737470167
Тверская область,2020,1749.1544532130779,454.0988887099372,1295.0555645031407,56.61137059107747,86.32630053148655,6.120148172008375,772.1855371235304,35.27138025446932
Тверская область,2021,1678.8743882544861,440.6199021207178,1238.2544861337683,58.31973898858075,82.05546492659053,7.3409461663947795,737.9282218597064,34.01305057096248
Тверская область,2022,1762.8797886393659,516.6776750330251,1246.2021136063408,153.73183619550858,91.39696169088506,6.605019815059444,697.4075297225891,36.90554821664465
Томская область,2011,2157.3023079833524,438.138479001135,1719.1638289822172,104.7105561861521,155.5051078320091,7.850926976920166,1047.38933030647,155.88346575860763
Томская область,2012,2177.9533483822424,515.895410082769,1662.0579382994733,155.09781790820165,180.2106847253574,10.15801354401806,1033.2957110609482,144.9398043641836
Томская область,2013,1936.2717574396409,393.22478008609403,1543.046977353547,58.30058019839042,193.89855886206254,9.451618940670038,866.0864682762494,117.53696425229272
Томская область,2014,1922.4170085788885,417.28832525177165,1505.1286833271167,45.412159641924646,233.40171577769487,10.63036180529653,836.8146214099216,94.9272659455427
Томская область,2015,2150.6096993391047,429.8613050358373,1720.7483943032673,58.64283719631388,211.20729777529556,9.308386856557759,952.1548915572932,103.04384250209439
Томская область,2016,1899.0612510456363,359.2341295659448,1539.8271214796912,57.62617343619295,169.81132075471697,8.36508969235059,812.1572636862162,72.96217120550237
Томская область,2017,1747.5809452921474,312.89542240416824,1434.6855228879792,52.56791961295125,147.28321548195012,7.629326386304429,663.4722739114254,60.38332713062896
Томская область,2018,1663.964971119806,315.1667598285821,1348.798211291224,58.41252096143096,134.05999627352335,5.869200670765791,614.0301844605925,52.07751071362027
Томская область,2019,1643.2492788685213,381.0365683446543,1262.212710523867,63.64566855866754,168.79129059272356,4.745510374988369,561.7381594863683,42.52349492881734
Томская область,2020,1632.5917581901813,399.5118745893176,1233.0798836008637,56.979254670046,118.83976344691635,4.975124378109453,630.245001408054,38.862292312024785
Томская область,2021,1582.1021925284651,383.73953138232804,1198.362661146137,85.91323986073209,105.86242589630186,4.9872965088924435,506.4458454879081,28.041780370753738
Томская область,2022,1765.8017298735863,415.6449006748408,1350.1568291987455,76.89383138484935,118.0496150556031,4.277159965782721,555.5555555555557,29.654975762760195
Тульская область,2011,947.1001870847042,309.141345719631,637.9588413650732,145.21643764918392,105.92864976453133,7.4833881685052575,346.23572672730796,47.60983162376621
Тульская область,2012,897.6418761337135,302.86343612334804,594.7784400103653,124.38455558434829,113.11220523451672,7.5149002332210415,333.63565690593424,40.7488986784141
Тульская область,2013,816.9407787817722,257.0369888838328,559.7737762465058,94.58493141779887,98.42033413508419,8.515894168887733,291.68562699083407,39.19911590717026
Тульская область,2014,799.5442708333333,229.36197916666666,570.1822916666667,71.74479166666666,94.66145833333334,6.705729166666667,302.86458333333337,28.580729166666668
Тульская область,2015,859.7668208167786,235.1983325734384,624.5684882433401,57.38292190451377,89.2985084348336,7.816062007425259,351.07145183351787,31.459649579886666
Тульская область,2016,782.535027696318,200.0,582.535027696318,61.06223525578365,64.77680026067122,7.038123167155426,289.27989573150865,28.8693385467579
Тульская область,2017,818.709635331724,196.68601996216321,622.023615369561,56.88564159436362,67.38860982451563,6.197403614064844,295.3878269945854,27.333811729401784
Тульская область,2018,880.3250753702976,197.66679774544502,682.6582776248525,60.0996198715428,60.623934984925945,5.046532966312754,330.84283654476343,27.65762223096081
Тульская область,2019,858.8545095457539,214.74654377880182,644.1079657669519,63.0678077682686,67.67610269914417,4.213298222514812,297.1691902567478,24.358130348913758
Тульская область,2020,864.1549482621385,253.84717431679493,610.3077739453436,64.93764924383126,70.31042716901035,4.245157866808172,298.819315468294,24.40965773414699
Тульская область,2021,1039.2196164896104,313.42286363332664,725.7967528562838,68.21674350237188,62.33714171176589,4.07563305939734,400.94875392530236,24.32017104296118
Тульская область,2022,1068.2416469794127,303.948700641242,764.2929463381707,62.50421869726629,71.07661154235572,3.712453594330071,398.38002024974685,22.27472156598043
Тюменская область,2011,2571.8887262079065,582.5036603221083,1989.3850658857978,229.20937042459735,192.89897510980967,11.859443631039532,1104.02635431918,151.02489019033675
Тюменская область,2012,2110.2661596958174,479.01571131358054,1631.250448382237,181.72035296649688,191.04670349379438,11.048138316952436,854.1502259846472,100.29413874739939
Тюменская область,2013,2368.4284509418057,470.480742198482,1897.9477087433238,99.24093337081814,223.85437166151257,9.066629181894859,909.1931402867589,102.47399493955585
Тюменская область,2014,2090.105030403538,418.11774461028193,1671.9872857932562,66.6113875069099,221.66943062465455,8.775566611387509,827.3908236594805,85.61359867330017
Тюменская область,2015,2097.143243975088,360.2761982128351,1736.867045762253,64.04007581911725,178.9195775792039,8.461955050094772,810.1137286758732,68.50798808556729
Тюменская область,2016,1824.9833887043187,299.80066445182723,1525.1827242524917,58.80398671096345,140.46511627906978,7.774086378737542,609.767441860465,54.750830564784046
Тюменская область,2017,1727.872493304592,299.8236331569665,1428.0488601476256,79.29975831210399,161.86556927297667,6.466784244562023,561.3691292703638,46.57391077144163
Тюменская область,2018,1648.174337876061,317.24093597325793,1330.9334019028029,77.26922087940345,135.1889946001543,6.1712522499357165,572.6407816919517,39.53458472615068
Тюменская область,2019,1687.7572993856481,394.83184495534863,1292.9254544302996,73.0255240990563,153.6512762049528,5.700171005130153,587.5609601621381,33.69434416365824
Тюменская область,2020,1557.6318107461934,435.25858814647034,1122.3732225997232,77.95394488486221,161.44457027809236,5.8512646281615694,487.98288662388313,21.39172014596703
Тюменская область,2021,1507.4561677169775,419.85399638110687,1087.6021713358707,85.1063829787234,167.4050040556561,4.741997878579896,464.9029762276159,17.28333437324515
Тюменская область,2022,1466.6459434255519,429.34410941871306,1037.3018340068386,75.66055331053776,171.27758781473423,5.5331053776810695,437.36400373018336,15.169412496114393
Удмуртская Республика,2011,1846.1182994454714,388.30208608397146,1457.8162133614999,154.40982307895433,149.98679693688936,9.770266701874835,737.6551359915501,152.4293636123581
Удмуртская Республика,2012,1811.0522832561217,355.9232296492389,1455.1290536068827,112.11118464592984,127.99470549305096,8.338848444738584,723.7590999338187,121.17802779616149
Удмуртская Республика,2013,1791.1497379420155,372.18868174882243,1418.9610561931931,110.19704106680821,167.38539109666291,7.49684866980694,644.4636104292445,106.28275724805944
Удмуртская Республика,2014,1786.4264823185322,395.3070991757511,1391.119383142781,88.14145174155809,195.29380483913852,7.511300186120712,618.1866524860409,92.19622440840202
Удмуртская Республика,2015,1968.816631130064,350.4131130063966,1618.4035181236673,66.63113006396588,170.17590618336888,7.529317697228145,654.0511727078891,79.35767590618337
Удмуртская Республика,2016,1751.2022441891531,321.2663638792412,1429.9358803099117,57.841303767031796,157.62757146673792,7.814587229495057,547.3550627838632,59.64467005076142
Удмуртская Республика,2017,1622.2401181128785,324.6761962284411,1297.5639218844374,61.807932353533324,170.45835849942958,6.509630226159318,539.1584457418966,62.613247433058184
Удмуртская Республика,2018,1707.4866671167217,357.5237966650915,1349.9628704516304,84.04779585499223,162.6949301289408,5.53567812056977,580.9086613110106,57.1119962195369
Удмуртская Республика,2019,1838.814895351998,434.62897526501774,1404.1859200869803,79.23348736069585,171.10627888013047,5.3683066050557215,658.7387877140528,51.98423484642566
Удмуртская Республика,2020,1921.760558559792,547.9498939010199,1373.8106646587719,78.85550003422547,177.83558080635225,5.749880210828941,745.5678006708193,45.2460811828325
Удмуртская Республика,2021,1830.6301332045,545.1031817240665,1285.5269514804334,87.58368417420111,178.2041548761129,4.4171440403064395,713.7828697632686,33.61170543170681
Удмуртская Республика,2022,1704.5486062959367,499.44529191512964,1205.103314380807,93.19095825821661,176.39717098876716,3.6056025516571903,616.419359312162,30.30092913604216
Ульяновская область,2011,1293.95690193629,316.9893816364772,976.9675202998126,119.69081823860088,102.98251093066833,9.212991880074954,484.2286071205497,87.67957526545909
Ульяновская область,2012,1286.5340775096297,288.4993318135367,998.0347456960932,97.1621727851584,102.97932552472291,9.669051175222075,519.0629667478972,76.09464664727616
Ульяновская область,2013,1188.909105292303,286.2906415631675,902.6184637291354,76.73443556680643,110.03876275611108,7.831658887746223,465.5486116604699,66.76686970967486
Ульяновская область,2014,1226.727084823913,297.6389220128786,929.0881628110342,64.47253358772556,145.00357739088955,7.552269655775498,471.9771046983067,58.43071786310517
Ульяновская область,2015,1314.8015017173896,290.51841201373907,1024.2830897036504,69.73400431344356,122.29411294831856,8.307372793354102,549.4049045450914,50.003993929227576
Ульяновская область,2016,1229.6147672552165,255.29695024077049,974.3178170144463,53.37078651685393,93.33868378812198,7.54414125200642,507.22311396468695,52.487961476725516
Ульяновская область,2017,1096.7950270444821,216.19439735206262,880.6006296924194,59.65932025510617,91.22467102607573,6.054734802615645,442.31855978041494,37.78154516832163
Ульяновская область,2018,1071.6609728322758,208.15031722791605,863.5106556043597,67.1872458109647,90.53196681307955,5.36847242557345,408.32926630876847,40.019521717911175
Ульяновская область,2019,1038.2061162580962,228.4168238091334,809.7892924489628,63.62220218086414,94.6954169057965,7.542838402885955,346.2326801672542,28.695580880544398
Ульяновская область,2020,1054.09659514539,283.65504100737303,770.4415541380168,55.83630188054014,110.76132880457294,5.881865628365505,345.78742440560023,27.91815094027007
Ульяновская область,2021,1030.1250314676513,289.92196022488884,740.2030712427625,74.09582948728706,104.05303348158093,7.300495091046404,323.73919610640263,20.30712427624402
Ульяновская область,2022,1029.5512277730736,283.91193903471634,745.6392887383573,65.45300592718036,97.7138018628281,6.689246401354784,309.48348856900935,22.01524132091448
Хабаровский край,2011,2049.1949910554563,489.8628503279666,1559.3321407274896,60.82289803220036,149.44841979725703,15.951103160405486,997.2420989862851,169.49910554561717
Хабаровский край,2012,1979.4106676613203,460.0522193211488,1519.3584483401717,61.54419992540097,162.47668780305855,17.157776948899663,907.4972025363671,139.50018649757553
Хабаровский край,2013,2128.2242990654204,465.6448598130841,1662.5794392523364,70.05607476635514,187.9626168224299,16.52336448598131,966.8785046728973,130.69158878504672
Хабаровский край,2014,2216.7465548232476,440.6830437387657,1776.0635110844817,67.10605152786098,185.14080287597363,14.230077890952666,986.2192929898142,100.13481126423007
Хабаровский край,2015,2325.0187828700227,436.5138993238167,1888.5048835462057,72.35161532682194,166.5664913598798,15.251690458302027,1043.1254695717505,94.06461307287753
Хабаровский край,2016,2032.0517643518174,370.7019787826349,1661.3497855691821,63.05018433526447,130.68994056128207,13.392521254984576,892.9350688435784,73.95982243623506
Хабаровский край,2017,1814.9743124811125,312.33000906618315,1502.644303414929,61.87669990933817,134.17951042611062,12.390450287095799,761.1060743427017,61.952251435479
Хабаровский край,2018,1709.5010252904988,338.9534442166021,1370.5475810738967,53.92268550163287,141.49008885850992,11.61995898838004,734.563681932103,52.8594212804739
Хабаровский край,2019,1826.9230769230767,384.004884004884,1442.9181929181927,50.366300366300365,125.07631257631257,10.53113553113553,796.0164835164835,51.2057387057387
Хабаровский край,2020,1752.3743340282604,406.0690294185777,1346.3053046096827,48.413249942089415,123.07929889583818,12.277044243687747,697.9383831364374,37.757702107945335
Хабаровский край,2021,1700.727103960396,468.1311881188119,1232.5959158415842,59.09653465346535,130.10519801980197,12.298886138613861,645.6528465346535,31.17264851485149
Хабаровский край,2022,1659.683825247255,429.7173117358461,1229.9665135114087,45.47932404018379,126.46990109804533,10.045946577369365,636.4769098979831,35.82275523713106
Ханты-Мансийский автономный округ — Югра,2011,1994.110869286903,456.59966713609015,1537.5112021508128,155.80591473562924,212.2647548329279,8.96172065036487,807.8351043400332,85.5844322109845
Ханты-Мансийский автономный округ — Югра,2012,1728.0580075662044,412.7364438839849,1315.3215636822194,149.3064312736444,213.36696090794453,8.638083228247162,629.6973518284994,52.143757881462804
Ханты-Мансийский автономный округ — Югра,2013,1576.1419733799914,404.36168218459045,1171.7802911954009,112.29144535399614,223.64556645628943,7.186152596388178,570.2055864525402,42.55452102730738
Ханты-Мансийский автономный округ — Югра,2014,1493.6270263581239,379.9653508229179,1113.661675535206,52.530627397599304,235.86189827991583,6.744214824897908,469.6819700532112,31.308006434847176
Ханты-Мансийский автономный округ — Югра,2015,1457.4142156862745,322.79411764705884,1134.6200980392157,56.495098039215684,191.29901960784315,7.107843137254902,484.12990196078425,25.0
Ханты-Мансийский автономный округ — Югра,2016,1367.5865407891552,300.2904865649964,1067.2960542241588,63.5439360929557,171.9922536916001,5.991285403050109,405.5313483418058,22.270636649721613
Ханты-Мансийский автономный округ — Югра,2017,1362.2857142857142,308.8721804511278,1053.4135338345864,62.49624060150376,181.29323308270676,5.654135338345865,371.609022556391,19.548872180451127
Ханты-Мансийский автономный округ — Югра,2018,1272.259762004425,337.14046522753097,935.1192967768942,79.29199306344556,174.78921246187886,4.6642348860850324,355.37881958978653,15.42785385397357
Ханты-Мансийский автономный округ — Югра,2019,1229.0108063175394,342.477140482128,886.5336658354115,61.0378814867593,156.92910580691128,4.275026718916993,358.09286308039424,13.062581641135257
Ханты-Мансийский автономный округ — Югра,2020,1235.249087268873,380.4616652926628,854.78742197621,57.7670474620186,150.92450830290895,4.122011541632316,324.93228123895886,11.011659404074903
Ханты-Мансийский автономный округ — Югра,2021,1212.9770101528766,372.33049363986464,840.646516513012,68.56109230948769,149.02555724121837,4.259540203057533,321.85785972692264,11.37822383008519
Ханты-Мансийский автономный округ — Югра,2022,1177.5312066574202,356.96948682385573,820.5617198335644,62.81784558483587,147.07582061950993,3.814147018030513,311.71983356449374,11.55802126675913
Челябинская область,2011,2213.9758066833315,508.34698158204753,1705.628825101284,218.5731115133753,132.37364595006179,12.58512197224377,1016.9238284055972,150.01580323535327
Челябинская область,2012,2024.1845253464155,434.17391054881375,1590.0106147976016,179.24663625670598,136.9595777031873,11.131193160627708,909.7742203861492,121.18082451157588
Челябинская область,2013,1939.1829953019364,454.22252778732667,1484.96046751461,186.8912570184485,166.26561246705626,11.544631603070929,760.2268820900653,101.06565830182193
Челябинская область,2014,1792.5790406494766,384.9979989708993,1407.5810416785775,64.46172317191699,179.20644903093017,10.31959293350866,761.191469898805,92.8191641415585
Челябинская область,2015,2016.0479725870932,388.1210736721873,1627.9268989149057,64.33466590519703,182.92404340376928,10.16561964591662,886.3221016561965,87.2644203312393
Челябинская область,2016,1842.9749707468818,367.8472559148378,1475.1277148320441,67.12520334484432,175.80410399840179,9.332458118096977,730.6429978024487,87.30271982647906
Челябинская область,2017,1951.8427377818473,420.53908664301247,1531.3036511388348,79.03170424630879,252.7183243676319,7.468238525809774,747.9970241501659,89.21826713975048
Челябинская область,2018,1864.975991259093,408.49363121423846,1456.4823600448547,90.19810805371057,230.7139365709192,7.044480864889732,717.1856580120187,77.71931337876305
Челябинская область,2019,1919.0209870848707,425.7956642066421,1493.2253228782288,67.68911439114392,219.61485239852396,6.140452029520295,773.2645295202951,85.27444649446494
Челябинская область,2020,1839.0944710491947,440.6036859672036,1398.4907850819911,70.904077782615,207.3719344071978,5.137135393992163,698.8535771295893,66.1442461181251
Челябинская область,2021,1908.434650455927,494.3301379471593,1414.1045125087678,83.58662613981764,229.36637830254853,5.260696750058452,743.7456160860417,59.56277764788403
Челябинская область,2022,1844.5011886941973,447.7708314989287,1396.7303571952687,83.79560329899329,213.37794605382877,4.930879633706085,683.7192920665669,39.94599512782131
Чеченская Республика,2011,326.62776412776407,109.72051597051595,216.90724815724815,29.944717444717444,49.216830466830466,6.987100737100736,42.38329238329238,4.069410319410319
Чеченская Республика,2012,295.728946574102,86.85481436764262,208.8741322064594,31.617869000905525,56.06700875339571,4.9803803199517045,51.91669182010262,3.3957138545125263
Чеченская Республика,2013,269.93318485523383,72.60579064587974,197.3273942093541,31.031922791388272,48.62657757980698,4.008908685968819,44.61766889383816,3.78619153674833
Чеченская Республика,2014,255.3812477198103,77.12513681138272,178.2561109084276,24.954396205764322,54.21379058737686,2.116016052535571,48.522437066763956,2.334914264866837
Чеченская Республика,2015,245.57252455725248,68.68860686886067,176.88391768839176,29.468702946870295,49.61640496164049,2.796300279630028,48.89940488994049,1.720800172080017
Чеченская Республика,2016,263.1095406360424,64.73498233215548,198.37455830388691,36.53710247349824,49.25795053003534,1.8374558303886925,54.487632508833926,2.402826855123675
Чеченская Республика,2017,275.14442820352195,70.36959699310921,204.77483121041274,43.363263033340296,72.87533931927334,1.7400988376139765,41.20554047469896,1.322475116586622
Чеченская Республика,2018,228.64597638011531,58.500411974732216,170.14556440538314,42.63938478439989,49.16231804449327,1.02993683054106,40.71683603405658,0.892611919802252
Чеченская Республика,2019,255.73526426202883,69.02618934831156,186.70907491371727,40.26527711984841,43.91960479122961,0.9474182851729037,58.401570007444,0.4060364079312445
Чеченская Республика,2020,209.74208205265268,57.53040224508887,152.21167980756383,37.9526927702793,33.20860617399439,1.202726179339837,47.84177468929574,0.6681812107443539
Чеченская Республика,2021,206.52317443549455,61.73247061930544,144.7907038161891,43.17971741713984,29.380694572824513,0.9243364584708834,38.624059157533345,0.264096130991681
Чеченская Республика,2022,157.57891990607877,43.76467518914688,113.81424471693191,27.78502478476389,24.589094703887294,1.174015131750587,21.654056874510825,0.19566918862509783
Чувашская Республика,2011,1444.3998394219188,341.54957848253713,1102.8502609393818,197.4307507025291,69.61059815335207,7.948615014050582,495.7848253713368,79.00441589723003
Чувашская Республика,2012,1332.8496573962113,308.9076985086658,1023.9419588875453,150.5038291011689,64.8931882305522,6.610237807335752,426.44095122934306,69.4074969770254
Чувашская Республика,2013,1146.0492227979275,259.47215025906735,886.57707253886,141.35362694300517,62.98575129533679,7.610103626943005,336.94948186528495,49.30375647668394
Чувашская Республика,2014,1118.8504627374573,251.90777723656436,866.942685500893,110.48871570060075,77.1229095632408,7.54992693619094,324.97158629647674,38.39909076148725
Чувашская Республика,2015,1276.4849471114728,234.25549227013832,1042.2294548413345,84.0520748576078,69.81285598047194,8.21806346623271,426.6883645240033,41.334418226200164
Чувашская Республика,2016,1127.8121943267035,196.6905771111836,931.12161721552,79.80110857515487,53.71698728399087,5.950440169546789,338.27844799478316,27.95891750896642
Чувашская Республика,2017,1047.3149967256059,236.82056319580877,810.494433529797,84.47937131630648,93.811394891945,7.039947609692207,291.3392272429601,30.370006548788474
Чувашская Республика,2018,975.1752577319587,220.9484536082474,754.2268041237113,83.95876288659794,85.77319587628865,3.463917525773196,276.61855670103097,20.783505154639176
Чувашская Республика,2019,1030.6799336650083,287.1475953565506,743.5323383084577,93.28358208955224,90.96185737976784,3.814262023217247,276.86567164179104,16.417910447761194
Чувашская Республика,2020,1092.0656176765985,377.9712085704721,714.0944091061266,93.32105791764313,112.98962169400737,3.682624707063944,312.60462002008705,13.558754603280883
Чувашская Республика,2021,1061.491680040544,331.2779795590843,730.2137004814595,78.38499873300108,69.34707323253653,3.5475969254159976,284.5679533744404,9.882591435087422
Чувашская Республика,2022,1085.0664848278211,312.39345380156834,772.6730310262529,80.37845209682918,86.51551312649164,3.0685305148312305,241.64677804295943,9.12035458574838
Чукотский автономный округ,2011,1435.8974358974358,313.6094674556213,1122.2879684418147,128.2051282051282,94.67455621301775,25.64102564102564,552.2682445759368,35.50295857988166
Чукотский автономный округ,2012,1667.9920477137177,395.6262425447316,1272.365805168986,127.23658051689861,141.15308151093438,25.844930417495032,554.6719681908548,53.67793240556661
Чукотский автономный округ,2013,1591.1823647294589,382.76553106212424,1208.4168336673347,90.18036072144288,82.16432865731463,14.02805611222445,501.00200400801606,48.096192384769545
Чукотский автономный округ,2014,1297.7867203219314,265.59356136820924,1032.193158953722,66.39839034205231,72.43460764587525,22.132796780684103,414.48692152917505,32.19315895372233
Чукотский автономный округ,2015,1654.471544715447,319.10569105691053,1335.3658536585365,83.33333333333333,50.81300813008129,14.227642276422763,636.1788617886178,46.7479674796748
Чукотский автономный округ,2016,1646.0905349794239,325.1028806584362,1320.9876543209878,67.90123456790124,67.90123456790124,28.806584362139915,481.48148148148147,32.92181069958848
Чукотский автономный округ,2017,1483.3333333333335,220.83333333333334,1262.5,66.66666666666666,43.75,16.666666666666664,410.4166666666667,25.0
Чукотский автономный округ,2018,1555.093555093555,293.13929313929316,1261.954261954262,70.68607068607068,60.2910602910603,16.63201663201663,399.16839916839916,24.948024948024948
Чукотский автономный округ,2019,1597.9381443298969,350.5154639175258,1247.4226804123712,88.65979381443299,47.42268041237113,20.618556701030926,397.9381443298969,20.618556701030926
Чукотский автономный округ,2020,1651.2605042016805,401.26050420168065,1250.0,109.24369747899159,44.11764705882353,16.806722689075627,464.2857142857142,12.605042016806722
Чукотский автономный округ,2021,1636.7432150313152,411.27348643006263,1225.4697286012527,118.99791231732777,35.49060542797495,10.438413361169102,396.6597077244259,22.964509394572026
Чукотский автономный округ,2022,1784.518828451883,550.2092050209205,1234.3096234309623,106.69456066945607,41.84100418410042,18.82845188284519,382.8451882845188,14.644351464435148
Ямало-Ненецкий автономный округ,2011,1762.994933383374,365.17170200788144,1397.8232313754927,162.13173203227623,169.2625258022143,14.073935072246202,604.053293300807,61.362356914993434
Ямало-Ненецкий автономный округ,2012,1707.732634338139,389.06571803033137,1318.6669163078075,153.34207077326343,180.86500655307992,13.855083317730763,591.6495038382325,42.126942520127315
Ямало-Ненецкий автономный округ,2013,1732.6263965158112,407.30922173830714,1325.317174777504,128.19541753455786,217.76178754023857,12.686991100170422,572.8081802688885,35.78867638704791
Ямало-Ненецкий автономный округ,2014,1718.4280808851581,390.69057611598623,1327.7375047691721,85.08202975963371,230.63716138878289,11.2552460892789,535.2918733307897,30.522701259061424
Ямало-Ненецкий автономный округ,2015,1868.1703286019836,370.6008166439821,1497.5695119580014,74.66459265020417,217.18841143301577,14.582928251993001,602.7610344157107,25.665953723507684
Ямало-Ненецкий автономный округ,2016,1560.9756097560976,274.7317073170732,1286.2439024390244,64.97560975609757,123.90243902439025,11.121951219512196,483.1219512195122,20.097560975609756
Ямало-Ненецкий автономный округ,2017,1615.6103286384975,288.34115805946794,1327.2691705790298,71.98748043818468,141.4319248826291,9.976525821596244,474.1784037558686,18.974960876369327
Ямало-Ненецкий автономный округ,2018,1509.009009009009,332.7457892675284,1176.2632197414807,65.80493537015276,129.06384645515078,9.9882491186839,415.98119858989423,21.73913043478261
Ямало-Ненецкий автономный округ,2019,1476.573220937071,369.33934522642613,1107.233875710645,53.71495785140168,110.56655557733777,8.821799647128014,417.7612232895511,17.839639286414428
Ямало-Ненецкий автономный округ,2020,1499.6069182389936,424.72484276729557,1074.882075471698,47.562893081761004,105.93553459119495,8.84433962264151,431.99685534591197,16.90251572327044
Ямало-Ненецкий автономный округ,2021,1361.697965571205,387.32394366197184,974.3740219092333,73.16118935837245,102.11267605633803,8.411580594679187,330.00782472613463,10.954616588419405
Ямало-Ненецкий автономный округ,2022,1299.1803278688526,426.03434816549577,873.1459797033567,56.98672911787666,162.56830601092898,7.41608118657299,297.8142076502732,13.856362217017956
Ярославская область,2011,1456.3864155700892,386.5731620833662,1069.813253486723,86.12402489953512,97.31305649672997,7.09163974470097,732.8815696162635,104.56228823575763
Ярославская область,2012,1362.7543776620919,371.03644107903455,991.7179365830574,96.15081243098281,105.85265814797286,6.23126676131882,655.229531471841,80.76983751380344
Ярославская область,2013,1215.7358401137528,318.7455565210522,896.9902835927007,71.01666798325301,101.50880796271426,7.583537404218342,582.3524764989335,71.9646101587803
Ярославская область,2014,1227.409400221554,305.58632695046686,921.8230732710872,37.980693147649944,116.47412565279316,6.4092419686659285,587.3555942395949,74.45798385820541
Ярославская область,2015,1724.0313762776327,378.57539022264484,1345.4559860549878,51.81839790824816,130.25909198954125,6.180175897314001,916.0922272403137,83.74930671103716
Ярославская область,2016,1461.6728890301056,320.0413059019779,1141.6315831281277,50.917467630471045,102.47041067598697,6.275319723568194,714.2743665104456,65.77170545714512
Ярославская область,2017,1427.6699416886333,286.84399712437096,1140.8259445642623,52.08083712756609,102.48422397955107,5.7512580877066855,635.4341401070373,56.074766355140184
Ярославская область,2018,1343.463579353594,275.7678083293134,1067.6957710242805,52.259205660073974,70.42932947419199,5.065123010130247,631.2912043736935,57.48512622608136
Ярославская область,2019,1433.2308190352865,354.2408546455164,1078.9899643897702,58.67594690838459,92.18193590158627,5.8271285205568155,633.6192942699904,57.1382324376821
Ярославская область,2020,1316.8535647049193,338.95391667348775,977.8996480314315,58.27944667266923,76.53270033559794,4.993042481787673,549.8894982401572,42.07252189571908
Ярославская область,2021,1332.5039396201375,368.91432362942686,963.5896159907107,58.05755992369578,67.51264825412623,9.786845815708716,530.0655221033425,29.775234303723973
Ярославская область,2022,1537.585802779173,346.30838774485187,1191.2774150343212,63.954461744517,75.00418550142307,5.1900217646074,661.8951950443663,30.805290473798763
