region,year,crimes,unsolved,population,crime_rate,unemployment,wage_rel,income_rel,poverty,grp_rel,urban,migration,students,higher_edu_share,unsolved_share,flag_jump,flag_low_registration
Алтайский край,2011,44940.0,16487.0,2396.8,1875.0,8.5,0.7505973066898349,0.7800282123971215,22.6,0.6171728367892102,55.2,-67.0,345.4083927392767,17.867793078114005,36.68669336893636,False,False
Алтайский край,2012,42102.0,14337.0,2378.0,1770.4793944491169,6.2,0.7697115384615385,0.739971801801829,20.6,0.6248940219269998,55.6,-69.0,342.4166729745414,18.19913427330817,34.053014108593416,False,False
Алтайский край,2013,45024.0,15438.0,2359.5,1908.200890019072,8.3,0.7674051981252663,0.8009246659245627,17.4,0.6618515839286252,55.9,-71.0,309.4586232909804,18.53047546850233,34.28837953091685,False,False
Алтайский край,2014,44096.0,16570.0,2343.4,1881.710335410088,7.2,0.7630701651174648,0.8420444480581758,16.8,0.6454222228573937,56.2,-58.0,296.0,18.8618166636965,37.57710449927431,False,False
Алтайский край,2015,48582.0,17806.0,2325.0,2089.548387096774,8.0,0.7586571504097277,0.851005811855694,17.6,0.6527915452577928,56.5,-63.0,261.0,19.193157858890668,36.651434687744434,False,False
Алтайский край,2016,44576.0,16661.0,2303.6,1935.0581698211492,8.6,0.7528317295742641,0.8581090570418044,17.4,0.6393042125968278,56.7,-73.0,226.0,19.524499054084835,37.37661521895191,False,False
Алтайский край,2017,40055.0,13970.0,2277.7,1758.5722439302806,6.9,0.7495328334843866,0.8787398022082873,17.0,0.6142367381566287,56.9,-80.0,224.0,19.855840249279,34.87704406441144,False,False
Алтайский край,2018,38413.0,13619.0,2250.1,1707.1685702857649,6.1,0.7643852029354501,0.8957068767073542,16.8,0.5930038148547303,57.2,-78.0,224.0,20.187181444473165,35.45414312862833,False,False
Алтайский край,2019,37058.0,13354.0,2224.1,1666.2020592599256,5.8,0.7846339478631759,0.8989288364993552,16.9,0.6302047130069934,57.6,-65.0,221.0,20.51852263966733,36.03540396135787,False,False
Алтайский край,2020,39029.0,16119.0,2193.0,1779.7081623347012,5.9,0.795134849286092,0.8699049788967138,16.8,0.6486280637414827,57.9,-59.0,226.0,20.84986383486149,41.30005893053883,False,False
Алтайский край,2021,39070.0,17312.0,2155.0,1812.9930394431556,5.5,0.8149556095565768,0.874898691165485,15.7,0.6875377786944061,58.2,-62.0,237.0,20.84986383486149,44.31021243921167,False,False
Алтайский край,2022,39177.0,17284.0,2130.9,1838.518935660988,3.7,0.8243537694855766,0.8824192034330159,13.8,0.6763014269269001,58.3,-36.0,243.0,20.84986383486149,44.11772213288409,False,False
Амурская область,2011,18091.0,6967.0,820.6,2204.606385571533,6.0,1.314183318853171,1.1083597846225446,20.4,1.2226280767861328,67.0,-85.0,333.196446132043,19.503521325184256,38.51086175446354,False,False
Амурская область,2012,17904.0,7018.0,815.2,2196.2708537782137,5.3,1.2879326923076924,1.178889810166446,16.0,1.1340096523434042,67.2,-63.0,314.1334923199409,19.90914515379341,39.19794459338695,False,False
Амурская область,2013,16909.0,6056.0,808.7,2090.8866081365154,6.1,1.3013208351086494,1.151160979369461,16.2,0.9777168671067306,67.3,-81.0,296.923803612101,20.314768982402576,35.815246318528594,False,False
Амурская область,2014,17254.0,6434.0,806.5,2139.367637941724,5.6,1.2706200729497588,1.1550824374277049,14.8,0.9776908500261496,67.5,-26.0,272.0,20.72039281101173,37.28990379042541,False,False
Амурская область,2015,19475.0,6924.0,801.5,2429.8190892077355,5.8,1.2424757373210982,1.134783429614431,15.2,1.0774137333345826,67.5,-57.0,242.0,21.126016639620893,35.55327342747112,False,False
Амурская область,2016,18656.0,8640.0,796.8,2341.3654618473897,5.9,1.2014700138479566,1.1085835521710166,17.0,1.03462707571536,67.5,-51.0,210.0,21.53164046823005,46.312178387650086,False,False
Амурская область,2017,18505.0,7112.0,792.7,2334.426643118456,5.9,1.2315300321331464,1.134043857212668,16.7,0.97132841493128,67.5,-37.0,200.0,21.93726429683921,38.43285598486895,False,False
Амурская область,2018,17536.0,7039.0,786.6,2229.3414696160694,5.6,1.2674853976336675,1.1800373241423123,15.6,0.9799424877187798,67.7,-53.0,192.0,22.34288812544837,40.14028284671533,False,False
Амурская область,2019,19508.0,9119.0,782.7,2492.3981091094925,5.4,1.3254202093329963,1.2112647484140782,15.7,1.1316134349405684,67.9,-10.0,188.0,22.74851195405753,46.74492515890917,False,False
Амурская область,2020,18422.0,11298.0,773.7,2381.0262375597777,6.0,1.3863035430988897,1.2488243843688434,15.2,1.245432145846918,68.0,-53.0,187.0,23.15413578266669,61.32884594506568,False,False
Амурская область,2021,18231.0,9843.0,763.6,2387.5065479308537,5.2,1.4218896614777567,1.2837946117033956,14.0,1.2259449937053413,68.2,-41.0,187.0,23.15413578266669,53.99045581701497,False,False
Амурская область,2022,16253.0,7788.0,756.2,2149.2991272150225,4.2,1.3825974331308328,1.3356041303473247,11.9,1.238290930452124,68.4,-40.0,194.0,23.15413578266669,47.91730757398634,False,False
Архангельская область,2011,24015.0,10901.0,1161.9,2066.8732248902656,5.8,1.24250651607298,1.2666571826457425,14.0,1.0442142912097447,76.3,-159.0,326.11857448987496,18.177446190047817,45.39246304393088,False,False
Архангельская область,2012,22365.0,9648.0,1141.3,1959.607465171296,5.3,1.2679807692307692,1.1859320546329668,12.9,1.1072847821349572,76.4,-168.0,288.6092275394484,18.63561981434036,43.138832997987926,False,False
Архангельская область,2013,20680.0,9087.0,1121.5,1843.9589835042357,6.0,1.2869620792501064,1.2099922449691842,14.2,1.088696988877837,76.6,-167.0,257.836247767473,19.093793438632908,43.941005802707934,False,False
Архангельская область,2014,19068.0,6985.0,1103.8,1727.4868635622397,7.3,1.2991724516609795,1.242343970675072,14.1,1.0877526805653523,76.8,-149.0,233.0,19.551967062925456,36.632053702538286,False,False
Архангельская область,2015,22311.0,8625.0,1085.3,2055.7449553118954,6.8,1.3440580038518184,1.2325745354606772,15.6,1.1427527881098942,77.1,-155.0,209.0,20.010140687218005,38.65806104612074,False,False
Архангельская область,2016,19994.0,8003.0,1068.3,1871.5716559019004,7.1,1.353477967546071,1.2293756074600346,14.3,1.1646579950300109,77.2,-138.0,179.0,20.46831431151055,40.02700810243073,False,False
Архангельская область,2017,19193.0,7549.0,1049.1,1829.4728815174915,6.4,1.3298871220235642,1.248648166789711,13.2,1.2025413034049264,77.2,-153.0,181.0,20.92648793580309,39.332048142551976,False,False
Архангельская область,2018,18962.0,6663.0,1030.0,1840.970873786408,6.3,1.360700913583945,1.2918717696296669,11.8,1.2147697910930528,77.4,-145.0,180.0,21.384661560095644,35.138698449530644,False,False
Архангельская область,2019,19150.0,7998.0,1013.9,1888.746424696716,6.2,1.3871818615483906,1.3114103882032524,11.8,1.2276848368192084,77.4,-111.0,175.0,21.8428351843882,41.76501305483029,False,False
Архангельская область,2020,19074.0,8594.0,995.7,1915.63724013257,7.3,1.3955314648334214,1.3138094530406168,11.4,1.183161746482288,77.5,-108.0,174.0,22.30100880868073,45.05609730523225,False,False
Архангельская область,2021,16996.0,7768.0,974.6,1743.8949312538475,6.6,1.3949666770926064,1.323541265505331,10.7,1.1707884865749751,77.6,-105.0,176.0,22.30100880868073,45.70487173452577,False,False
Архангельская область,2022,16786.0,7362.0,964.3,1740.7445815617546,5.5,1.3522160973008828,1.3235081131822448,9.2,1.126152261244486,77.8,-29.0,180.0,22.30100880868073,43.85797688549982,False,False
Астраханская область,2011,22687.0,8155.0,1011.5,2242.906574394464,8.8,0.9243592528236316,1.0,14.2,0.7639885633106281,66.5,5.0,411.19536525324025,19.286493869623804,35.945695772909595,False,False
Астраханская область,2012,20742.0,6682.0,1007.5,2058.7593052109182,7.9,0.9385576923076924,0.9650910533048612,12.5,0.8396734197491782,66.3,-64.0,402.6660446557517,19.887008518115987,32.21482981390415,False,False
Астраханская область,2013,17295.0,5664.0,1007.4,1716.7957117331746,7.5,0.9687260332339156,1.0019829814730503,11.8,1.0244269373361063,66.2,-28.0,408.28623814596017,20.48752316660817,32.74934952298352,False,False
Астраханская область,2014,15799.0,4559.0,1009.2,1565.497423701942,7.5,0.9638781033062712,1.0069769765345424,11.9,1.0,65.8,-5.0,425.0,21.08803781510036,28.856256725109187,False,False
Астраханская область,2015,14774.0,3997.0,1003.9,1471.6605239565697,7.5,0.962916808277633,0.9659017795975852,14.0,1.0,65.6,-75.0,376.0,21.688552463592544,27.05428455394612,False,False
Астраханская область,2016,13893.0,4331.0,1001.5,1387.2191712431354,7.6,0.9762099208180948,0.9143257549783664,15.8,1.021241118964606,65.4,-44.0,320.0,22.28906711208473,31.17397250413877,False,False
Астраханская область,2017,13432.0,3917.0,997.4,1346.7014237016242,7.4,0.9755030073329488,0.898959454616918,15.2,1.142637271847889,65.4,-48.0,294.0,22.88958176057692,29.161703394877904,False,False
Астраханская область,2018,13427.0,3927.0,991.1,1354.7573403289273,7.5,1.0073386251310468,0.9191439913776692,14.8,1.3490367457070729,65.3,-64.0,301.0,23.490096409069103,29.247039547181053,False,False
Астраханская область,2019,13110.0,3924.0,979.9,1337.89162159404,7.6,1.012795689872885,0.9225340481754176,15.1,1.3705922871660527,65.1,-109.0,306.0,24.090611057561286,29.93135011441648,False,False
Астраханская область,2020,14059.0,5137.0,969.0,1450.877192982456,7.9,1.0281597038603911,0.9023488391867398,15.2,1.1671579984551468,64.7,-84.0,303.0,24.69112570605348,36.53887189700548,False,False
Астраханская область,2021,13801.0,4973.0,957.8,1440.9062434746295,7.7,1.012823905877824,0.8867472920596582,15.0,1.184149146891126,64.3,-59.0,297.0,24.69112570605348,36.03362075211941,False,False
Астраханская область,2022,13062.0,4624.0,950.6,1374.0795287187038,7.0,1.0029829253240077,0.8887488266058736,12.5,1.2481020662440303,64.1,-50.0,294.0,24.69112570605348,35.400398101362725,False,False
Белгородская область,2011,15895.0,5745.0,1536.6,1034.4266562540674,4.3,0.959383145091225,1.170413869256815,8.6,1.4803677919066456,66.2,58.0,477.7089753059505,21.94238057470008,36.143441333752754,False,False
Белгородская область,2012,14888.0,6112.0,1541.9,965.5619689992866,3.7,0.9616346153846154,1.1687892663531163,6.5,1.4328542740345331,66.2,58.0,445.8181926664587,22.313569824050216,41.05319720580333,False,False
Белгородская область,2013,14930.0,6434.0,1545.5,966.0304108702686,4.0,0.9467831273966766,1.157755203223134,7.6,1.3887373029508394,66.1,46.0,419.282287796615,22.68475907340036,43.09444072337576,False,False
Белгородская область,2014,14296.0,5941.0,1549.8,922.4416053684348,4.0,0.937169078715143,1.1209131146008566,7.7,1.3624318991275124,66.0,52.0,382.0,23.055948322750496,41.557078903189705,False,False
Белгородская область,2015,15792.0,6388.0,1552.4,1017.2635918577688,4.1,0.961293002530116,1.120161263617147,8.5,1.396077439342409,65.9,41.0,342.0,23.42713757210064,40.450861195542046,False,False
Белгородская область,2016,13715.0,5674.0,1555.5,881.7100610736098,4.0,0.9619358733089516,1.1722429410687585,8.1,1.3913763847134195,65.9,48.0,325.0,23.79832682145077,41.37076193948232,False,False
Белгородская область,2017,12744.0,5360.0,1553.0,820.6052801030264,3.9,0.9579171129603692,1.1678674928888468,7.8,1.3900376427277084,65.8,21.0,316.0,24.16951607080091,42.05900816070308,False,False
Белгородская область,2018,13163.0,5360.0,1550.9,848.7329937455671,3.9,0.9540811741800208,1.162423551972175,7.5,1.360240710525377,65.7,29.0,308.0,24.54070532015105,40.72020056218187,False,False
Белгородская область,2019,14205.0,5842.0,1553.0,914.6812620734064,3.9,0.9713219406796308,1.1652383911797812,7.8,1.381629089900318,65.5,62.0,301.0,24.91189456950119,41.126363956353394,False,False
Белгородская область,2020,14341.0,6018.0,1545.5,927.9197670656746,4.9,0.9900052882072976,1.1421652398764304,7.2,1.388630250953454,65.4,27.0,299.0,25.283083818851328,41.96360086465379,False,False
Белгородская область,2021,14067.0,5510.0,1536.5,915.522290920924,4.2,1.0051006905180089,1.1378218237666662,7.0,1.516822507809244,65.3,44.0,303.0,25.283083818851328,39.16968792208716,False,False
Белгородская область,2022,14588.0,6026.0,1514.5,963.222185539782,3.7,1.0,1.1225693978811857,6.0,1.3103531709555958,65.4,-73.0,311.0,25.283083818851328,41.30792432136003,False,False
Брянская область,2011,19467.0,5591.0,1263.7,1540.476378887394,7.1,0.7554300608166812,0.9559444876670694,12.6,0.6138252075941621,69.2,-40.0,410.1713505219333,18.986596697676447,28.720398623311244,False,False
Брянская область,2012,18733.0,6023.0,1252.2,1496.0070276313686,5.1,0.7947115384615384,0.9439450315006926,10.5,0.6665639735601638,69.3,-43.0,387.2899208315166,19.39867397606324,32.15181764800085,False,False
Брянская область,2013,19060.0,6469.0,1240.6,1536.3533773980332,5.2,0.8084363016616958,0.9336831602349452,12.6,0.6635168942339572,69.4,-46.0,336.3900321952934,19.81075125445003,33.9401888772298,False,False
Брянская область,2014,17100.0,6424.0,1230.3,1389.9049012435992,5.0,0.8201357022394792,0.9354839217701042,13.2,0.6685398553646524,69.5,-33.0,321.0,20.22282853283682,37.56725146198831,False,False
Брянская область,2015,17323.0,6268.0,1223.1,1416.319188946121,4.6,0.8186624372191382,0.9390889365545716,14.1,0.6919372015527844,69.5,-14.0,282.0,20.63490581122361,36.18310916123073,False,False
Брянская область,2016,15821.0,6609.0,1218.0,1298.9326765188832,4.6,0.8139402762489791,0.9478591904975268,14.4,0.720601501001279,69.6,4.0,252.22523910903405,21.0469830896104,41.7735920611845,False,False
Брянская область,2017,14447.0,6019.0,1208.2,1195.7457374606852,4.4,0.815470050259537,0.970269608962051,14.2,0.725685943180097,69.7,-22.0,224.0,21.4590603679972,41.66262891949886,False,False
Брянская область,2018,14287.0,5805.0,1197.1,1193.4675465708797,3.9,0.816264789576157,1.011386468909946,13.6,0.7069425539472886,69.7,-32.0,212.0,21.871137646383985,40.63134317911389,False,False
Брянская область,2019,14369.0,5453.0,1189.2,1208.2912882610158,3.8,0.8376967758228807,1.0273330807490693,13.8,0.7507555341685489,69.6,-2.0,200.0,22.28321492477077,37.94975294035772,False,False
Брянская область,2020,15178.0,6103.0,1179.1,1287.252989568315,4.0,0.8446853516657853,1.000120601465076,13.6,0.7544682001165219,69.5,4.0,194.0,22.695292203157564,40.20951376993016,False,False
Брянская область,2021,14202.0,5145.0,1164.6,1219.4744976816075,3.4,0.8560979717537233,1.0161356267629549,13.0,0.7079035993417463,69.5,3.0,190.0,22.695292203157564,36.22729193071398,False,False
Брянская область,2022,13549.0,3880.0,1152.5,1175.6182212581346,3.2,0.8565487910860702,1.003835322515757,11.4,0.7370292269949975,69.6,-20.0,195.0,22.695292203157564,28.636799763820207,False,False
Владимирская область,2011,23831.0,10313.0,1433.6,1662.318638392857,5.7,0.8858601216333623,0.8906953917389212,17.5,0.8129407070636586,77.6,9.0,344.7866934910054,19.94643505199028,43.27556543997314,False,False
Владимирская область,2012,21753.0,9276.0,1425.0,1526.5263157894738,4.4,0.881875,0.8746804896471447,15.0,0.8090862375469448,77.6,-9.0,317.83893942807094,20.257701623291936,42.64239415253069,False,False
Владимирская область,2013,18640.0,5898.0,1418.2,1314.3421238189253,3.8,0.8916489135066041,0.8974604345543555,14.1,0.8127079754046478,77.5,8.0,298.9255940188086,20.568968194593587,31.64163090128756,False,False
Владимирская область,2014,18807.0,6105.0,1412.1,1331.846186530699,4.3,0.8856336039534063,0.8818589222032737,14.2,0.7888291941137299,77.6,10.0,247.0,20.88023476589524,32.461317594512686,False,False
Владимирская область,2015,21348.0,7499.0,1405.5,1518.8900747065102,5.6,0.901665344964314,0.9036495668131196,14.7,0.816868260050781,77.7,2.0,238.0,21.19150133719689,35.12741240397227,False,False
Владимирская область,2016,19138.0,7546.0,1399.8,1367.195313616231,5.6,0.8924830451301353,0.8753971675966982,14.6,0.8550088122547868,77.8,11.0,220.0,21.502767908498544,39.429407461594735,False,False
Владимирская область,2017,18257.0,7198.0,1390.2,1313.264278521076,4.8,0.8890137595781495,0.9010793122013764,13.2,0.8320503224105175,77.8,-8.0,196.0,21.814034479800195,39.42597359916744,False,False
Владимирская область,2018,17263.0,6872.0,1379.4,1251.4861534000288,4.7,0.9123858020068892,0.8835050393105711,13.1,0.8026983254376291,77.9,-11.0,200.0,22.125301051101847,39.80768116781556,False,False
Владимирская область,2019,16787.0,7246.0,1373.7,1222.0280992938776,4.0,0.928136487358644,0.9057532053429668,12.7,0.8730915818511995,77.8,32.0,192.0,22.4365676224035,43.16435336867814,False,False
Владимирская область,2020,17371.0,8407.0,1359.0,1278.2192788815305,5.6,0.9317821258593336,0.8931788236813067,12.6,0.8731279007790917,77.7,-1.0,187.0,22.747834193705152,48.39675320937194,False,False
Владимирская область,2021,16248.0,8099.0,1342.3,1210.4596587946062,3.9,0.9515674999398503,0.9019143394976612,12.0,0.9293380940718494,77.6,16.0,183.0,22.747834193705152,49.84613490891186,False,False
Владимирская область,2022,16254.0,7387.0,1325.5,1226.2542436816295,2.6,0.9588331115206832,0.9297840954807564,9.8,0.9105754228335744,77.6,-23.0,182.0,22.747834193705152,45.44727451704196,False,False
Волгоградская область,2011,40017.0,16462.0,2598.6,1539.9445855460633,6.9,0.8792354474370113,0.9034332959620384,15.1,0.8736833582929417,76.1,-7.0,403.3160843482681,21.360730902826504,41.137516555463925,False,False
Волгоградская область,2012,39143.0,16470.0,2590.7,1510.9043887752346,6.0,0.8934615384615384,0.8624682332163951,13.6,0.8905493636463977,76.2,-12.0,376.1940861949972,21.52609642972743,42.076488771938784,False,False
Волгоградская область,2013,36507.0,15533.0,2580.7,1414.616189405975,6.6,0.8967192160204517,0.8971284416388667,13.0,0.8851565090273382,76.4,-19.0,352.9388971337567,21.69146195662836,42.54800449228915,False,False
Волгоградская область,2014,36417.0,15393.0,2572.9,1415.406739476855,6.6,0.8953210181589991,0.8743498206572883,13.6,0.9447026529864344,76.5,-9.0,308.0,21.856827483529287,42.26872065244255,False,False
Волгоградская область,2015,41696.0,18861.0,2565.4,1625.3215872768378,7.2,0.9199426003549714,0.8780700248674108,14.2,0.9001077454957698,76.6,-7.0,279.0,22.02219301043021,45.23455487336915,False,False
Волгоградская область,2016,38742.0,18902.0,2558.5,1514.2466288841115,6.8,0.9428683023825588,0.8369144064910295,14.4,0.8955387925404583,76.7,-2.0,255.0,22.187558537331142,48.78942749470859,False,False
Волгоградская область,2017,39881.0,19832.0,2548.5,1564.8813027270944,6.0,0.921542391035676,0.8413580224709031,13.6,0.8591526219221607,76.9,-8.0,246.0,22.35292406423208,49.72794062335448,False,False
Волгоградская область,2018,38539.0,21329.0,2538.7,1518.0604246267776,5.6,0.9253856522390296,0.8535249457826034,13.6,0.8446772425413037,77.0,1.0,240.0,22.518289591133,55.34393731025714,False,False
Волгоградская область,2019,41122.0,22761.0,2526.2,1627.820441770248,5.3,0.9364144007632516,0.8595653216208708,13.1,0.853672025114371,77.2,-3.0,233.0,22.68365511803393,55.3499343417149,False,False
Волгоградская область,2020,38687.0,22010.0,2513.6,1539.1072565245067,7.6,0.9508725542041248,0.8575959023238849,12.1,0.8369019328784766,77.3,29.0,230.0,22.849020644934857,56.89249618734975,False,False
Волгоградская область,2021,37910.0,20764.0,2492.8,1520.7798459563542,4.9,0.9390804321151024,0.8723606783601177,11.5,0.7328445412633143,77.5,25.0,227.0,22.849020644934857,54.77182801371669,False,False
Волгоградская область,2022,36031.0,18253.0,2470.1,1458.685883162625,3.5,0.9287057756655428,0.8763041437575433,9.4,0.7590963315968087,77.6,-25.0,233.0,22.849020644934857,50.659154616857705,False,False
Вологодская область,2011,25289.0,10938.0,1198.4,2110.2303070761013,7.3,1.0995873153779323,0.9738055429616346,17.1,1.204462133858648,71.1,3.0,344.3723751087924,18.997700008491307,43.25200680137609,False,False
Вологодская область,2012,23826.0,10154.0,1196.0,1992.140468227425,5.8,1.0888942307692309,0.9853688751357428,13.2,1.1998909188971083,71.3,-10.0,319.7017878181528,19.46323871643254,42.617308822294966,False,False
Вологодская область,2013,24429.0,9593.0,1193.0,2047.6948868398997,6.1,1.0706007669365147,0.9468634974002834,14.0,1.0920995719926456,71.5,-12.0,290.4033207152413,19.92877742437377,39.268901715174586,False,False
Вологодская область,2014,24460.0,9585.0,1190.5,2054.59890802184,5.6,1.0491038161352315,0.988346491176736,13.5,1.1055620944189184,71.8,-8.0,238.0,20.394316132315005,39.18642681929681,False,False
Вологодская область,2015,29230.0,11922.0,1187.2,2462.0956873315363,6.8,1.0364034590838715,1.0,14.5,1.258026102517497,72.0,-18.0,205.0,20.85985484025624,40.78686281217927,False,False
Вологодская область,2016,25724.0,11908.0,1183.3,2173.920392123722,6.6,1.0404786421901075,1.0486244546458463,13.8,1.1956259424332718,72.1,-15.0,176.0,21.32539354819747,46.29140102627896,False,False
Вологодская область,2017,20492.0,8823.0,1176.0,1742.517006802721,5.3,1.0431309219741287,1.0,13.9,1.1869351429915351,72.2,-32.0,162.0,21.790932256138703,43.05582666406402,False,False
Вологодская область,2018,17866.0,6687.0,1166.9,1531.0652155283228,5.1,1.0632619439868205,1.0229569566510384,13.5,1.2169537109037598,72.4,-39.0,159.0,22.25647096407993,37.42863539684317,False,False
Вологодская область,2019,17726.0,7282.0,1159.6,1528.6305622628493,4.5,1.0976232567275583,1.0252132577322304,12.9,1.2208716187811934,72.4,-19.0,158.0,22.722009672021173,41.08089811576216,False,False
Вологодская область,2020,17314.0,7346.0,1150.1,1505.434310059995,6.1,1.1310153358011634,1.034465500776884,12.8,1.1663458827675952,72.4,-19.0,162.0,23.187548379962404,42.42809287281968,False,False
Вологодская область,2021,17775.0,7428.0,1138.4,1561.4019676739283,4.7,1.0938334576426147,1.0217013319588155,12.4,1.5418163850182824,72.5,-9.0,160.0,23.187548379962404,41.78902953586498,False,False
Вологодская область,2022,17411.0,7689.0,1128.7,1542.571099494994,3.4,1.124739177711817,0.9971302132224756,10.5,1.4039527658635085,72.5,-22.0,164.0,23.187548379962404,44.161736833036585,False,False
Воронежская область,2011,27027.0,11343.0,2332.7,1158.6144810734345,6.4,0.8717962641181581,0.9903376111978568,17.2,0.9103712987763528,66.0,47.0,534.2318648601724,22.47110238070048,41.96914196914197,False,False
Воронежская область,2012,27682.0,13059.0,2332.9,1186.5917956191863,5.5,0.9393269230769232,1.0221311727024105,10.3,0.9774200499800072,66.4,48.0,502.4518629014282,22.912654271356875,47.17505960551984,False,False
Воронежская область,2013,30437.0,15886.0,2332.9,1304.6851558146511,4.7,0.929910524073285,1.0792037894546636,9.4,0.9879427012689512,66.8,48.0,455.10251584000576,23.35420616201327,52.19305450602885,False,False
Воронежская область,2014,33747.0,20945.0,2336.4,1444.4016435541855,4.5,0.941326430560458,1.129997421837068,9.2,1.0459933327412627,67.1,63.0,424.0,23.79575805266966,62.06477612824843,False,False
Воронежская область,2015,39298.0,23141.0,2340.1,1679.3299431648222,4.5,0.9405233941316417,1.1715691824551415,9.5,1.07648118826105,67.3,58.0,392.0,24.237309943326053,58.88594839432032,False,False
Воронежская область,2016,34370.0,21075.0,2343.4,1466.6723564052231,4.5,0.9350921421723538,1.1502222066949022,9.4,0.982519721275968,67.5,59.0,379.0,24.67886183398245,61.31800989234798,False,False
Воронежская область,2017,32571.0,18483.0,2343.1,1390.0815159404208,4.3,0.9230155722171872,1.1332359432730263,9.0,0.9617434396148876,67.8,49.0,371.0,25.120413724638844,56.74679929999079,False,False
Воронежская область,2018,29308.0,15739.0,2338.6,1253.2284272641753,3.7,0.9347611202635916,1.1414299938853918,8.9,0.9410601007506978,68.1,35.0,368.0,25.56196561529524,53.702060870752014,False,False
Воронежская область,2019,30808.0,17410.0,2336.3,1318.666267174592,3.6,0.94536577152959,1.148766258078861,8.9,0.9619244445631504,68.3,47.0,364.0,26.003517505951628,56.51129576733316,False,False
Воронежская область,2020,29530.0,16753.0,2319.1,1273.3387952222845,4.3,0.9602591221575886,1.111746570906407,8.5,0.9848180742224126,68.3,8.0,366.0,26.445069396608023,56.7321368100237,False,False
Воронежская область,2021,29552.0,15738.0,2302.6,1283.4187440284898,3.8,0.9823641219353751,1.1208591979614455,7.9,0.9474070732199864,68.5,50.0,371.0,26.445069396608023,53.255278830536,False,False
Воронежская область,2022,30460.0,16695.0,2285.3,1332.8665820679998,3.5,0.9714281515939022,1.1038219122971704,6.9,0.9263349455532788,68.5,3.0,380.0,26.445069396608023,54.80958634274459,False,False
Еврейская автономная область,2011,3719.0,1745.0,173.9,2138.585393904543,8.5,1.2450043440486531,1.03044439937693,20.1,1.0081485517164874,68.4,-123.0,428.2477949378443,16.17454368231642,46.92121538047863,False,False
Еврейская автономная область,2012,3791.0,1919.0,171.7,2207.920792079208,8.5,1.2051442307692308,1.0002885288140502,18.9,1.0,68.4,-117.0,408.8894583277522,16.542156740266016,50.619889211289895,False,False
Еврейская автономная область,2013,3198.0,1520.0,169.0,1892.3076923076924,8.3,1.165658287175117,1.0245150032435797,20.9,0.8500312716641046,68.7,-153.0,313.57833243564784,16.909769798215613,47.52970606629143,False,False
Еврейская автономная область,2014,3465.0,1376.0,166.4,2082.3317307692305,8.7,1.15460642428521,1.0,21.2,0.8511697986858076,69.3,-139.0,239.0,17.27738285616521,39.711399711399714,False,False
Еврейская автономная область,2015,3624.0,1535.0,163.9,2211.104331909701,7.9,1.166723311053208,0.9623652602039622,24.8,0.8425550985480904,69.8,-142.0,192.0,17.64499591411481,42.35651214128036,False,False
Еврейская автономная область,2016,3424.0,1515.0,161.6,2118.811881188119,8.2,1.1421013386357988,0.922507108561328,25.1,0.8292695805188866,70.1,-119.0,143.0,18.012608972064406,44.2464953271028,False,False
Еврейская автономная область,2017,3612.0,1482.0,159.1,2270.27027027027,8.3,1.1340133476147318,0.9287787497556066,23.9,0.8892588054284585,70.5,-141.0,132.0,18.380222030014004,41.02990033222592,False,False
Еврейская автономная область,2018,3663.0,1835.0,156.7,2337.5877472878115,7.0,1.1754380709899654,0.9529550252285356,23.2,0.800526678742177,70.8,-134.0,131.0,18.7478350879636,50.0955500955501,False,False
Еврейская автономная область,2019,3555.0,1449.0,154.7,2297.996121525533,6.2,1.1897746723910545,0.9801077707075544,23.4,0.8195457839678398,70.8,-87.0,130.0,19.1154481459132,40.75949367088608,False,False
Еврейская автономная область,2020,3693.0,2446.0,152.6,2420.0524246395807,6.3,1.2225542041248016,1.0034255788911837,23.0,0.8869623400493395,70.7,-83.0,128.0,19.4830612038628,66.23341456810181,False,False
Еврейская автономная область,2021,3323.0,1614.0,149.6,2221.256684491979,5.6,1.2047975362702403,0.997059938236494,21.8,0.9005268607913653,70.8,-114.0,131.0,19.4830612038628,48.57056876316582,False,False
Еврейская автономная область,2022,3164.0,1336.0,147.5,2145.084745762712,5.2,1.195621964070549,1.012551964597023,18.3,0.8515230863826448,70.8,-87.0,132.0,19.4830612038628,42.22503160556258,False,False
Забайкальский край,2011,30485.0,13735.0,1095.5,2782.747603833866,10.6,1.145742832319722,0.9961056742896534,18.9,0.8283932990161084,66.4,-120.0,346.87547353066293,16.838221741636616,45.05494505494506,False,False
Забайкальский край,2012,31287.0,14404.0,1087.4,2877.2300901232297,10.6,1.164375,0.9523136899190194,17.6,0.8296438611152553,66.8,-105.0,336.9124998620568,17.15517033454812,46.038290663854,False,False
Забайкальский край,2013,35001.0,16902.0,1078.8,3244.4382647385987,10.5,1.1622922880272688,0.959164067575536,16.9,0.7974474033215782,67.2,-114.0,307.1318325291656,17.472118927459626,48.29004885574698,False,False
Забайкальский край,2014,32150.0,16035.0,1072.1,2998.7874265460314,10.0,1.1498999882339098,0.9039341842515346,18.6,0.7430356001128336,67.5,-97.0,281.0,17.789067520371134,49.8755832037325,False,False
Забайкальский край,2015,33373.0,15110.0,1063.9,3136.85496757214,10.4,1.1680450134058382,0.8946888169267546,21.0,0.7242065090771677,67.8,-103.0,254.0,18.10601611328264,45.27612141551553,False,False
Забайкальский край,2016,29658.0,13608.0,1056.0,2808.5227272727275,10.8,1.1594645456805028,0.887252677884129,21.7,0.7318437260136317,68.1,-97.0,231.0,18.422964706194147,45.88306696338256,False,False
Забайкальский край,2017,26992.0,11556.0,1046.0,2580.4971319311667,10.7,1.1484749114278652,0.8966098649182671,21.5,0.7526930328314045,68.3,-113.0,223.0,18.73991329910565,42.81268524007113,False,False
Забайкальский край,2018,24341.0,10275.0,1035.1,2351.5602357260173,10.2,1.2203085217912235,0.9331436746202408,20.8,0.7562999290011861,68.5,-109.0,224.0,19.05686189201716,42.21272749681607,False,False
Забайкальский край,2019,23573.0,10088.0,1025.1,2299.580528728905,9.3,1.2317535146056064,0.9577180081319174,20.8,0.8050437923651826,68.8,-91.0,218.0,19.37381048492867,42.79472277605736,False,False
Забайкальский край,2020,22703.0,9441.0,1014.7,2237.410071942446,9.8,1.247276573241671,0.975793899830722,20.2,0.8940472675057306,68.9,-82.0,212.0,19.690759077840173,41.58481257983526,False,False
Забайкальский край,2021,21707.0,8342.0,1000.5,2169.615192403798,9.3,1.2563096985299425,0.9946537310927044,18.6,0.8812059964681164,69.3,-96.0,202.0,19.690759077840173,38.42999953931911,False,False
Забайкальский край,2022,20816.0,7677.0,992.4,2097.541313986296,8.7,1.2471797606102717,1.0352956953198338,15.8,0.8787603221779187,69.5,-55.0,192.0,19.690759077840173,36.88028439661799,False,False
Ивановская область,2011,17207.0,7232.0,1049.1,1640.167762844343,6.6,0.7838835794960903,0.8117250206569586,19.0,0.5467469310417012,81.0,-39.0,435.662458583232,19.78639498875573,42.02940663683385,False,False
Ивановская область,2012,15950.0,7033.0,1039.2,1534.8344880677444,6.3,0.8172115384615385,0.8707075945610697,13.8,0.5270598357152878,81.1,-36.0,404.969764156572,20.12899445855405,44.094043887147336,False,False
Ивановская область,2013,14506.0,6768.0,1028.5,1410.4035002430724,5.2,0.8087771623348956,0.8953249284377893,14.2,0.5766378063116014,81.1,-52.0,385.902516616044,20.47159392835237,46.65655590790018,False,False
Ивановская область,2014,14874.0,5898.0,1017.4,1461.9618635738157,4.3,0.8076244264031063,0.9141304737432926,14.4,0.5052001827932732,81.3,-56.0,325.0,20.81419339815068,39.65308592174264,False,False
Ивановская область,2015,15143.0,6044.0,1005.2,1506.4663748507758,5.6,0.7991012424002115,0.9112584597236284,15.7,0.5574595798237971,81.3,-72.0,312.0,21.156792867949,39.9128310110282,False,False
Ивановская область,2016,14405.0,6783.0,993.8,1449.4868182732946,5.6,0.7862798707524057,0.9580140975701944,14.5,0.5722296421907749,81.4,-61.0,287.0,21.49939233774731,47.08781673030198,False,False
Ивановская область,2017,15943.0,6965.0,980.6,1625.841321639812,4.7,0.7735058086841888,0.98938904921949,13.9,0.5553106073331202,81.5,-71.0,269.0,21.84199180754562,43.68688452612432,False,False
Ивановская область,2018,14036.0,5830.0,965.3,1454.0557339687143,4.2,0.770675453047776,0.962145958830227,14.2,0.5533579474905185,81.6,-84.0,263.0,22.184591277343937,41.53605015673981,False,False
Ивановская область,2019,13894.0,9341.0,953.6,1457.005033557047,3.8,0.7731571119903471,0.9698175796474672,13.6,0.5964422953694761,81.8,-40.0,259.0,22.52719074714225,67.23045919101772,False,False
Ивановская область,2020,13752.0,6257.0,938.8,1464.8487430762675,5.4,0.7689846641988366,0.9596474562202036,13.1,0.6143740378370415,81.8,-50.0,259.0,22.869790216940565,45.49883653286795,False,False
Ивановская область,2021,12064.0,6182.0,924.1,1305.4864192186992,4.5,0.7796116738445252,0.9687719146245696,12.2,0.5690201386113939,82.0,-21.0,256.0,22.869790216940565,51.24336870026526,False,False
Ивановская область,2022,11791.0,5130.0,914.7,1289.0565212638023,3.1,0.7636771639328432,0.9791873407536544,10.2,0.6152064809745158,82.1,-4.0,252.0,22.869790216940565,43.50776015605122,False,False
Иркутская область,2011,58488.0,32538.0,2425.0,2411.8762886597938,9.1,1.2298001737619462,0.9972286063160676,19.2,1.1697776716174362,79.4,-25.0,464.0876413881721,20.89332322941722,55.63192449733278,False,False
Иркутская область,2012,60109.0,32966.0,2423.2,2480.562892043579,7.8,1.244278846153846,0.961708730236326,16.8,1.2308294409007237,79.2,-28.0,439.7304074096695,21.259675893347,54.84370061055749,False,False
Иркутская область,2013,57098.0,31301.0,2420.1,2359.323994876245,8.3,1.237750319556881,0.938572238615314,17.0,1.2527451246345358,79.0,-33.0,407.7679370538928,21.62602855727678,54.81978353007111,False,False
Иркутская область,2014,53162.0,26658.0,2417.2,2199.3215290418666,8.8,1.23183119582696,0.8886501796383628,18.8,1.2891213162748962,78.9,-27.0,371.0,21.99238122120656,50.144840299462025,False,False
Иркутская область,2015,53552.0,25585.0,2415.7,2216.831560210291,8.2,1.2349986782976474,0.8691319917347551,20.7,1.2946286528065358,78.8,-23.0,328.0,22.358733885136346,47.77599342694951,False,False
Иркутская область,2016,47009.0,20974.0,2412.4,1948.6403581495604,8.8,1.2608741966409829,0.8857577297006313,20.0,1.3114497062303836,78.6,-27.0,297.0,22.725086549066123,44.61698823629518,False,False
Иркутская область,2017,46026.0,19979.0,2408.2,1911.2199983390085,8.7,1.255206393672242,0.9050276174479956,18.0,1.3577264091768886,78.3,-22.0,289.0,23.091439212995905,43.40807369747534,False,False
Иркутская область,2018,44971.0,19141.0,2402.4,1871.9197469197468,7.5,1.2774299835255354,0.9256185788953774,17.6,1.4061014055727354,78.1,-22.0,285.0,23.457791876925683,42.56298503480021,False,False
Иркутская область,2019,45929.0,21835.0,2396.4,1916.583208145552,6.6,1.301652776608581,0.9481666441409444,17.9,1.440789351126046,77.9,-11.0,276.0,23.824144540855464,47.5407694484966,False,False
Иркутская область,2020,42174.0,19774.0,2380.8,1771.4213709677415,7.7,1.3190111052353253,0.9581396349100176,17.6,1.3494681558977393,77.7,-29.0,277.0,24.190497204785245,46.88670745008773,False,False
Иркутская область,2021,39363.0,17799.0,2363.4,1665.5242447321657,6.0,1.328320862305416,0.969889862489334,16.4,1.4291365790570472,77.6,-7.0,273.0,24.190497204785245,45.21759012270406,False,False
Иркутская область,2022,37867.0,16027.0,2344.4,1615.210714895069,5.0,1.356798592714189,1.005337266997452,13.9,1.5548172969831366,77.5,-44.0,273.0,24.190497204785245,42.324451369266114,False,False
Кабардино-Балкарская Республика,2011,8285.0,3900.0,861.7,961.471509806197,10.5,0.7065595134665508,0.7856281466186035,15.3,0.470795021676391,54.1,-34.0,285.14795872776034,21.70117498586814,47.07302353651176,False,False
Кабардино-Балкарская Республика,2012,8798.0,3442.0,865.0,1017.1098265895952,8.9,0.7843269230769231,0.7368574007408831,14.2,0.4997374048319937,53.8,-33.0,264.4740462586796,21.97856131383521,39.12252784723801,False,False
Кабардино-Балкарская Республика,2013,8668.0,3282.0,867.4,999.3082776112522,10.5,0.7935236472092032,0.7402094160598087,19.0,0.482690945534557,53.5,-37.0,245.49644580632813,22.255947641802287,37.86340562990309,False,False
Кабардино-Балкарская Республика,2014,7881.0,2896.0,872.8,902.9560036663612,9.5,0.7970741655881084,0.7347691365840852,18.9,0.4571032982752712,53.3,-5.0,239.0,22.53333396976936,36.746605760690265,False,False
Кабардино-Балкарская Республика,2015,8647.0,3163.0,878.5,984.29140580535,10.1,0.787961179713757,0.7467371519988496,21.4,0.4298820421050658,53.1,7.0,194.0,22.810720297736435,36.57916040245171,False,False
Кабардино-Балкарская Республика,2016,7671.0,2506.0,883.9,867.8583550175359,10.3,0.7645492312608742,0.7630753781419964,26.3,0.4824091165012875,52.8,9.0,171.0,23.088106625703507,32.66849172207014,False,False
Кабардино-Балкарская Республика,2017,6729.0,2251.0,888.5,757.343837929094,10.4,0.75081815934745,0.7693914671299384,25.3,0.4519186334985443,52.6,9.0,158.0,23.365492953670586,33.452221726853914,False,False
Кабардино-Балкарская Республика,2018,6620.0,1861.0,892.1,742.0692747449837,10.4,0.7720832709300585,0.7659415050953023,24.9,0.4202453604150813,52.4,-1.0,164.0,23.64287928163765,28.11178247734139,False,False
Кабардино-Балкарская Республика,2019,7491.0,2412.0,897.4,834.7448183641632,10.7,0.770715829054073,0.7503955488132059,25.0,0.430307149188063,52.2,28.0,170.0,23.92026560960473,32.19863836603925,False,False
Кабардино-Балкарская Республика,2020,7423.0,2274.0,900.6,824.2282922496113,14.8,0.790560549973559,0.7409084901222761,25.0,0.4320789794908973,52.0,17.0,169.0,24.1976519375718,30.634514347298936,False,False
Кабардино-Балкарская Республика,2021,7557.0,2787.0,904.3,835.67400199049,11.7,0.7629863099391285,0.8007563453857223,18.8,0.4052129227411198,51.9,30.0,165.0,24.1976519375718,36.87971417229059,False,False
Кабардино-Балкарская Республика,2022,7416.0,2413.0,903.3,820.9897044171372,10.0,0.7399753976883904,0.932251575700684,14.8,0.4252891644102654,51.8,-36.0,175.0,24.1976519375718,32.537756202804744,False,False
Калининградская область,2011,15192.0,10453.0,947.0,1604.2238648363252,9.1,1.0811794092093832,1.050974286341288,12.7,1.1414529891591203,77.3,71.0,425.9257499395487,25.40209978426889,68.8059505002633,False,False
Калининградская область,2012,15041.0,7207.0,955.3,1574.4792211870615,7.4,1.0349038461538462,1.0499855182811535,10.8,1.1279446945062015,77.2,94.0,397.4587927904917,25.799805213990915,47.91569709460807,False,False
Калининградская область,2013,14521.0,6899.0,964.0,1506.3278008298755,5.6,1.0696207925010652,1.0,12.7,1.0831690629050246,77.1,97.0,349.5515457821652,26.19751064371293,47.51050203154053,False,False
Калининградская область,2014,15573.0,6747.0,970.1,1605.298422843006,5.4,1.0447895830882064,1.0244277383649305,12.4,1.1051588739634937,77.0,70.0,311.0,26.59521607343496,43.324985551916775,False,False
Калининградская область,2015,16502.0,7621.0,977.8,1687.6661894047863,5.7,1.067255768286696,1.018983903927246,13.6,1.1216915105918508,76.9,84.0,280.0,26.992921503156985,46.182280935644165,False,False
Калининградская область,2016,13224.0,6016.0,987.9,1338.5970239902824,6.0,1.045733764158648,1.0095969319665494,14.1,1.1793167403939198,76.9,104.0,250.0,27.390626932879005,45.49304295220811,False,False
Калининградская область,2017,17231.0,9395.0,996.5,1729.1520321123933,5.2,1.0078338963500042,1.0185948807395948,13.8,1.1615672626700717,76.8,102.0,237.0,27.78833236260103,54.52382334165168,True,False
Калининградская область,2018,13734.0,6897.0,1004.5,1367.247386759582,4.7,1.0,1.0404632350486438,13.6,1.141762817647906,76.9,98.0,223.0,28.18603779232305,50.21843599825251,False,False
Калининградская область,2019,14911.0,6870.0,1015.3,1468.629961587708,4.4,1.0,1.0463635390112602,13.5,1.1577993009471306,76.9,133.0,209.0,28.583743222045072,46.07336865401381,False,False
Калининградская область,2020,13573.0,6303.0,1021.6,1328.6021926389976,5.9,0.9689846641988366,1.0285548035668115,13.5,1.1633864598636896,76.9,103.0,201.0,28.981448651767096,46.43778088852869,False,False
Калининградская область,2021,13269.0,5752.0,1031.0,1287.0029097963145,5.0,1.0,1.0232090192595442,13.4,1.1451205437897714,76.8,159.0,201.0,28.981448651767096,43.349159695530936,False,False
Калининградская область,2022,12645.0,6059.0,1032.3,1224.9346120313862,3.1,0.9939291906847084,1.027946895534397,10.8,1.1083613538656485,76.6,61.0,206.0,28.981448651767096,47.91617240015816,False,False
Калужская область,2011,15086.0,6055.0,1013.8,1488.0647070428092,5.6,1.0860664639443962,1.090242290114572,11.1,1.038129156579943,76.2,90.0,333.5891461704029,22.73780096277612,40.13655044412038,False,False
Калужская область,2012,14783.0,6615.0,1016.7,1454.0179010524246,4.3,1.1399038461538462,1.1106763807131663,8.5,1.1360226798130015,76.2,68.0,297.4937540574037,23.09884787489748,44.74734492322262,False,False
Калужская область,2013,15727.0,7284.0,1020.9,1540.50347732393,4.5,1.0974435449510014,1.0936708679774645,9.5,1.0829814329203966,76.1,76.0,271.7461573723989,23.45989478701884,46.31525402174604,False,False
Калужская область,2014,16808.0,7301.0,1032.1,1628.5243677938188,4.2,1.107895046476056,1.082106853214971,9.9,1.0821674817844733,76.2,143.0,240.0,23.8209416991402,43.43764873869586,False,False
Калужская область,2015,18218.0,8369.0,1037.0,1756.7984570877531,4.3,1.1305841924398623,1.071422903979504,11.1,1.0256868384973097,76.0,71.0,212.0,24.181988611261552,45.938083214403335,False,False
Калужская область,2016,16193.0,8042.0,1047.4,1546.018713003628,4.2,1.1244185633632782,1.1020932580938605,10.6,1.09185587586476,75.8,129.0,183.0,24.54303552338291,49.66343481751374,False,False
Калужская область,2017,17638.0,6859.0,1050.5,1679.0099952403618,4.0,1.1314888357913817,1.0697163470234152,10.4,1.1242527380575484,75.7,68.0,177.0,24.904082435504268,38.88762898287788,False,False
Калужская область,2018,16941.0,6738.0,1053.4,1608.22099867097,3.9,1.1441365882881531,1.0610881865167492,10.8,1.1174592706249702,75.4,72.0,177.0,25.265129347625624,39.77333097219763,False,False
Калужская область,2019,15595.0,6610.0,1052.2,1482.1326743965026,3.7,1.1628924993686338,1.0822591851517902,10.7,1.172032184352806,75.2,43.0,177.0,25.626176259746984,42.38537992946457,False,False
Калужская область,2020,17209.0,7854.0,1056.0,1629.6401515151515,4.7,1.163246959280804,1.07754772616833,10.2,1.1498175489895577,75.0,116.0,182.0,25.98722317186834,45.63890987274101,False,False
Калужская область,2021,15961.0,7587.0,1073.3,1487.0958725426256,4.0,1.1750114284339437,1.062946271604686,9.4,1.083475167248869,75.0,263.0,180.0,25.98722317186834,47.53461562558737,False,False
Калужская область,2022,14656.0,6889.0,1070.9,1368.5684937902697,3.9,1.1316622514053964,1.0573420946761432,7.5,1.0,74.9,41.0,182.0,25.98722317186834,47.00463973799127,False,False
Камчатский край,2011,5335.0,1825.0,318.3,1676.0917373546968,6.1,2.135425716768028,1.8089454157000504,19.2,1.5989925801078184,77.3,-110.0,455.7980235974297,25.20505241493296,34.20805998125586,False,False
Камчатский край,2012,5329.0,1745.0,316.8,1682.1338383838383,5.8,2.0938461538461537,1.7301835751018575,17.8,1.622397851692556,77.5,-61.0,396.97196415098506,25.74325038243725,32.745355601426155,False,False
Камчатский край,2013,5103.0,1449.0,314.3,1623.6080178173718,5.7,2.071964209629314,1.7978927496139352,16.5,1.5924985682852577,77.6,-96.0,328.27937316044864,26.281448349941545,28.39506172839506,False,False
Камчатский край,2014,4978.0,1399.0,309.8,1606.8431245965137,6.1,2.08522571282896,1.8060477457970991,16.4,1.589530083138273,77.6,-161.0,264.0,26.81964631744584,28.103656086781843,False,False
Камчатский край,2015,5726.0,1670.0,306.8,1866.3624511082137,4.5,2.167742910010951,1.7592826331991596,16.6,1.7768965549548874,77.7,-114.0,208.0,27.35784428495014,29.16521131680056,False,False
Камчатский край,2016,5858.0,2102.0,303.5,1930.148270181219,4.1,2.171608138337535,1.7857625622590885,17.1,2.040699500166463,77.8,-120.0,173.0,27.89604225245444,35.88255377261864,False,False
Камчатский край,2017,6135.0,2324.0,302.5,2028.0991735537189,4.3,2.1688061300156547,1.817418365702224,16.2,1.9427520397228952,77.8,-43.0,167.0,28.43424021995873,37.88101059494702,False,False
Камчатский край,2018,5978.0,2157.0,299.9,1993.3311103701235,4.9,2.213449153811592,1.93098875973417,15.1,2.023069288451091,77.8,-83.0,162.0,28.972438187463027,36.08230177316828,False,False
Камчатский край,2019,5778.0,2188.0,296.4,1949.3927125506077,3.8,2.2574290765215927,1.9991782565329712,14.2,2.102949933082061,77.7,-114.0,155.0,29.51063615496732,37.86777431637245,False,False
Камчатский край,2020,5884.0,2115.0,293.3,2006.1370610296624,3.8,2.2639608672659968,2.043234545640286,13.8,2.1688622550414265,77.8,-81.0,149.0,30.04883412247161,35.944935418082935,False,False
Камчатский край,2021,5909.0,2365.0,292.6,2019.4805194805197,3.5,2.2587397444842767,2.0760110303618093,13.0,2.0608769555335,77.9,24.0,141.0,30.04883412247161,40.02369267219496,False,False
Камчатский край,2022,5450.0,2027.0,288.7,1887.7727745064085,2.9,2.173481982795175,2.0787179831031244,10.9,1.9173614636196623,78.0,-102.0,144.0,30.04883412247161,37.19266055045872,False,False
Карачаево-Черкесская Республика,2011,3960.0,1364.0,474.8,834.0353833192924,9.8,0.6758796698523023,0.7310319787015384,18.8,0.4627341417025852,43.0,-88.0,324.4150608791621,25.32477912752732,34.44444444444444,False,False
Карачаево-Черкесская Республика,2012,3679.0,935.0,472.3,778.9540546262967,8.9,0.7457211538461539,0.7223292488602098,16.0,0.5012458614475928,42.6,-91.0,322.72884129675856,25.75528242666549,25.414514813808097,False,False
Карачаево-Черкесская Республика,2013,3605.0,866.0,470.5,766.2061636556855,9.8,0.7608862377503196,0.7079067522368591,20.3,0.5283219549688037,42.3,-83.0,313.99569833969514,26.18578572580366,24.022191400832178,False,False
Карачаево-Черкесская Республика,2014,3421.0,776.0,470.0,727.8723404255319,13.0,0.7744440522414402,0.7381086573267845,19.2,0.4727040167903039,42.2,-49.0,300.0,26.616289024941835,22.683425898859984,False,False
Карачаево-Черкесская Республика,2015,4052.0,910.0,469.8,862.4946785866326,15.1,0.7745553415656509,0.7101053324916053,22.8,0.4484923438236846,42.1,-30.0,279.0,27.046792324080005,22.458045409674234,False,False
Карачаево-Черкесская Республика,2016,3519.0,980.0,469.3,749.8401875133177,14.4,0.7650463373930334,0.6913415505501931,23.8,0.4647176326798758,41.9,-36.0,238.0,27.477295623218176,27.84882068769537,False,False
Карачаево-Черкесская Республика,2017,4053.0,935.0,469.9,862.5239412640989,13.5,0.7460954107275275,0.6867228693723484,23.2,0.4547713170103897,41.7,-4.0,228.0,27.90779892235635,23.0693313594868,False,False
Карачаево-Черкесская Республика,2018,4066.0,763.0,469.9,865.2904873377315,12.0,0.7617193350307024,0.6792619586195909,22.8,0.4225353384670462,41.7,-18.0,237.0,28.33830222149452,18.765371372356125,False,False
Карачаево-Черкесская Республика,2019,4553.0,1108.0,470.4,967.8996598639455,11.7,0.7563767993938884,0.6774887893330758,23.3,0.4365175109983106,41.5,-7.0,239.0,28.768805520632693,24.33560289918735,False,False
Карачаево-Черкесская Республика,2020,4667.0,1086.0,470.3,992.3453115032958,14.7,0.7896615547329455,0.6582671345483609,23.4,0.4370690151657481,41.4,-4.0,238.0,29.199308819770863,23.26976644525391,False,False
Карачаево-Черкесская Республика,2021,4345.0,1248.0,469.1,926.2417395011724,12.3,0.7902701922382889,0.6490412240149261,22.3,0.3973628602242016,41.3,0.1,223.0,29.199308819770863,28.722669735327965,False,False
Карачаево-Черкесская Республика,2022,4436.0,1084.0,468.4,947.053800170794,9.8,0.7444193476608911,0.6178087702829557,21.5,0.4121896175197338,41.4,-14.0,225.0,29.199308819770863,24.436429215509467,False,False
Кемеровская область,2011,67369.0,29913.0,2749.7,2450.0490962650474,8.1,1.112022154648132,1.0379779068512265,11.6,1.2194508707235423,85.5,-14.0,318.5369854145869,19.09099091543474,44.40172779765174,False,False
Кемеровская область,2012,65530.0,28944.0,2740.2,2391.431282388147,7.1,1.1251442307692308,1.0,10.6,1.0580212008705463,85.6,-21.0,301.2813681941,19.42719205605451,44.16908286281093,False,False
Кемеровская область,2013,63198.0,25838.0,2730.8,2314.2668814999265,6.0,1.0790796761823604,0.9643002755500704,13.9,0.9199927660728816,85.7,-26.0,279.93011451420176,19.76339319667428,40.88420519636698,False,False
Кемеровская область,2014,61990.0,25926.0,2720.3,2278.7927802080653,6.2,1.0514570341608818,0.9013162513317844,14.1,0.9388741608505944,85.9,-25.0,247.0,20.09959433729405,41.822874657202775,False,False
Кемеровская область,2015,62686.0,27084.0,2711.9,2311.515911353664,7.7,1.067293531211057,0.8767756509237065,15.7,0.9697054019531604,86.0,-11.0,227.0,20.43579547791382,43.20581948122388,False,False
Кемеровская область,2016,58414.0,24064.0,2702.0,2161.880088823094,7.9,1.0693107978553422,0.8429731330057707,15.8,0.927394357155601,86.1,-14.0,195.0,20.77199661853359,41.19560379361112,False,False
Кемеровская область,2017,57058.0,24001.0,2687.0,2123.483438779308,7.1,1.075985828458433,0.8561000899640181,14.9,1.0513008272936997,86.2,-19.0,191.0,21.10819775915336,42.06421535980932,False,False
Кемеровская область,2018,53089.0,22367.0,2665.3,1991.8583273927889,6.1,1.1389246667665118,0.8798884609678931,13.9,1.0958460830931585,86.4,-35.0,180.0,21.44439889977313,42.13113827723257,False,False
Кемеровская область,2019,53768.0,24801.0,2647.7,2030.7436643124224,5.5,1.1720964166456211,0.9005163476774782,13.6,0.9379886283270156,86.4,-14.0,177.0,21.780600040392898,46.12594851956554,False,False
Кемеровская область,2020,51730.0,22901.0,2622.3,1972.6957251267968,6.7,1.1483077736647276,0.8895282986370752,13.2,0.855507470925072,86.5,-19.0,172.0,22.11680118101267,44.27024937173787,False,False
Кемеровская область,2021,50465.0,23045.0,2592.0,1946.9521604938277,5.4,1.1624040613045257,0.902743255794998,12.5,1.2021840962116035,86.5,-16.0,169.0,22.11680118101267,45.66531259288616,False,False
Кемеровская область,2022,47071.0,21239.0,2568.2,1832.840121485866,4.1,1.210228012208792,0.9117875821375888,10.8,1.3112720490201335,86.5,-20.0,173.0,22.11680118101267,45.12119988952858,False,False
Кировская область,2011,20274.0,7249.0,1319.7,1536.2582405092066,8.3,0.7916485664639444,0.9165979420963576,15.0,0.6571073155807,74.4,-104.0,368.754697994714,17.74889857564082,35.755154384926506,False,False
Кировская область,2012,21229.0,8247.0,1302.5,1629.865642994242,7.1,0.8140384615384615,0.9118947101310034,12.4,0.6429639656358138,74.7,-103.0,342.2722900020806,18.230564712997936,38.84780253426917,False,False
Кировская область,2013,21772.0,7120.0,1286.0,1693.0015552099533,5.6,0.8219429058372391,0.8793117630392459,13.9,0.6525337583265515,75.0,-103.0,325.9176543135954,18.71223085035505,32.702553738747014,False,False
Кировская область,2014,22123.0,7707.0,1271.0,1740.5979543666404,5.1,0.8227634623681217,0.9110296236713864,12.8,0.6762605913423634,75.4,-93.0,303.0,19.19389698771217,34.837047416715635,False,False
Кировская область,2015,25833.0,9650.0,1257.0,2055.131264916468,5.3,0.8352403610135569,0.887710001730242,14.9,0.6972279738537597,75.7,-85.0,288.0,19.67556312506929,37.35532071381566,False,False
Кировская область,2016,21750.0,8057.0,1243.5,1749.0952955367914,5.4,0.8310194226467351,0.8696732783894005,15.4,0.696901510060866,76.0,-84.0,270.0,20.157229262426405,37.04367816091954,False,False
Кировская область,2017,21143.0,7823.0,1227.9,1721.8828894861144,5.3,0.8310060146658976,0.8755903699057787,14.8,0.6927004999678764,76.4,-87.0,268.0,20.63889539978352,37.00042567279951,False,False
Кировская область,2018,20357.0,7815.0,1209.6,1682.9530423280423,5.1,0.8366631720832709,0.8851989286997072,14.5,0.6712138944632503,76.8,-98.0,258.0,21.12056153714064,38.38974308591639,False,False
Кировская область,2019,19110.0,7635.0,1192.5,1602.51572327044,4.8,0.8477986362488424,0.9008805444254608,13.8,0.692306086670795,77.2,-84.0,242.0,21.602227674497755,39.95290423861852,False,False
Кировская область,2020,18921.0,8239.0,1172.8,1613.318553888131,5.4,0.8644103648863035,0.8985851393253815,13.2,0.7239736335263789,77.6,-78.0,238.0,22.08389381185487,43.54421013688494,False,False
Кировская область,2021,19034.0,8254.0,1149.2,1656.2826313957537,4.9,0.8695955537376994,0.913803512991608,12.4,0.7232967684553809,77.9,-83.0,224.0,22.08389381185487,43.364505621519385,False,False
Кировская область,2022,18519.0,7523.0,1138.1,1627.185660311045,3.8,0.8571596505296213,0.9434893388762235,10.6,0.7470478664692757,78.3,-9.0,222.0,22.08389381185487,40.623143798261246,False,False
Костромская область,2011,9258.0,2319.0,657.8000000000001,1407.4186682882332,5.1,0.8085903562119896,0.910267566890276,16.5,0.7879712579821543,70.2,-88.0,311.1084082737231,18.99254292695653,25.04860661049903,False,False
Костромская область,2012,8351.0,2123.0,651.1,1282.5986791583473,4.8,0.8123076923076923,0.8643965501794426,15.1,0.8083564696050641,70.5,-70.0,295.65404375907167,19.47030254741904,25.42210513710933,False,False
Костромская область,2013,7655.0,1854.0,644.6,1187.558175612783,4.9,0.8162334895611418,0.8585043280191746,14.0,0.8084731139042108,70.9,-65.0,284.52156754459173,19.948062167881545,24.2194644023514,False,False
Костромская область,2014,8001.0,2147.0,638.7,1252.7007984969468,4.3,0.8184100090206691,0.8849946083818705,13.3,0.7780957037796217,71.4,-58.0,259.0,20.42582178834405,26.83414573178353,False,False
Костромская область,2015,9314.0,2973.0,631.8,1474.2006964229188,5.3,0.8230806993693591,0.9019230100784604,13.9,0.7894515598112424,71.6,-73.0,215.0,20.90358140880656,31.919690788060983,False,False
Костромская область,2016,8778.0,3134.0,624.5,1405.6044835868695,5.5,0.8162837765863011,0.944618965904958,13.2,0.7531298650121526,72.0,-80.0,182.0,21.381341029269063,35.70289359763044,False,False
Костромская область,2017,8853.0,3117.0,615.7,1437.87558876076,5.3,0.8092312762626678,0.9674795882569523,12.9,0.7426818063245666,72.4,-98.0,176.0,21.859100649731573,35.208403930870894,False,False
Костромская область,2018,7969.0,2895.0,605.7,1315.6678223543008,4.5,0.8304328291148719,0.9411213477281368,12.1,0.7273374611139078,72.6,-111.0,176.0,22.33686027019408,36.32827205421007,False,False
Костромская область,2019,8257.0,3180.0,598.0,1380.769230769231,4.1,0.8816959901226253,0.9635358258251876,11.9,0.760141776702143,73.0,-68.0,171.0,22.814619890656584,38.51277703766501,False,False
Костромская область,2020,9114.0,4351.0,589.2,1546.8431771894093,5.5,0.85193019566367,0.9544193168333408,11.8,0.741728876741546,73.4,-61.0,170.0,23.29237951111909,47.73974105771341,False,False
Костромская область,2021,8927.0,4230.0,578.0,1544.463667820069,4.4,0.8653610182133147,0.9793990068350098,11.0,0.7289058465134466,73.8,-60.0,165.0,23.29237951111909,47.38433964377731,False,False
Костромская область,2022,8188.0,3543.0,571.9,1431.7188319636302,3.4,0.8447388418440818,1.0,9.5,0.7457828890998051,74.1,-14.0,171.0,23.29237951111909,43.270639960918416,False,False
Краснодарский край,2011,66351.0,28079.0,5297.2,1252.5673940949937,5.9,1.0,1.1689768443359303,13.5,1.0577184234115755,53.4,141.0,328.95087078506384,21.23588119309409,42.31887989630903,False,False
Краснодарский край,2012,65959.0,27437.0,5356.1,1231.47439368197,5.6,1.0292788461538462,1.1665287480034925,11.2,1.1077881400782488,53.7,112.0,306.9894400382369,21.47792692620025,41.59705271456511,False,False
Краснодарский край,2013,64141.0,27576.0,5443.4,1178.326046221112,6.1,1.0252662974009374,1.244979529312363,10.7,1.160334719836031,54.2,159.0,280.9591903919298,21.71997265930641,42.99278152819569,False,False
Краснодарский край,2014,68959.0,31031.0,5505.8,1252.479203748774,5.7,1.0109816841197004,1.2630583477373214,10.3,1.1093479431843662,54.5,108.0,261.0,21.96201839241257,44.999202424629125,False,False
Краснодарский край,2015,75047.0,34809.0,5579.7,1345.0006272738678,6.0,1.0108001963672066,1.2387145767127088,11.8,1.089435007604646,54.8,128.0,234.0,22.20406412551873,46.38293336175997,False,False
Краснодарский край,2016,71509.0,34215.0,5650.2,1265.601217656012,5.8,1.0202748286759222,1.2778575390557343,11.8,1.1170946071001595,55.2,123.0,211.0,22.446109858624894,47.847124138220366,False,False
Краснодарский край,2017,67662.0,30323.0,5695.9,1187.9070910655032,5.7,1.0,1.2685552400603493,11.1,1.1019093834348777,55.6,85.0,206.0,22.688155591731054,44.81540598859034,False,False
Краснодарский край,2018,68120.0,31507.0,5753.799999999999,1183.913239945775,5.2,1.0138085966751536,1.296603615230811,10.5,1.0112000281586946,56.0,106.0,201.0,22.930201324837213,46.252201996476806,False,False
Краснодарский край,2019,71588.0,35021.0,5794.1,1235.5326970538997,4.8,1.0139181188091029,1.2939810054495862,10.6,1.001772433220655,56.2,85.0,188.0,23.172247057943373,48.92021009107672,False,False
Краснодарский край,2020,73519.0,37330.0,5815.6,1264.1687873994083,5.7,1.01795346377578,1.2726806558590316,10.6,0.99110706359459,56.6,76.0,180.0,23.414292791049533,50.77598988016703,False,False
Краснодарский край,2021,78183.0,40790.0,5832.0,1340.5864197530864,5.0,1.0468445492385057,1.3530465997866394,9.9,0.9682553268281364,57.0,92.0,174.0,23.414292791049533,52.17246716038013,False,False
Краснодарский край,2022,77125.0,40828.0,5819.3,1325.3312254051175,3.5,1.0548744904256704,1.3057261633364623,9.2,1.1478176100315167,57.1,20.0,173.0,23.414292791049533,52.93743922204214,False,False
Красноярский край,2011,63087.0,26574.0,2839.0,2222.1556886227545,6.0,1.3932993049522155,1.254285837859536,18.1,1.847947676072592,76.7,30.0,394.1936995088034,21.09590330449865,42.122782823719625,False,False
Красноярский край,2012,58585.0,23935.0,2847.7,2057.2742915335184,5.5,1.3784615384615384,1.2156490103768451,15.6,1.682463211407506,77.0,16.0,386.42533650640144,21.46706362309253,40.855167705043954,False,False
Красноярский край,2013,58832.0,24642.0,2854.7,2060.882054156304,5.7,1.3473796335747763,1.2083986990895246,15.6,1.660948096572927,77.4,7.0,359.11941864395794,21.83822394168641,41.885368506935,False,False
Красноярский край,2014,56359.0,23200.0,2861.3,1969.6990878272115,5.0,1.3404714280111385,1.1050067082379962,17.0,1.6795802696234805,77.7,6.0,336.0,22.2093842602803,41.16467644919179,False,False
Красноярский край,2015,62282.0,25358.0,2869.7,2170.3313935254555,6.2,1.3621464446206717,1.080973338054585,18.9,1.8168748184722625,78.0,12.0,313.0,22.58054457887418,40.71481326868116,False,False
Красноярский край,2016,57248.0,25101.0,2879.2,1988.3300916921369,6.1,1.366118666335263,1.0973476238754674,18.4,1.76142633471895,78.3,19.0,282.0,22.95170489746806,43.84607322526551,False,False
Красноярский край,2017,51085.0,20374.0,2881.0,1773.1690385282889,5.7,1.3550861003542884,1.1096652659427202,17.6,1.771173292524684,78.5,5.0,267.0,23.322865216061945,39.88254869335422,False,False
Красноярский край,2018,45902.0,18619.0,2879.2,1594.2622950819673,4.9,1.366931256552344,1.134384673453196,17.1,1.9093662857987088,78.8,1.0,256.0,23.69402553465582,40.56250272319289,False,False
Красноярский край,2019,46530.0,18980.0,2872.1,1620.0689391037915,4.5,1.401128041080899,1.14259332830001,17.3,2.104356522798896,78.9,-7.0,239.0,24.065185853249705,40.79088759939824,False,False
Красноярский край,2020,48152.0,21483.0,2862.4,1682.2247065399663,6.0,1.4390798519301955,1.1422449547190503,17.0,2.050084997127936,79.1,8.0,232.0,24.436346171843585,44.61496926399734,False,False
Красноярский край,2021,47027.0,19952.0,2856.4,1646.3730569948186,3.6,1.4582200514881023,1.15362788344379,15.9,1.8766154070904069,79.4,44.0,227.0,24.436346171843585,42.42669104982244,False,False
Красноярский край,2022,45561.0,19432.0,2845.5,1601.1597258829731,2.7,1.5056992556331317,1.1581869384470966,14.0,1.8127022810126805,79.6,4.0,230.0,24.436346171843585,42.65051249972564,False,False
Курганская область,2011,21585.0,8674.0,893.2,2416.592028660994,10.0,0.8054409209383145,0.8952681074184694,18.5,0.6767999098233504,60.5,-145.0,379.3824636516108,15.678536693639574,40.185313875376416,False,False
Курганская область,2012,20057.0,8012.0,879.7,2279.981811981357,8.7,0.8259615384615384,0.8753070661642723,15.6,0.6661362203842582,60.9,-131.0,349.75314017295534,16.082706704027505,39.9461534626315,False,False
Курганская область,2013,19234.0,7190.0,868.0,2215.898617511521,7.5,0.8269706007669365,0.8585011785861446,16.9,0.720204885914941,61.5,-113.0,315.5647666961204,16.486876714415434,37.38171987106166,False,False
Курганская область,2014,20425.0,8622.0,857.7,2381.3687769616413,7.0,0.830372200651057,0.8405502454060283,16.9,0.6716216846176329,62.0,-96.0,277.0,16.891046724803363,42.21297429620563,False,False
Курганская область,2015,22269.0,9405.0,846.8,2629.782711384034,7.5,0.8332011630980704,0.8253426422780191,18.5,0.6575610792038701,62.4,-100.0,251.0,17.295216735191293,42.2335982756298,False,False
Курганская область,2016,19353.0,6899.0,836.0,2314.952153110048,8.4,0.8285693995668075,0.810637236386221,19.3,0.6675345528760298,62.5,-93.0,214.0,17.699386745579222,35.64821991422518,False,False
Курганская область,2017,17874.0,6571.0,824.4,2168.122270742358,9.1,0.838193952377029,0.8155213550479784,19.2,0.6526408867263264,62.7,-98.0,212.0,18.103556755967155,36.762895826339935,False,False
Курганская область,2018,17460.0,6965.0,810.5,2154.225786551512,8.0,0.8434626329189756,0.7909732294622751,19.1,0.6107143833037466,63.1,-116.0,205.0,18.507726766355084,39.89117983963345,False,False
Курганская область,2019,17101.0,6442.0,800.0,2137.625,7.8,0.8595560793557258,0.7925037534047158,19.0,0.6600763962035768,63.4,-69.0,186.0,18.911896776743014,37.67031167767967,False,False
Курганская область,2020,15656.0,5525.0,788.4,1985.7940131912733,8.2,0.8773664727657324,0.7888976852356809,18.6,0.6523417943636799,63.6,-59.0,186.0,19.316066787130943,35.2899846704139,False,False
Курганская область,2021,14765.0,5135.0,772.3,1911.8218308947305,7.6,0.8706782474797296,0.7917307117638217,17.8,0.5994400546539657,64.0,-86.0,186.0,19.316066787130943,34.778191669488656,False,False
Курганская область,2022,13456.0,4626.0,761.6,1766.8067226890755,6.5,0.8772802270465889,0.8002682043717313,15.5,0.6834610055213752,64.2,-58.0,185.0,19.316066787130943,34.37871581450654,False,False
Курская область,2011,16904.0,6552.0,1121.0,1507.9393398751115,6.3,0.881896177237185,1.0206254484256398,10.4,0.9112748544917454,65.9,12.0,603.5701637715174,20.717731151982264,38.760056791292,False,False
Курская область,2012,15091.0,5746.0,1118.2,1349.579681631193,5.1,0.8985576923076923,1.0192578183459275,8.2,0.896335352021053,66.4,21.0,568.1901515137965,21.28557745965545,38.07567424292625,False,False
Курская область,2013,13205.0,4048.0,1117.3,1181.8670008055133,4.6,0.9047294418406476,0.9698542337526768,9.6,0.9153103053320072,66.5,37.0,537.0601581484017,21.853423767328632,30.655054903445667,False,False
Курская область,2014,13249.0,3774.0,1115.2,1188.0380200860832,3.9,0.905949719574852,0.9927350145421932,9.2,0.9092617867123718,66.8,30.0,500.0,22.42127007500181,28.485168691976757,False,False
Курская область,2015,14224.0,3720.0,1117.5,1272.841163310962,4.2,0.903326913636192,1.0152564483230462,10.4,0.9427596588371608,67.2,67.0,489.0,22.989116382675,26.152980877390323,False,False
Курская область,2016,12190.0,3585.0,1120.0,1088.392857142857,4.3,0.8993005006568903,1.0014249054115671,10.5,0.9414697873887212,67.5,73.0,398.0,23.556962690348183,29.40935192780968,False,False
Курская область,2017,11864.0,3446.0,1111.8,1067.0983989926249,4.1,0.8988745159429842,1.0097229606280385,10.3,0.9358744819254788,67.7,-14.0,369.0,24.12480899802137,29.04585300067431,False,False
Курская область,2018,12210.0,3661.0,1103.2,1106.7802755620014,4.0,0.8967200838700015,1.0358440143562069,9.9,0.9429943900284876,68.0,-16.0,344.0,24.692655305694554,29.983619983619985,False,False
Курская область,2019,13203.0,5016.0,1099.6,1200.7093488541288,4.0,0.917838201868844,1.0547542489527262,9.9,1.0104723264078184,68.3,34.0,331.0,25.260501613367737,37.99136559872756,False,False
Курская область,2020,13903.0,5732.0,1091.6,1273.6350311469405,4.9,0.9467213114754098,1.04182460417904,9.9,1.029677921173657,68.4,20.0,339.0,25.828347921040923,41.22851183197871,False,False
Курская область,2021,13538.0,5758.0,1078.2,1255.6112038582824,4.0,0.9694199167528812,1.0532232020998988,9.1,1.0906920687299395,68.5,11.0,335.0,25.828347921040923,42.53213177721968,False,False
Курская область,2022,13448.0,5455.0,1067.0,1260.356138706654,3.0,0.9668624495673602,1.0567520450583343,7.7,0.9644018156806058,68.5,-16.0,346.0,25.828347921040923,40.5636525877454,False,False
Ленинградская область,2011,24665.0,12000.0,1742.6,1415.4137495696086,4.3,1.2653670721112076,0.9895564721256188,13.0,1.5035587570651794,64.7,199.0,84.5817253202875,21.767112630703203,48.65193594161767,False,False
Ленинградская область,2012,20737.0,8446.0,1768.5,1172.5756290641789,3.2,1.2649038461538462,0.9628231764573998,11.9,1.547761795657699,65.1,205.0,79.51729839088155,22.22682729768929,40.72913150407484,False,False
Ленинградская область,2013,20141.0,7626.0,1789.5,1125.5099189717798,4.3,1.250873455475075,0.9785048489822448,10.8,1.4374050547065738,65.3,173.0,70.39904152694056,22.68654196467538,37.8630653890075,False,False
Ленинградская область,2014,19498.0,7523.0,1808.8,1077.952233524989,4.5,1.249205788916343,0.962275479993535,10.0,1.3301718808005472,65.4,161.0,62.0,23.14625663166147,38.58344445584162,False,False
Ленинградская область,2015,20322.0,7914.0,1821.4,1115.7351487866476,5.1,1.2837883765718818,1.000241984436106,10.5,1.4618559083569904,65.3,118.0,54.0,23.60597129864756,38.94301741954532,False,False
Ленинградская область,2016,17535.0,7463.0,1841.9,952.0060806775612,4.6,1.2895998295636115,1.0955327880007009,10.0,1.4469483364541664,65.0,159.0,49.0,24.065685965633644,42.56059309951525,False,False
Ленинградская область,2017,18409.0,7498.0,1871.4,983.7020412525382,4.6,1.2963137513388812,1.1108891067517417,9.3,1.3932719397448017,64.3,207.0,43.0,24.52540063261973,40.73007767939595,False,False
Ленинградская область,2018,21677.0,10847.0,1913.5,1132.8455709432976,4.1,1.3069042983375767,1.1475803920104857,8.7,1.4043241195429217,63.8,274.0,41.0,24.985115299605823,50.0392120680906,False,False
Ленинградская область,2019,24313.0,14215.0,1950.9,1246.2453226715877,3.9,1.301652776608581,1.124484701998721,9.1,1.421406154295732,66.2,245.0,35.0,25.44482996659191,58.46666392464937,False,False
Ленинградская область,2020,27427.0,17886.0,1977.3,1387.0935113538665,5.3,1.2767318878900054,1.1103168307748117,9.1,1.3602957179609576,66.8,209.0,32.0,25.904544633578,65.21311116782732,False,False
Ленинградская область,2021,27092.0,17354.0,2006.0,1350.5483549351943,3.7,1.2691336044077666,1.1278153636469974,8.3,1.2713624391480511,67.1,240.0,34.0,25.904544633578,64.05580983316108,False,False
Ленинградская область,2022,28569.0,17639.0,2023.8,1411.6513489475246,3.3,1.259661445322832,1.0940056322918064,7.0,1.284513428029429,67.1,157.0,32.0,25.904544633578,61.741748048584135,False,False
Липецкая область,2011,15376.0,6992.0,1168.1,1316.3256570499102,4.9,0.9236533449174632,1.0458453986263854,10.6,1.1003179442586637,63.7,11.0,329.1192125041843,20.971620346093754,45.473465140478666,False,False
Липецкая область,2012,13482.0,4669.0,1166.5,1155.7651093013287,3.6,0.9335096153846154,1.067608834071012,8.4,1.0159040894901692,63.8,23.0,299.63102288275377,21.42751095570488,34.63136033229491,False,False
Липецкая область,2013,13274.0,4535.0,1166.1,1138.3243289597806,3.7,0.9114188325521942,1.0894119814899488,7.9,1.0198021219519546,63.7,36.0,270.9370589072648,21.88340156531601,34.16453216814826,False,False
Липецкая область,2014,12334.0,3904.0,1166.2,1057.6230492196878,3.7,0.907283209789387,1.1002134470662566,8.3,1.162671721724123,63.7,38.0,245.0,22.33929217492713,31.65234311658829,False,False
Липецкая область,2015,14406.0,4771.0,1167.0,1234.447300771208,4.1,0.926097957025792,1.0744917367334557,9.3,1.201995009353558,63.6,44.0,214.0,22.795182784538262,33.11814521727058,False,False
Липецкая область,2016,12369.0,4231.0,1169.5,1057.631466438649,4.0,0.9307957248872636,1.089233098582293,9.3,1.1923772745538432,63.4,60.0,190.0,23.2510733941494,34.20648395181502,False,False
Липецкая область,2017,12690.0,4086.0,1165.8,1088.5229027277403,3.9,0.9378001153497568,1.1027733940329107,8.9,1.1540779363662703,63.4,14.0,186.0,23.70696400376052,32.19858156028369,False,False
Липецкая область,2018,12344.0,4674.0,1162.0,1062.3063683304647,3.8,0.947191852628426,1.120025812347365,8.8,1.202518443250273,63.4,17.0,182.0,24.16285461337165,37.864549578742704,False,False
Липецкая область,2019,12181.0,4657.0,1159.7,1050.3578511684057,3.7,0.9628195414877796,1.1535665011253995,8.7,1.10212083743598,63.4,36.0,174.0,24.618745222982778,38.23167227649618,False,False
Липецкая область,2020,13234.0,5313.0,1150.6,1150.1825134712326,4.3,0.9727657324167108,1.1119807495430234,8.6,1.1545146621933076,63.3,14.0,169.0,25.074635832593906,40.14659211122865,False,False
Липецкая область,2021,13073.0,5236.0,1138.1,1148.668834021615,4.2,0.9669176912157448,1.1057277751480556,8.3,1.2811358743989998,63.0,20.0,162.0,25.074635832593906,40.05201560468141,False,False
Липецкая область,2022,13940.0,5873.0,1126.3,1237.6809020687206,3.7,0.9805532581269496,1.104385141477806,7.0,1.0742262965628284,63.0,-24.0,162.0,25.074635832593906,42.13055954088953,False,False
Магаданская область,2011,3220.0,1188.0,154.3,2086.843810758263,4.5,2.277041702867072,1.8972267897045487,13.9,2.077134583281893,95.6,-129.0,602.5946758599238,24.897518987506828,36.8944099378882,False,False
Магаданская область,2012,3234.0,1073.0,152.0,2127.6315789473683,3.4,2.3878365384615385,1.9802526253501085,11.3,2.069870934171697,95.7,-148.0,556.9405434560966,25.53865114902805,33.17872603586889,False,False
Магаданская область,2013,3488.0,1260.0,149.8,2328.437917222964,2.9,2.433787814230933,2.110504481573084,12.2,2.219522184043162,95.8,-153.0,454.24203991722845,26.179783310549265,36.12385321100918,False,False
Магаданская область,2014,3080.0,1220.0,147.4,2089.55223880597,3.1,2.43762011217006,2.0479962282011552,12.3,2.219594880835595,95.9,-164.0,355.0,26.82091547207048,39.61038961038961,False,False
Магаданская область,2015,3309.0,1142.0,145.5,2274.226804123712,4.3,2.492201956119482,2.040318047525458,12.9,2.6826036308670544,95.9,-130.0,306.0,27.4620476335917,34.51193714113025,False,False
Магаданская область,2016,2986.0,1060.0,144.6,2065.0069156293225,4.4,2.477328409615453,2.036810631843312,13.0,2.9485106983718867,96.0,-62.0,247.0,28.10317979511292,35.49899531145345,False,False
Магаданская область,2017,2771.0,896.0,142.9,1939.118264520644,5.2,2.4951635494768065,2.1310587879078287,11.1,2.9052981836074423,96.2,-109.0,227.0,28.74431195663413,32.33489714904367,False,False
Магаданская область,2018,2951.0,1096.0,139.9,2109.363831308077,5.0,2.564954320802756,2.28277132556142,9.5,2.8882465701274227,96.3,-200.0,219.0,29.385444118155355,37.13995255845476,False,False
Магаданская область,2019,2885.0,1144.0,138.6,2081.5295815295817,4.6,2.661727979347308,2.380631840043893,9.2,3.4555290287842526,96.4,-65.0,196.0,30.02657627967657,39.65337954939341,False,False
Магаданская область,2020,2649.0,1121.0,137.3,1929.3517844136925,5.6,2.7192755156002115,2.500476939516544,8.6,4.457210994126667,96.4,-62.0,188.0,30.66770844119779,42.317855794639485,False,False
Магаданская область,2021,2562.0,1130.0,135.9,1885.2097130242823,4.9,2.715203426124197,2.628383733027429,7.8,4.02739813609353,96.4,-41.0,190.0,30.66770844119779,44.10616705698673,False,False
Магаданская область,2022,2386.0,968.0,134.3,1776.6195085629186,4.1,2.5496937306088863,2.7356577712216708,6.7,3.6388584709519782,96.5,-77.0,186.0,30.66770844119779,40.56999161777033,False,False
Москва,2011,173628.0,125259.0,11668.7,1487.980666226743,1.4,2.438043006081668,2.939367823234943,10.0,3.834699402221852,100.0,99.0,881.8832843805246,42.01769669873937,72.14216601009053,False,False
Москва,2012,180240.0,130905.0,11849.5,1521.0768386851769,0.8,2.347596153846154,2.6775905688606927,9.4,3.667495893286499,100.0,139.0,794.1834650136727,41.87612434650286,72.62816245006658,False,False
Москва,2013,174990.0,118145.0,12036.4,1453.8400186102158,1.7,2.364081806561568,2.8114911971410006,8.7,3.727274919371854,100.0,140.0,737.0158244645829,41.734551994266354,67.51528658780501,False,False
Москва,2014,182873.0,128087.0,12183.2,1501.0260030205527,1.5,2.400596148566498,2.5239370722421883,8.8,3.590897970252879,100.0,105.0,661.0,41.59297964202984,70.04150421330651,False,False
Москва,2015,195239.0,137430.0,12372.9,1577.956663352973,1.8,2.4285336656470675,2.418451863720646,8.9,3.439180322237109,100.0,138.0,614.0,41.45140728979332,70.39064940918567,False,False
Москва,2016,173898.0,129086.0,12480.2,1393.391131552379,1.8,2.5344956148137627,2.429055276866607,8.5,3.381710694592427,100.0,69.0,590.0,41.309834937556815,74.23087097033894,False,False
Москва,2017,140134.0,95113.0,12662.6,1106.6763539873327,1.4,2.4326406855071268,2.498931237238128,7.6,3.3943801412357,100.0,133.0,565.0,41.16826258532031,67.87289308804431,False,False
Москва,2018,140542.0,92620.0,12827.7,1095.6133991284485,1.2,2.51013928410963,2.60829213728585,6.7,3.4117465754534915,100.0,122.0,550.0,41.02669023308379,65.90200794068677,False,False
Москва,2019,142081.0,95750.0,12946.6,1097.438709777084,1.4,2.645957852793445,2.684873202597533,6.5,3.4478752684629206,100.0,80.0,541.0,40.88511788084728,67.39113604211681,False,False
Москва,2020,146559.0,102783.0,12979.4,1129.166217236544,2.6,2.64595452141724,2.6577039881493,6.1,3.371334020270321,100.0,44.0,557.0,40.74354552861077,70.13080056496018,False,False
Москва,2021,143564.0,97754.0,13015.1,1103.0572181542975,2.6,2.713182397805741,2.7700941515656496,5.7,3.2087527122889785,100.0,60.0,583.0,40.74354552861077,68.09088629461425,False,False
Москва,2022,138180.0,96286.0,13104.2,1054.4710856061415,2.2,2.6373510111718006,2.739519914174601,4.8,3.309859433794009,100.0,71.0,622.0,40.74354552861077,69.6815747575626,False,False
Московская область,2011,113869.0,54552.0,7243.7,1571.9728867843785,3.7,1.552237185056473,1.5893332880417022,9.6,1.3570641953970546,80.0,222.0,216.2334538280958,31.18853249401849,47.90768339056284,False,False
Московская область,2012,109349.0,52979.0,7385.5,1480.5903459481417,2.9,1.5530288461538462,1.579898674270909,7.2,1.30283873664838,80.0,216.0,196.4702965665257,31.513690868965387,48.449459985916654,False,False
Московская область,2013,107178.0,52573.0,7519.7,1425.296221923747,2.8,1.5206646783127398,1.563419926290199,7.9,1.2871066552129489,79.9,198.0,193.82209283816127,31.83884924391229,49.05204426281513,False,False
Московская область,2014,91061.0,42526.0,7666.3,1187.8089821687124,2.7,1.513825155900694,1.4833608422074536,8.0,1.2291877847000123,79.8,205.0,170.0,32.16400761885918,46.70056335862773,False,False
Московская область,2015,89183.0,36285.0,7805.8,1142.5222270619283,3.3,1.534798534798535,1.4467055800141817,8.8,1.2841504814193674,79.7,180.0,143.0,32.48916599380608,40.68600518035949,False,False
Московская область,2016,88297.0,38741.0,7960.0,1109.2587939698494,3.3,1.5146113695273942,1.5207303819232316,8.3,1.4829493569082686,79.6,194.0,109.0,32.81432436875298,43.87578286918015,False,False
Московская область,2017,84307.0,36163.0,8088.3,1042.332752247073,3.2,1.5435708989041774,1.5187559666995158,8.5,1.3795534631748128,79.4,164.0,95.0,33.13948274369988,42.894421578279385,False,False
Московская область,2018,80299.0,33309.0,8233.2,975.3072924257882,2.7,1.555728620638011,1.5669865864941863,7.9,1.31795357613106,79.2,189.0,99.0,33.464641118646774,41.48121396281398,False,False
Московская область,2019,77049.0,29819.0,8372.9,920.2188011322244,2.7,1.558913488789741,1.577174938085637,7.9,1.4045964308487322,79.0,191.0,97.0,33.78979949359368,38.701345896767,False,False
Московская область,2020,73941.0,26853.0,8436.9,876.4000995626355,3.6,1.53532522474881,1.5089676410991104,7.4,1.3874087340507704,78.7,115.0,93.0,34.11495786854057,36.31679311883799,False,False
Московская область,2021,73780.0,24733.0,8542.3,863.701813328963,3.4,1.5408175540745377,1.576870970408054,6.6,1.3786481736896152,78.5,186.0,89.0,34.11495786854057,33.52263486039577,False,False
Московская область,2022,74054.0,26553.0,8591.7,861.9248809897923,3.1,1.48421211726822,1.4951320906530776,6.0,1.414776164172049,78.3,90.0,86.0,34.11495786854057,35.856267048370114,False,False
Мурманская область,2011,15970.0,6685.0,782.2,2041.67732037842,8.6,1.7561902693310163,1.5813047757499874,13.6,1.4972208952179538,92.8,-150.0,361.5291096131204,23.41239115535911,41.85973700688791,False,False
Мурманская область,2012,14379.0,5584.0,769.2,1869.344773790952,7.7,1.7398076923076924,1.5790621378269665,11.0,1.4794308537799756,92.9,-173.0,331.5894713029822,24.064893120455714,38.83441129424856,False,False
Мурманская область,2013,13312.0,4792.0,754.1,1765.2831189497413,7.2,1.7138900724328932,1.6196802815096083,10.8,1.5165856617536244,93.0,-207.0,290.91632409494764,24.71739508555232,35.99759615384615,False,False
Мурманская область,2014,12881.0,4773.0,743.9,1731.5499395079985,6.7,1.7012981919441503,1.571833587330862,10.7,1.4914382856631478,93.0,-139.0,274.0,25.369897050648923,37.05457650803509,False,False
Мурманская область,2015,18556.0,9798.0,734.1,2527.7210189347497,7.8,1.7366791284317058,1.519953014024847,12.3,1.6971099222670902,93.0,-136.0,210.0,26.022399015745528,52.80232808794999,True,False
Мурманская область,2016,15061.0,7656.0,724.1,2079.9613313078303,7.7,1.7393743564250967,1.534119895438668,11.5,1.7799807025237342,93.0,-134.0,135.0,26.674900980842136,50.83327800278866,False,False
Мурманская область,2017,12773.0,6017.0,714.7,1787.183433608507,7.0,1.7115168493037818,1.5905349451541253,10.8,1.719212446741178,93.0,-123.0,123.0,27.32740294593874,47.10717920613794,False,False
Мурманская область,2018,12085.0,5363.0,704.0,1716.6193181818182,6.8,1.7386550846188409,1.666039897958302,9.4,1.7010225125984686,93.0,-136.0,112.0,27.979904911035344,44.3773272652048,False,False
Мурманская область,2019,12117.0,5261.0,692.2,1750.505634209766,5.4,1.787888991778208,1.702232934989926,9.9,1.9821109259947969,93.0,-142.0,101.0,28.63240687613195,43.41833787241066,False,False
Мурманская область,2020,12228.0,5939.0,678.6,1801.945181255526,7.7,1.82800105764146,1.7460075442234573,9.4,2.512744608058733,93.1,-149.0,97.0,29.28490884122856,48.56885835786719,False,False
Мурманская область,2021,12096.0,6255.0,665.2,1818.4004810583283,5.8,1.8421432524120007,1.778481408734708,8.6,2.830578550037166,93.1,-116.0,100.0,29.28490884122856,51.711309523809526,False,False
Мурманская область,2022,12075.0,6268.0,658.7,1833.156216790648,4.8,1.833128314069919,1.762290465334585,7.0,2.7133335848529483,93.0,-52.0,104.0,29.28490884122856,51.908902691511386,False,False
Ненецкий автономный округ,2011,772.0,313.0,42.2,1829.383886255924,8.7,2.7169852302345787,3.413142865391112,7.7,17.563841131645383,69.0,-34.0,0.0,17.70444706862864,40.5440414507772,False,False
Ненецкий автономный округ,2012,627.0,201.0,42.3,1482.2695035460993,6.9,2.778605769230769,3.39695493116616,6.5,15.045205182039703,69.9,-48.0,0.0,18.60242591813727,32.057416267942585,False,False
Ненецкий автономный округ,2013,511.0,148.0,42.2,1210.9004739336492,7.1,2.6316574350234343,3.3859360507473046,7.7,15.444390692347108,70.7,-65.0,0.0,19.500404767645904,28.96281800391389,False,False
Ненецкий автономный округ,2014,655.0,185.0,42.3,1548.4633569739954,5.3,2.581323292936424,3.10480227339529,8.7,15.060567455379486,71.7,-71.0,0.0,20.398383617154536,28.24427480916031,True,False
Ненецкий автономный округ,2015,840.0,200.0,42.5,1976.470588235294,7.9,2.6898531022242365,2.968510654428508,9.1,16.738742469526763,72.3,-32.0,0.0,21.29636246666317,23.809523809523807,True,False
Ненецкий автономный округ,2016,763.0,322.0,42.3,1803.7825059101656,8.5,2.5512196854028337,2.9098819723479377,9.8,17.156894540292654,72.3,-147.0,0.0,22.1943413161718,42.201834862385326,False,False
Ненецкий автономный округ,2017,779.0,235.0,42.0,1854.7619047619048,8.0,2.444518414764769,2.935068296836397,10.2,16.260748586881835,72.6,-128.0,0.0,23.09232016568044,30.166880616174584,False,False
Ненецкий автономный округ,2018,857.0,236.0,41.6,2060.096153846154,8.1,2.4797364085667217,3.1205979731883184,9.2,17.73533466932754,72.9,-156.0,0.0,23.99029901518907,27.537922987164524,False,False
Ненецкий автономный округ,2019,754.0,240.0,41.6,1812.5,7.9,2.470101299211493,3.0871164821800794,8.9,17.853191041906587,73.4,-53.0,0.0,24.888277864697702,31.830238726790448,False,False
Ненецкий автономный округ,2020,732.0,234.0,41.6,1759.6153846153848,8.8,2.438841882601798,3.119107148858682,8.8,11.965651496892066,73.8,-46.0,0.0,25.78625671420633,31.967213114754102,False,False
Ненецкий автономный округ,2021,852.0,283.0,41.4,2057.971014492753,7.1,2.3026489906888337,2.967670227344882,8.7,16.956829210654085,74.2,-36.0,0.0,25.78625671420633,33.21596244131456,False,False
Ненецкий автономный округ,2022,686.0,227.0,41.4,1657.0048309178744,7.4,2.245044901317861,3.0933619417996514,7.6,18.419923845680863,74.5,-20.0,0.0,25.78625671420633,33.09037900874635,False,False
Нижегородская область,2011,65614.0,34215.0,3293.6,1992.1666261841144,7.2,1.0041268462206776,1.1423652776119415,12.5,1.044564083570852,79.0,11.0,462.3370282849156,23.222316317774133,52.14588350047246,False,False
Нижегородская область,2012,55206.0,21335.0,3283.2,1681.469298245614,5.4,1.0076442307692308,1.1750286903517528,10.3,1.035467126278964,79.1,11.0,420.2880055165675,23.629920934954527,38.64616164909612,False,False
Нижегородская область,2013,47147.0,17582.0,3271.6,1441.0991563760851,4.3,1.0043885811674478,1.2173772432015262,9.0,1.063585465834765,79.2,5.0,382.0917785650315,24.03752555213492,37.29187435043587,False,False
Нижегородская область,2014,38560.0,15965.0,3257.0,1183.911575069082,4.2,1.0,1.2306516782576558,8.8,1.0522668985949892,79.4,-5.0,341.0,24.44513016931531,41.40300829875518,False,False
Нижегородская область,2015,41177.0,17379.0,3244.1,1269.2888628587282,4.3,1.0,1.2054792267437455,9.9,1.0613131209029385,79.5,-7.0,303.0,24.852734786495702,42.205600213711534,False,False
Нижегородская область,2016,40238.0,18058.0,3228.5,1246.33730834753,4.3,1.0083797890849695,1.1907614904666142,9.8,1.1014946095456923,79.5,-13.0,282.0,25.26033940367609,44.87797604254685,False,False
Нижегородская область,2017,42127.0,21922.0,3212.5,1311.3463035019456,4.2,1.00146988547417,1.1769152817657809,10.0,1.1119866633949564,79.5,-8.0,274.0,25.66794402085649,52.03788544164075,False,False
Нижегородская область,2018,41638.0,20250.0,3189.1,1305.634818600859,4.2,0.9869402426239328,1.1979230705851904,9.5,1.0867711564192328,79.6,-22.0,266.0,26.07554863803688,48.63345982035641,False,False
Нижегородская область,2019,43029.0,20082.0,3174.2,1355.5856593787412,4.1,0.988074192552684,1.2316003274899905,9.5,1.140810471293966,79.7,10.0,263.0,26.48315325521727,46.670849891933344,False,False
Нижегородская область,2020,42337.0,19910.0,3144.5,1346.3825727460646,4.6,0.99420941300899,1.1888535153403972,9.4,1.0926174262123334,79.8,-6.0,265.0,26.890757872397664,47.027422821645374,False,False
Нижегородская область,2021,40530.0,19083.0,3108.9,1303.6765415420246,4.2,0.9953323869788032,1.2153068057415997,8.3,1.0615658017418803,79.9,4.0,272.0,26.890757872397664,47.08364174685418,False,False
Нижегородская область,2022,39404.0,18228.0,3081.8,1278.6034135894606,4.1,1.0153260645957622,1.2222877832908676,7.5,1.1469575064885824,80.0,-10.0,279.0,26.890757872397664,46.25926301898284,False,False
Новгородская область,2011,11193.0,3967.0,629.2,1778.9256198347107,4.9,1.0120004344048654,1.057792426832736,15.0,1.0875326308858604,70.7,15.0,302.985034303341,19.44973455889798,35.441793978379344,False,False
Новгородская область,2012,12669.0,4815.0,624.9,2027.364378300528,4.1,1.0238942307692307,1.0564998678237925,11.7,1.0999721434841023,70.7,-11.0,274.42351698644603,19.79111309463913,38.00615676059673,False,False
Новгородская область,2013,11838.0,4490.0,621.0,1906.2801932367151,4.6,1.0010225820195997,1.0290295960776563,12.6,1.0814596708563162,70.8,-2.0,260.4786417818884,20.13249163038027,37.9287041730022,False,False
Новгородская область,2014,12820.0,4910.0,616.9,2078.1325984762525,3.7,0.9893320782837196,1.043795464760548,12.6,1.1506268291662114,71.3,-13.0,259.0,20.47387016612141,38.29953198127925,False,False
Новгородская область,2015,13068.0,4943.0,613.6,2129.7262059973923,4.6,0.9949020052112836,1.028431363282536,13.9,1.188196715167755,71.3,3.0,204.0,20.81524870186256,37.82522191613101,False,False
Новгородская область,2016,11986.0,5407.0,610.0,1964.918032786885,4.9,0.9911586123637396,1.0,14.8,1.1494726264298725,71.4,-1.0,189.0,21.1566272376037,45.11096278992158,False,False
Новгородская область,2017,11103.0,4978.0,603.7,1839.158522444923,4.7,0.966008074482986,0.9975646575235048,13.9,1.0892049305806588,71.7,-36.0,134.0,21.498005773344847,44.83472935242728,False,False
Новгородская область,2018,10887.0,4340.0,597.0,1823.6180904522607,4.2,0.9423992811142728,0.9744135641100976,13.6,1.0,72.2,-39.0,132.0,21.83938430908599,39.86405805088638,False,False
Новгородская область,2019,10909.0,5360.0,592.8,1840.249662618084,3.6,0.9028257148469288,0.9497863742334434,13.8,1.0329620508064603,72.5,7.0,136.0,22.180762844827136,49.133742781189845,False,False
Новгородская область,2020,11318.0,5970.0,588.3,1923.8483766785653,5.8,0.9034637757800106,0.926502046990236,13.6,1.0215619411312111,72.7,25.0,144.0,22.52214138056828,52.74783530659127,False,False
Новгородская область,2021,10630.0,5070.0,581.6,1827.7166437414028,4.1,0.9432909077785532,0.945781128447855,12.9,1.0156406587693405,73.0,31.0,142.0,22.52214138056828,47.69520225776105,False,False
Новгородская область,2022,10615.0,5464.0,575.9,1843.2019447820803,3.1,0.9498192611749492,0.9172857717580796,11.6,1.0170973056636812,73.1,-1.0,154.0,22.52214138056828,51.474328780028266,False,False
Новосибирская область,2011,56541.0,26292.0,2688.3,2103.225086485883,6.8,1.102791051259774,1.1357052394446894,16.5,1.0,77.6,87.0,525.4392950894251,24.45248619377006,46.50076935321271,False,False
Новосибирская область,2012,51314.0,24357.0,2712.5,1891.7603686635944,5.6,1.117596153846154,1.1181071720090707,14.1,1.090178293830853,77.9,86.0,497.5367950797099,24.938465800358664,47.466578321705576,False,False
Новосибирская область,2013,49339.0,23635.0,2735.8,1803.4578551063676,5.9,1.087686408180656,1.1256032161601244,14.4,1.1306756186514757,78.3,79.0,461.9408776207762,25.42444540694727,47.90328137984151,False,False
Новосибирская область,2014,46547.0,22672.0,2753.0,1690.7737014166364,5.1,1.0673412558340196,1.057835492909929,14.9,1.129790029327908,78.6,55.0,425.0,25.91042501353588,48.70775775023096,False,False
Новосибирская область,2015,53273.0,26559.0,2770.0,1923.212996389892,6.9,1.0590989766247498,1.0189958711273444,17.3,1.1553971124207134,78.9,50.0,398.0,26.39640462012449,49.85452292906351,False,False
Новосибирская область,2016,45201.0,23065.0,2788.9,1620.7465308903152,7.4,1.0705890707666086,1.0520394190017877,16.1,1.074636824498013,79.1,61.0,379.0,26.88238422671309,51.02763213203247,False,False
Новосибирская область,2017,44349.0,20249.0,2799.7,1584.0625781333715,6.0,1.0640718464200378,1.064216792771731,15.1,1.0891961578564002,79.2,44.0,361.0,27.368363833301697,45.65830120183093,False,False
Новосибирская область,2018,47702.0,24824.0,2805.8,1700.121177560767,6.7,1.0689231690879135,1.0881658117193724,14.1,1.0754231561728442,79.4,34.0,345.0,27.854343439890304,52.03974676114209,False,False
Новосибирская область,2019,50207.0,26835.0,2812.2,1785.328212787142,6.1,1.0965008277913404,1.096740049486572,13.9,1.0650117372920445,79.5,42.0,343.0,28.340323046478908,53.44872228972055,False,False
Новосибирская область,2020,54013.0,32999.0,2801.4,1928.071678446491,6.7,1.0982020095187732,1.0948362668971263,13.8,1.0438902692578729,79.5,12.0,348.0,28.826302653067515,61.09455131172125,False,False
Новосибирская область,2021,46463.0,27761.0,2797.5,1660.8757819481682,6.1,1.1107715997401535,1.1237036448453044,12.9,1.0,79.7,54.0,345.0,28.826302653067515,59.74861717926092,False,False
Новосибирская область,2022,46814.0,26855.0,2794.3,1675.3390831335216,4.7,1.1284484170133802,1.189727772562693,10.2,1.0745915716400616,79.7,30.0,352.0,28.826302653067515,57.36531806724484,False,False
Омская область,2011,29855.0,9388.0,1972.3,1513.7149520863966,7.9,1.0364900086880973,1.0746883648599102,12.7,1.022694904124687,71.7,-22.0,517.7012934926838,20.5735443205668,31.445319042036516,False,False
Омская область,2012,30372.0,10001.0,1968.8,1542.6655830963025,6.9,1.054375,1.054536170278222,11.0,1.008447923072351,71.8,-29.0,502.1142159116016,20.945452959953723,32.92835506387462,False,False
Омская область,2013,29054.0,9890.0,1966.1,1477.7478256446773,6.8,1.0587132509586707,1.0311734119932647,12.5,1.0565666726949392,72.1,-27.0,487.4210557636095,21.317361599340646,34.040063330350385,False,False
Омская область,2014,29014.0,9898.0,1967.8,1474.4384591930077,6.7,1.027767972702671,1.06459121627803,12.4,1.0424701727450874,72.3,-10.0,451.0,21.68927023872757,34.114565382229266,False,False
Омская область,2015,30746.0,11504.0,1965.5,1564.2838972271686,6.8,1.0284354820437294,1.0172535366265505,14.2,0.9815967570167302,72.6,-22.0,451.0,22.061178878114497,37.41624926819749,False,False
Омская область,2016,29352.0,12303.0,1957.1,1499.7700679576926,7.2,1.0,0.9808166321491602,14.7,0.9486012942426046,72.8,-43.0,424.0,22.43308751750142,41.91537203597711,False,False
Омская область,2017,28467.0,10314.0,1942.0,1465.8599382080329,7.0,0.9804927082475076,0.9609412291718412,14.2,0.9260627058848724,73.0,-64.0,415.0,22.804996156888343,36.23142586152387,False,False
Омская область,2018,26927.0,9998.0,1923.6,1399.8232480765232,6.7,0.9768758424442114,0.9722465751838714,13.5,0.8818916436758026,73.1,-76.0,410.0,23.176904796275267,37.130018197348384,False,False
Омская область,2019,24868.0,8881.0,1903.6,1306.3668837991174,6.4,0.992451665403934,0.983376753766748,13.7,0.9055849938625824,73.3,-76.0,395.0,23.5488134356622,35.71256232909764,False,False
Омская область,2020,24493.0,9906.0,1878.1,1304.1371598956391,8.9,1.000211528291909,0.9656006915480474,13.4,0.8787048599030336,73.4,-71.0,391.0,23.92072207504912,40.44420854938146,False,False
Омская область,2021,23825.0,9493.0,1851.5,1286.7944909532812,6.5,0.9901113971561244,0.9742797307764006,12.6,0.7336552417535673,73.5,-54.0,392.0,23.92072207504912,39.84470094438615,False,False
Омская область,2022,23074.0,8101.0,1832.1,1259.429070465586,5.3,0.9856101667163472,0.990183719994636,11.1,0.7844548094084134,73.6,-53.0,396.0,23.92072207504912,35.1087804455231,False,False
Оренбургская область,2011,31032.0,12604.0,2017.0,1538.522558254834,6.3,0.9244678540399652,0.9288154680399424,14.4,1.222688015630619,59.8,-68.0,380.066960401346,18.67475560136888,40.616138179943285,False,False
Оренбургская область,2012,28613.0,11504.0,2002.7,1428.7212263444349,5.4,0.9264903846153846,0.8975201570140569,12.7,1.2644262588699149,59.7,-78.0,370.902063979108,19.065864403557825,40.205500996050745,False,False
Оренбургская область,2013,27136.0,10819.0,1988.2,1364.8526305200685,4.9,0.92002556455049,0.924329627710088,12.3,1.3538305904693009,59.8,-82.0,342.0367794030514,19.45697320574677,39.86954599056604,False,False
Оренбургская область,2014,27613.0,10798.0,1973.9,1398.9057196413191,4.4,0.9204612307330274,0.949756109621528,11.8,1.2560837800233355,59.6,-76.0,316.0,19.848082007935723,39.10476949263028,False,False
Оренбургская область,2015,30762.0,13032.0,1960.6,1569.009486891768,4.8,0.92862807295797,0.9319874521556456,13.7,1.2302827304270156,59.5,-69.0,272.0,20.23919081012468,42.36395552954944,False,False
Оренбургская область,2016,27230.0,10498.0,1948.8,1397.2701149425286,4.9,0.9306181869829208,0.8892637422240998,14.3,1.1583579692963368,59.4,-59.0,251.0,20.630299612313625,38.55306647080426,False,False
Оренбургская область,2017,27212.0,9536.0,1930.5,1409.5830095830097,4.5,0.9044904012523688,0.9034660798282864,14.0,1.1611214018606948,59.4,-77.0,240.0,21.021408414502574,35.04336322210789,False,False
Оренбургская область,2018,26228.0,8837.0,1909.9,1373.2656160008378,4.4,0.9097199341021416,0.90827480298491,13.8,1.2765318121463085,59.4,-84.0,240.0,21.412517216691523,33.69299984749123,False,False
Оренбургская область,2019,26792.0,9121.0,1898.4,1411.2937210282344,4.4,0.9227207677413924,0.9090051694005972,13.9,1.3040431093824945,59.6,-29.0,229.0,21.803626018880472,34.04374440131382,False,False
Оренбургская область,2020,27483.0,10078.0,1879.3,1462.406215080083,5.9,0.9274193548387096,0.889030947802623,13.6,1.19532040174813,59.7,-32.0,226.0,22.19473482106942,36.66994141833133,False,False
Оренбургская область,2021,24989.0,9394.0,1855.8,1346.5351869813558,4.7,0.9228640858455838,0.8796506517751526,13.2,1.2975312047504266,59.7,-28.0,222.0,22.19473482106942,37.59254071791588,False,False
Оренбургская область,2022,21742.0,7789.0,1841.4,1180.7320516997936,3.5,0.9139863721666408,0.8843234544723079,11.6,1.320495907297769,59.9,-27.0,223.0,22.19473482106942,35.82467114340907,False,False
Орловская область,2011,12614.0,4582.0,780.9,1615.3156614163145,6.3,0.7889335360556038,0.9232834647275442,14.5,0.7492431602621564,65.7,-1.0,525.1633292271601,22.30594064563959,36.32471856667196,False,False
Орловская область,2012,13229.0,5897.0,775.1,1706.7475164494904,5.3,0.811923076923077,0.9090719486529092,11.3,0.759231564464789,65.8,-23.0,506.25072570344855,22.86071500489075,44.5763096227984,False,False
Орловская область,2013,12212.0,5245.0,768.9,1588.2429444661204,5.8,0.8211759693225394,0.8608679252471563,13.3,0.8042744220393646,65.9,-28.0,485.24433242163065,23.415489364141905,42.94955781198821,False,False
Орловская область,2014,11684.0,5958.0,763.8,1529.7198219429172,5.1,0.8191159744283641,0.8631362352600945,13.5,0.7940193389294207,66.3,-13.0,438.0,23.970263723393064,50.99281068127354,False,False
Орловская область,2015,11760.0,5625.0,757.9,1551.6558912785329,6.2,0.8221743891846984,0.8860380539464761,14.5,0.8547781223551603,66.6,-26.0,421.0,24.52503808264422,47.83163265306122,False,False
Орловская область,2016,9313.0,5037.0,752.6,1237.443529099123,6.4,0.8211838227461563,0.9088898387413218,14.2,0.8410965101692476,66.7,-15.0,407.0,25.07981244189537,54.085686674540966,False,False
Орловская область,2017,8848.0,4016.0,744.7,1188.129448099906,6.5,0.8176979484221801,0.927622636291684,13.9,0.796560524443777,66.8,-43.0,416.0,25.634586801146533,45.38878842676312,False,False
Орловская область,2018,8993.0,4641.0,736.5,1221.0454854039374,4.9,0.8230043432679347,0.9457642712964802,13.5,0.7726532761575979,66.8,-42.0,412.0,26.189361160397688,51.60680529300568,False,False
Орловская область,2019,8959.0,4478.0,730.2,1226.9241303752397,5.3,0.8329264528439543,0.9480214478809676,13.6,0.8161183016691665,66.8,-14.0,391.0,26.744135519648843,49.98325705993973,False,False
Орловская область,2020,8555.0,4480.0,721.0,1186.5464632454923,6.1,0.8424643046007404,0.9444410570852154,12.9,0.8409629427189892,66.7,-21.0,381.0,27.2989098789,52.36703682057277,False,False
Орловская область,2021,8151.0,4085.0,710.0,1148.0281690140846,4.7,0.8602362678343719,0.9615008465403104,12.1,0.8125319137051693,66.7,-19.0,369.0,27.2989098789,50.11655011655012,False,False
Орловская область,2022,8243.0,4324.0,700.3,1177.0669712980152,4.0,0.8573737662108661,0.9634705645702024,10.9,0.8098379195128917,66.6,-36.0,367.0,27.2989098789,52.456629867766594,False,False
Пензенская область,2011,14969.0,5279.0,1375.2,1088.4962187318208,5.4,0.8884665508253693,0.8828494114062032,15.4,0.6918986836714063,67.6,-12.0,394.2197010957496,19.724997376365927,35.26621684815285,False,False
Пензенская область,2012,13733.0,4433.0,1365.8,1005.4912871577098,4.9,0.9195192307692308,0.8609799446660514,13.1,0.7078813724812394,67.7,-27.0,372.0692200010543,20.16658477731238,32.27990970654628,False,False
Пензенская область,2013,12958.0,3990.0,1356.6,955.1820728291316,4.8,0.8796335747763102,0.8395833504599275,13.4,0.74851591463966,67.9,-27.0,336.0264887970286,20.60817217825884,30.791788856304983,False,False
Пензенская область,2014,13420.0,4171.0,1350.8,993.485342019544,4.6,0.8782209671726086,0.8515225543894998,13.2,0.7421117659048352,68.0,-4.0,318.0,21.049759579205286,31.08047690014903,False,False
Пензенская область,2015,13818.0,3948.0,1342.6,1029.197080291971,4.7,0.8757977417771232,0.8615271156794178,14.4,0.7961879955902423,68.1,-19.0,299.0,21.49134698015174,28.57142857142857,False,False
Пензенская область,2016,12319.0,3506.0,1334.3,923.2556396612456,4.6,0.8996555764655754,0.816795403165772,14.8,0.7438429545592233,68.1,-19.0,280.0,21.9329343810982,28.460102281029304,False,False
Пензенская область,2017,11819.0,3134.0,1323.2,893.2134220072552,4.5,0.8647309878882755,0.8287035794576896,14.2,0.7302944616501649,68.2,-32.0,254.0,22.37452178204465,26.516625772061936,False,False
Пензенская область,2018,12829.0,4615.0,1308.1,980.7354177815153,4.4,0.867695072637412,0.8316938091458682,13.5,0.7234691141265408,68.4,-56.0,255.0,22.816109182991102,35.973185751032815,False,False
Пензенская область,2019,12923.0,4688.0,1294.5,998.3005021243724,4.3,0.8632881555686506,0.8355022923191939,13.6,0.7735953910002946,68.6,-43.0,251.0,23.257696583937555,36.27640640718099,False,False
Пензенская область,2020,13520.0,5050.0,1278.8,1057.2411635908666,5.0,0.8663670015864622,0.8480221069674413,13.0,0.8127194357079395,68.7,-20.0,250.0,23.69928398488401,37.35207100591716,False,False
Пензенская область,2021,13470.0,5086.0,1261.1,1068.1151375783047,4.2,0.866900849313091,0.8547505711767425,12.0,0.7309603543914375,68.7,-12.0,245.0,23.69928398488401,37.75798069784707,False,False
Пензенская область,2022,13274.0,4410.0,1246.6,1064.8163003369166,3.7,0.8671097321874645,0.8601850610164946,10.7,0.7314637319108548,68.8,-27.0,244.0,23.69928398488401,33.22284164532168,False,False
Пермский край,2011,58394.0,25203.0,2628.6,2221.4867229704028,7.5,1.0193853171155518,1.3273741546058462,14.4,1.428231285214071,75.1,-12.0,364.7362760729031,17.637329171199788,43.16025619070453,False,False
Пермский край,2012,64259.0,28625.0,2629.5,2443.7725803384674,6.3,1.0490865384615384,1.261234821269819,12.2,1.323043403201033,75.3,-2.0,342.91614296824343,18.057585378220026,44.54628923574908,False,False
Пермский край,2013,56661.0,23564.0,2628.3,2155.804131948408,6.5,1.0530890498508734,1.2467286234192485,11.9,1.2615731530879828,75.5,-11.0,310.20534886401987,18.477841585240256,41.58768818058277,False,False
Пермский край,2014,51919.0,21870.0,2626.0,1977.1134805788272,5.8,1.0629485821861395,1.239651882696364,12.5,1.2617928372394676,75.7,-16.0,276.0,18.89809779226049,42.12330745969683,False,False
Пермский край,2015,58231.0,23765.0,2620.8,2221.878815628816,6.3,1.0773007061666855,1.2700871019819346,12.8,1.2663859037660954,75.7,-25.0,253.0,19.318353999280724,40.81159519843383,False,False
Пермский край,2016,50076.0,21004.0,2615.9,1914.293359837914,5.8,1.0883428612008663,1.0995663441890795,15.3,1.2180506436475342,75.8,-22.0,231.0,19.738610206300955,41.94424474798307,False,False
Пермский край,2017,43995.0,16842.0,2604.4,1689.256642604823,6.0,1.0859850045315975,1.1001379835810796,15.1,1.2315431557398515,75.8,-33.0,217.0,20.15886641332119,38.28162291169451,False,False
Пермский край,2018,42206.0,16814.0,2589.2,1630.0787888150785,5.4,1.0723977834356746,1.0960597244099857,14.9,1.2686855864071311,75.8,-36.0,213.0,20.579122620341423,39.83793773397147,False,False
Пермский край,2019,42951.0,17974.0,2574.7,1668.1943527401252,5.2,1.1002609647276709,1.1136550419712707,13.8,1.300773411122585,75.8,-26.0,210.0,20.999378827361657,41.84768689902448,False,False
Пермский край,2020,39694.0,17588.0,2550.7,1556.2002587524994,5.7,1.1094130089899523,1.063838636854167,13.2,1.166031174457333,75.7,-36.0,214.0,21.41963503438189,44.30896357132061,False,False
Пермский край,2021,40594.0,18963.0,2525.1,1607.619500217813,4.6,1.113177585833554,1.0618202602809124,12.7,1.1954992974903005,75.7,-26.0,212.0,21.41963503438189,46.71380006897571,False,False
Пермский край,2022,41027.0,18511.0,2508.4,1635.584436294052,3.4,1.1174760379362605,1.0665683250636986,10.6,1.2370477791649466,75.7,-20.0,214.0,21.41963503438189,45.11906793087479,False,False
Приморский край,2011,45637.0,24714.0,1948.4,2342.280845822213,8.0,1.3261837532580365,1.1936819472554645,15.7,1.2603743404490582,76.5,-5.0,460.2565221184888,22.524890391627583,54.15342813944826,False,False
Приморский край,2012,48067.0,27330.0,1943.3,2473.472958369784,6.9,1.319471153846154,1.172214017473916,14.2,1.1583406411203414,76.8,-15.0,393.34847927381816,22.752413170343942,56.85813551917116,False,False
Приморский край,2013,52458.0,30798.0,1932.6,2714.374417882645,7.1,1.2767788666382616,1.187210566027147,16.3,1.1226994604696026,77.1,-47.0,342.89966195396096,22.979935949060312,58.70982500285943,False,False
Приморский край,2014,48846.0,27048.0,1925.0,2537.454545454545,6.9,1.2719535631642938,1.2504418500438987,15.2,1.133344494203323,77.3,-33.0,315.0,23.207458727776675,55.37403267411866,False,False
Приморский край,2015,47408.0,23379.0,1918.5,2471.097211363044,6.9,1.2766511838676786,1.2488855152651344,16.2,1.1661891511216462,77.5,-26.0,282.0,23.43498150649304,49.314461694228825,False,False
Приморский край,2016,39174.0,19472.0,1910.4,2050.5653266331656,6.0,1.266803962646025,1.2393411476881735,16.3,1.2495177020440764,77.6,-28.0,269.0,23.66250428520941,49.70643794353398,False,False
Приморский край,2017,36619.0,16719.0,1898.5,1928.838556755333,5.4,1.25384197083299,1.2532357999308237,14.9,1.227839001932321,77.8,-39.0,257.0,23.89002706392577,45.6566263415167,False,False
Приморский край,2018,32825.0,14777.0,1886.3,1740.1791867677464,5.4,1.2640107832859069,1.3226566882471855,13.9,1.1814647245195071,78.0,-34.0,252.0,24.117549842642138,45.01751713632902,False,False
Приморский край,2019,31085.0,14141.0,1877.7,1655.4827714757416,5.2,1.3151219238431966,1.3419317490438072,13.5,1.2752857899874244,78.2,-6.0,241.0,24.3450726213585,45.49139456329419,False,False
Приморский край,2020,32336.0,16534.0,1858.2,1740.178667527715,5.5,1.324828133262824,1.3137966803307306,12.9,1.2767869295318697,78.3,-45.0,232.0,24.572595400074867,51.131865413161805,False,False
Приморский край,2021,35098.0,18141.0,1841.9,1905.532330745426,4.2,1.3380891658446217,1.323073174055423,12.2,1.2579266725961062,78.5,-9.0,229.0,24.572595400074867,51.686705795202,False,False
Приморский край,2022,33604.0,17151.0,1820.1,1846.2721828470965,3.4,1.3348349419998404,1.3394662733002547,10.3,1.3416552027767763,78.4,-57.0,235.0,24.572595400074867,51.03856683728127,False,False
Псковская область,2011,11301.0,5401.0,665.4,1698.3769161406674,9.3,0.8536598609904431,0.8843017996647863,16.7,0.6726243194257322,70.1,1.0,363.4882609492836,19.121227916741137,47.79223077603752,False,False
Псковская область,2012,10411.0,4789.0,658.3,1581.4977973568282,6.6,0.8751442307692308,0.8827945724632025,15.4,0.6569694455663869,70.2,-21.0,328.8958020670673,19.620292100605862,45.99942368648545,False,False
Псковская область,2013,9293.0,3877.0,651.8,1425.7440932801474,7.0,0.8412015338730294,0.895809343532071,15.9,0.6595955029086416,70.1,-24.0,274.9184128440508,20.119356284470594,41.71957387280749,False,False
Псковская область,2014,8878.0,3671.0,644.7,1377.0746083449667,6.5,0.8237831901792367,0.9007186302382637,15.8,0.6499913741446877,70.3,-33.0,248.0,20.618420468335323,41.34940301869791,False,False
Псковская область,2015,10944.0,5149.0,638.6,1713.7488255559035,6.9,0.8139043087496696,0.87042377706916,18.8,0.6582365966164792,70.3,-22.0,225.0,21.117484652200048,47.04861111111111,False,False
Псковская область,2016,9498.0,4437.0,632.8,1500.9481668773706,6.7,0.795334303873877,0.8797597553297322,18.7,0.69595970206742,70.4,-22.0,203.0,21.616548836064776,46.7150979153506,False,False
Псковская область,2017,8280.0,3104.0,625.8,1323.1064237775647,6.5,0.7797412869737167,0.9122419211322405,17.4,0.6800368144793298,70.5,-32.0,198.0,22.115613019929505,37.487922705314006,False,False
Псковская область,2018,7963.0,2764.0,617.5,1289.5546558704452,5.7,0.8048824322300434,0.9205124086960824,16.7,0.6732623468697304,70.7,-53.0,193.0,22.61467720379424,34.71053623006405,False,False
Псковская область,2019,8206.0,2573.0,612.5,1339.7551020408164,5.1,0.8261357577798356,0.9394946929868035,15.9,0.7176060727328307,70.7,5.0,189.0,23.11374138765896,31.355106019985374,False,False
Псковская область,2020,9031.0,3237.0,605.1,1492.4805817220297,6.5,0.8327868852459016,0.942646265377452,15.8,0.7148462297232616,70.7,-8.0,188.0,23.61280557152369,35.8432067323663,False,False
Псковская область,2021,8377.0,2925.0,596.9,1403.4176578991455,4.7,0.8509732213747805,0.9653027130147662,14.2,0.6512743568921142,70.9,2.0,184.0,23.61280557152369,34.917034737973026,False,False
Псковская область,2022,8714.0,3494.0,587.8,1482.4770330044234,4.0,0.8179638858217634,0.9395467346117742,13.1,0.6733616095426126,70.9,-44.0,187.0,23.61280557152369,40.096396603167314,False,False
Республика Адыгея,2011,4566.0,1339.0,445.0,1026.067415730337,8.4,0.7789422241529105,0.8860731928925487,14.6,0.5742239708858246,50.8,127.0,410.0406939772464,21.7832562956724,29.32544897065265,False,False
Республика Адыгея,2012,4076.0,934.0,449.7,906.3820324660884,8.1,0.8036057692307692,0.9134882284372888,11.3,0.5901166375365945,50.7,111.0,349.3710964511474,22.17674873451729,22.91462217860648,False,False
Республика Адыгея,2013,3956.0,840.0,454.4,870.5985915492957,7.9,0.8213037920749894,0.9200185066698564,12.2,0.590563869548181,50.6,109.0,328.4839389024715,22.57024117336218,21.23356926188069,False,False
Республика Адыгея,2014,4045.0,946.0,460.0,879.3478260869565,8.6,0.8214691924540142,0.9804054128114774,11.2,0.5628549233217607,50.5,126.0,311.0,22.963733612207072,23.38689740420272,False,False
Республика Адыгея,2015,4958.0,1226.0,465.2,1065.7781599312125,8.8,0.8340697103583702,0.8966215837700906,14.3,0.5691582422181206,50.6,121.0,272.0,23.357226051051967,24.72771278741428,False,False
Республика Адыгея,2016,4639.0,1748.0,469.9,987.2313258140032,9.0,0.820544686290523,0.9562305408993398,13.8,0.6009140734293427,50.4,107.0,252.0,23.75071848989685,37.6805345979737,False,False
Республика Адыгея,2017,4014.0,1287.0,472.6,849.3440541684299,8.8,0.8071055450276015,0.9823584969322274,13.5,0.6007762828883626,50.2,77.0,263.0,24.14421092874175,32.062780269058294,False,False
Республика Адыгея,2018,4106.0,1092.0,476.6,861.5190935795216,8.6,0.8227946682641905,0.9990874858031056,13.4,0.5853504854364435,49.9,108.0,278.0,24.53770336758664,26.595226497808085,False,False
Республика Адыгея,2019,4709.0,1322.0,487.5,965.948717948718,8.2,0.847209361057328,1.0,13.2,0.6104900125845677,50.0,258.0,291.0,24.93119580643153,28.073901040560628,False,False
Республика Адыгея,2020,4123.0,1376.0,490.4,840.742251223491,8.5,0.8503701745108408,1.0,13.2,0.6304185534245936,49.6,94.0,290.0,25.324688245276423,33.37375697307785,False,False
Республика Адыгея,2021,4496.0,1471.0,498.3,902.26771021473,8.3,0.8661790534850708,1.053587152936068,12.2,0.59584715795082,49.5,214.0,281.0,25.324688245276423,32.71797153024912,False,False
Республика Адыгея,2022,4388.0,1588.0,498.0,881.1244979919678,7.1,0.8445100319494182,0.9823521523400832,12.3,0.5995217905369591,49.0,30.0,285.0,25.324688245276423,36.18960802187785,False,False
Республика Алтай,2011,4921.0,1185.0,207.4,2372.7097396335585,12.8,0.8488271068635969,0.8636459986733847,18.6,0.5701029516749775,28.9,-62.0,252.60438008281952,19.98397770797256,24.080471448892503,False,False
Республика Алтай,2012,4735.0,1157.0,208.3,2273.163706192991,11.6,0.878125,0.7766828828858842,18.6,0.5920908518635767,29.3,-66.0,250.93958346333105,20.58387295021461,24.4350580781415,False,False
Республика Алтай,2013,4522.0,1226.0,208.6,2167.785234899329,11.5,0.8829143587558586,0.7399126121651032,20.7,0.602037932905326,29.6,-84.0,184.87539963667217,21.18376819245667,27.11189739053516,False,False
Республика Алтай,2014,4348.0,1037.0,209.7,2073.438245112065,10.4,0.8863003490606738,0.7817838579959033,20.6,0.6376153984617734,29.9,-47.0,166.0,21.78366343469873,23.850045998160077,False,False
Республика Алтай,2015,5318.0,1487.0,210.1,2531.1756306520706,9.7,0.864884256636834,0.7302371183591546,24.3,0.6273451822148102,30.1,-58.0,159.0,22.3835586769408,27.96163971417826,False,False
Республика Алтай,2016,4832.0,1291.0,211.0,2290.0473933649287,12.0,0.8906366509249725,0.7250795808895599,24.9,0.6260146876471141,30.2,-42.0,145.0,22.983453919182853,26.71771523178808,False,False
Республика Алтай,2017,4631.0,1148.0,211.1,2193.747039317859,12.0,0.8673016396144022,0.7386297724744331,24.6,0.5919024142795181,30.2,-59.0,139.0,23.58334916142492,24.78946231915353,False,False
Республика Алтай,2018,4602.0,1142.0,210.9,2182.0768136557613,11.2,0.9271529129848736,0.7641811941001762,23.2,0.5933472305136507,30.5,-62.0,131.0,24.18324440366697,24.81529769665363,False,False
Республика Алтай,2019,4268.0,1106.0,211.3,2019.8769522006623,11.0,0.9368633723377388,0.7592871658235869,23.4,0.60663294472374,30.8,-18.0,126.0,24.78313964590903,25.91377694470478,False,False
Республика Алтай,2020,4761.0,1163.0,211.2,2254.2613636363635,14.0,0.9589899524061344,0.7884520265176495,22.8,0.6418153514239202,30.9,-29.0,125.0,25.38303488815109,24.42764125183785,False,False
Республика Алтай,2021,4762.0,1046.0,210.8,2259.013282732448,12.0,0.9577268243389552,0.7996761386804064,21.4,0.6070104882334996,31.0,-18.0,120.0,25.38303488815109,21.965560688786223,False,False
Республика Алтай,2022,4586.0,918.0,210.8,2175.5218216318785,9.8,0.9230904869662326,0.7929194045862947,18.0,0.6627825074551661,30.8,-17.0,124.0,25.38303488815109,20.017444395987788,False,False
Республика Башкортостан,2011,68471.0,27945.0,4072.6,1681.260128664735,7.6,0.9989682884448304,1.1837350973567546,12.6,1.033621218708792,60.8,-3.0,391.0184478105962,17.89058443094897,40.81289889150151,False,False
Республика Башкортостан,2012,65418.0,22131.0,4078.0,1604.1687101520351,6.1,0.9742788461538462,1.144617056727545,10.3,1.1402913168935418,60.9,0.0,375.2146280050986,18.31918425647092,33.83013849399248,False,False
Республика Башкортостан,2013,52378.0,19057.0,4095.3,1278.9783410250775,5.8,0.9534299105240732,1.1832915324087143,10.4,1.072426304367483,61.2,28.0,344.06952740527817,18.747784081992872,36.383596166329376,False,False
Республика Башкортостан,2014,53111.0,19476.0,4105.8,1293.5603292902722,5.3,0.980036867082402,1.1587509838121697,10.8,1.0455839874181605,61.4,9.0,308.0,19.176383907514825,36.67036960328369,False,False
Республика Башкортостан,2015,70938.0,33167.0,4114.0,1724.3072435585805,6.1,0.979117102828443,1.082549370721327,13.0,1.00047814015659,61.4,8.0,278.0,19.60498373303677,46.75491274070315,True,False
Республика Башкортостан,2016,65343.0,32251.0,4118.8,1586.4572205496745,5.8,0.9980470830522316,1.0846477619724897,12.6,0.959681224811708,61.5,4.0,256.0,20.03358355855872,49.356472766784506,False,False
Республика Башкортостан,2017,60996.0,27280.0,4122.7,1479.515851262522,5.6,1.0005009475158606,1.0829170461083326,12.5,0.9316382881937966,61.5,12.0,251.0,20.46218338408067,44.72424421273526,False,False
Республика Башкортостан,2018,57428.0,27103.0,4118.0,1394.5604662457504,4.9,1.011022914482552,1.0796802918597803,12.2,0.977526768127507,61.6,-3.0,244.0,20.890783209602624,47.194748206449816,False,False
Республика Башкортостан,2019,55347.0,26299.0,4112.900000000001,1345.6928201512314,4.4,1.0232342789797122,1.0842389131810015,12.3,0.9834748713768308,61.8,5.0,236.0,21.319383035124574,47.516577230924895,False,False
Республика Башкортостан,2020,55883.0,26361.0,4096.1,1364.2977466370448,5.9,1.0242728714965628,1.0386873821615932,11.8,0.8903456161606923,61.8,6.0,238.0,21.747982860646523,47.17176959003633,False,False
Республика Башкортостан,2021,52437.0,24516.0,4091.6,1281.5768892364845,4.3,1.030916921300195,1.0232417369331646,11.6,0.8463646089792342,62.1,54.0,234.0,21.747982860646523,46.75324675324675,False,False
Республика Башкортостан,2022,50751.0,22589.0,4077.6,1244.6291936433197,3.4,1.0382448391823298,0.9779536006436904,10.0,0.8462056291337041,62.3,-3.0,243.0,21.747982860646523,44.50946779373805,False,False
Республика Бурятия,2011,24137.0,11134.0,971.3,2485.020076186554,9.0,1.0818853171155518,0.9786120026046398,20.1,0.7073830342653376,58.8,-46.0,476.8410464641015,22.36106689394359,46.12835066495422,False,False
Республика Бурятия,2012,23507.0,10236.0,971.2,2420.407742998352,7.9,1.110625,0.9552359182522184,17.7,0.6857316014585656,59.0,-51.0,470.59489734983424,22.89811500381312,43.544476113498106,False,False
Республика Бурятия,2013,23765.0,9387.0,972.8,2442.9481907894738,8.0,1.109416276097145,0.9427940100268764,17.5,0.6856221930855714,59.2,-42.0,399.4584937739119,23.43516311368265,39.499263622974965,False,False
Республика Бурятия,2014,24592.0,9799.0,976.9,2517.350803562289,8.4,1.0879319135584578,0.940172397430757,18.2,0.6509206526795105,59.3,-19.0,358.0,23.972211223552183,39.846291476903055,False,False
Республика Бурятия,2015,27797.0,10723.0,980.1,2836.139169472503,9.2,1.071938370907443,0.9560357593061368,18.9,0.6473121402627742,59.3,-26.0,343.0,24.50925933342172,38.57610533510811,False,False
Республика Бурятия,2016,23479.0,8774.0,981.6,2391.9111654441726,9.6,1.064126691048539,0.9369397274462984,19.3,0.62547778205746,59.1,-37.0,292.0,25.04630744329125,37.36956429149453,False,False
Республика Бурятия,2017,23610.0,9883.0,981.3,2405.99205136044,9.6,1.0624206970421026,0.9227902668412724,19.0,0.5904667837567333,59.2,-42.0,254.0,25.583355553160786,41.85938161795849,False,False
Республика Бурятия,2018,23511.0,10901.0,979.5,2400.3062787136296,9.3,1.0797364085667216,0.9155459038396438,19.1,0.6107484238309626,59.2,-52.0,228.0,26.12040366303032,46.36553102802943,False,False
Республика Бурятия,2019,22131.0,9814.0,982.1,2253.4365135933203,9.2,1.097595196004153,0.9156845863406934,20.1,0.6532970691895355,59.3,9.0,209.0,26.65745177289985,44.34503637431657,False,False
Республика Бурятия,2020,20639.0,9056.0,980.9,2104.0880823733305,10.5,1.1052353252247489,0.9169853325187128,19.9,0.6654372407134624,59.2,-21.0,204.0,27.194499882769385,43.87809486893745,False,False
Республика Бурятия,2021,20770.0,8790.0,978.0,2123.721881390593,9.5,1.097370257199913,0.9114625095285436,19.5,0.624948332237676,59.2,-15.0,199.0,27.194499882769385,42.32065479056331,False,False
Республика Бурятия,2022,19955.0,9379.0,974.6,2047.506669402832,7.4,1.122959078714802,0.9430870323186268,17.7,0.7142267393204978,59.1,-23.0,203.0,27.194499882769385,47.00075169130544,False,False
Республика Дагестан,2011,12550.0,2944.0,2934.6,427.6562393511893,12.7,0.6101216333622936,1.137325889164732,8.3,0.5052473327214203,45.1,-59.0,331.8699944421973,18.49761350076416,23.45816733067729,False,True
Республика Дагестан,2012,13647.0,2868.0,2953.6,462.0463163596966,11.7,0.6567307692307692,1.1169230790168072,7.0,0.514570898471692,45.1,-70.0,323.93380549345744,18.346231822278227,21.015607825895803,False,True
Республика Дагестан,2013,14003.0,2917.0,2975.1,470.6732546805149,11.6,0.7172986791648913,1.071038852535162,10.2,0.5756122464357839,45.0,-61.0,319.8330364726838,18.19485014379229,20.831250446332927,False,True
Республика Дагестан,2014,13817.0,2761.0,3004.9,459.8156344637093,10.2,0.7135741459779582,1.0517513307158357,10.2,0.6010336054475934,45.0,-35.0,288.0,18.04346846530636,19.982630093363248,False,True
Республика Дагестан,2015,15130.0,2661.0,3032.5,498.9282769991756,10.8,0.7265209017786337,1.0649167937551594,11.0,0.5889781042414249,45.1,-37.0,234.0,17.89208678682043,17.58757435558493,False,True
Республика Дагестан,2016,15810.0,2944.0,3061.3,516.4472609675627,10.9,0.7324858857366048,1.0053643447401646,13.0,0.5632876074297507,45.2,-27.0,202.0,17.74070510833449,18.62112586970272,False,True
Республика Дагестан,2017,14608.0,1930.0,3086.6,473.2715609408411,12.0,0.7230979649007168,1.0142227338955594,14.5,0.5367942246575993,45.2,-31.0,179.0,17.58932342984856,13.211938663745892,False,True
Республика Дагестан,2018,14809.0,2143.0,3113.0,475.7147446193383,11.6,0.7534821027407518,0.9670471062319796,14.6,0.5050491133021581,45.3,-22.0,169.0,17.437941751362626,14.470929839962183,False,True
Республика Дагестан,2019,13627.0,1918.0,3140.9,433.8565379349868,13.0,0.7530095125852344,0.9791410694828774,14.6,0.5122931272818927,45.3,-10.0,164.0,17.286560072876693,14.074998165406912,False,True
Республика Дагестан,2020,14143.0,2451.0,3164.8,446.8844792719919,15.7,0.8287149656266526,0.9539993822476804,14.8,0.5068134672723849,45.3,-11.0,160.0,17.13517839439076,17.330127978505267,False,True
Республика Дагестан,2021,14852.0,2589.0,3186.9,466.0328218645078,15.1,0.7665231094964271,0.9597056871461928,14.9,0.4342996601313929,45.2,-6.0,161.0,17.13517839439076,17.431995690816052,False,True
Республика Дагестан,2022,14357.0,2319.0,3209.8,447.2864352919185,12.1,0.7364382906011613,1.0086093603325734,12.7,0.4274653807154714,45.2,-11.0,166.0,17.13517839439076,16.152399526363446,False,True
Республика Ингушетия,2011,1933.0,588.0,429.3,450.2678779408339,48.1,0.7880647263249348,0.721007421339226,18.5,0.2847654244117494,40.6,119.0,272.0942638895036,17.77095922710887,30.41903776513192,False,True
Республика Ингушетия,2012,1790.0,563.0,440.1,406.725744149057,47.7,0.8799038461538462,0.6678300186827949,17.1,0.3480034883311925,42.6,70.0,284.49954666406103,17.510574968858222,31.45251396648045,False,True
Республика Ингушетия,2013,1749.0,607.0,449.6,389.0124555160142,43.7,0.8585854282062207,0.6656263913311903,20.3,0.3876175513156705,44.3,37.0,235.41107421731647,17.25019071060757,34.705546026300745,False,True
Республика Ингушетия,2014,1623.0,505.0,459.3,353.3638145003265,29.8,0.8233517668745343,0.6714023897806377,23.9,0.3886320414286049,45.9,31.0,238.0,16.98980645235692,31.11521873074553,False,True
Республика Ингушетия,2015,1728.0,424.0,467.2000000000001,369.8630136986301,30.5,0.8111853781956875,0.6142773358543732,29.6,0.3377078004615879,47.6,15.0,190.0,16.72942219410627,24.53703703703704,False,True
Республика Ингушетия,2016,1790.0,780.0,473.6,377.956081081081,30.2,0.798494478571175,0.6283460096140575,28.9,0.3434984123490509,49.2,7.0,170.0,16.469037935855617,43.57541899441341,False,True
Республика Ингушетия,2017,1606.0,695.0,480.1,334.5136429910435,26.4,0.7497569415835874,0.6187744246203136,29.1,0.3292968480891845,50.3,1.0,159.0,16.208653677604968,43.27521793275218,False,True
Республика Ингушетия,2018,1655.0,818.0,488.2,339.0004096681688,26.3,0.7598322599970047,0.6226108135930895,29.9,0.322722260328058,51.5,34.0,154.0,15.948269419354318,49.42598187311179,False,True
Республика Ингушетия,2019,1800.0,625.0,496.7,362.3917857861889,26.4,0.7691444285433678,0.6108623508013352,29.9,0.336327788597219,52.7,36.0,148.0,15.687885161103669,34.72222222222222,False,True
Республика Ингушетия,2020,1909.0,724.0,504.0,378.76984126984127,29.8,0.7839238498149127,0.600595248091108,29.4,0.3054726243674826,53.8,18.0,156.0,15.427500902853016,37.92561550550026,False,True
Республика Ингушетия,2021,2103.0,757.0,511.3,411.3045178955603,30.9,0.7545653586122272,0.5950978689069679,28.6,0.2431860855815792,54.8,20.0,154.0,15.427500902853016,35.9961959106039,False,True
Республика Ингушетия,2022,2233.0,876.0,519.1,430.1675977653632,28.5,0.6885456507227454,0.6181306155290331,26.8,0.2538014799330999,54.8,31.0,148.0,15.427500902853016,39.22973578145992,False,True
Республика Калмыкия,2011,3799.0,1101.0,286.4,1326.4664804469276,14.2,0.6819613379669852,0.5500890371955557,35.8,0.4559355559014713,44.5,-132.0,443.3045130110486,22.930325660513844,28.98131087128192,False,False
Республика Калмыкия,2012,3741.0,1228.0,283.6,1319.1114245416077,13.1,0.723125,0.5509728333634066,30.7,0.5093044401830848,44.8,-148.0,427.8016405351841,23.66939339759694,32.825447741245654,False,False
Республика Калмыкия,2013,3454.0,1073.0,281.3,1227.870600782083,12.5,0.7443971026842778,0.5831345177034232,33.4,0.5491778943243814,45.0,-128.0,343.3282612096304,24.408461134680035,31.06543138390272,False,False
Республика Калмыкия,2014,2895.0,902.0,279.7,1035.0375402216662,10.9,0.7585598305683021,0.5906853660744067,31.8,0.56627702300126,45.3,-98.0,329.0,25.14752887176313,31.157167530224527,False,False
Республика Калмыкия,2015,3173.0,1020.0,277.8,1142.188624910007,10.7,0.7593746459725841,0.6129428501732201,29.5,0.5820986324129682,45.4,-106.0,308.0,25.88659660884623,32.14623384809329,False,False
Республика Калмыкия,2016,2951.0,846.0,276.9,1065.7276995305165,10.6,0.7569506089550119,0.6204868353926926,26.7,0.6970399049799384,45.5,-61.0,351.0,26.625664345929327,28.66824805150796,False,False
Республика Калмыкия,2017,3028.0,814.0,274.5,1103.0965391621128,9.9,0.7553299826975364,0.6291483977085279,24.3,0.7499296246899552,45.6,-97.0,300.0,27.36473208301242,26.882430647291944,False,False
Республика Калмыкия,2018,2749.0,712.0,271.7,1011.7776959882224,9.7,0.7802605960760821,0.6486961981632914,23.6,0.7301021540011976,45.8,-116.0,307.0,28.10379982009552,25.900327391778827,False,False
Республика Калмыкия,2019,2797.0,726.0,270.2,1035.1591413767578,9.2,0.8030137216937453,0.6695591214653925,23.5,0.7371690491009115,46.2,-67.0,328.0,28.84286755717861,25.956381837683235,False,False
Республика Калмыкия,2020,2867.0,830.0,268.9,1066.1956117515806,9.6,0.8464569011105235,0.6927173670299261,22.7,0.7525025134603052,46.5,-37.0,330.0,29.58193529426171,28.950122078828045,False,False
Республика Калмыкия,2021,2940.0,797.0,266.4,1103.6036036036037,9.0,0.7946972066501455,0.6861677781195151,22.6,0.6573744613018128,46.8,-56.0,321.0,29.58193529426171,27.10884353741497,False,False
Республика Калмыкия,2022,2693.0,720.0,264.5,1018.1474480151228,8.1,0.7630327177157634,0.6375486120423763,20.6,0.7034293764101208,47.0,-60.0,333.0,29.58193529426171,26.735982176011884,False,False
Республика Карелия,2011,14258.0,5078.0,635.1,2245.000787277594,8.4,1.2040616854908774,1.0963174528398714,15.7,1.085011620978953,78.3,-91.0,347.11417935361146,20.301689885460565,35.61509328096507,False,False
Республика Карелия,2012,11482.0,4064.0,625.7,1835.064727505194,7.0,1.192115384615385,1.0965066617147938,13.4,1.0315890464459898,78.6,-120.0,311.2284526157318,20.83939027119612,35.39453056958718,False,False
Республика Карелия,2013,11088.0,4118.0,615.9,1800.2922552362395,8.2,1.171836386876864,1.1261497567675305,13.1,1.084126804714109,78.7,-130.0,279.469927717416,21.377090656931657,37.13924963924964,False,False
Республика Карелия,2014,12655.0,5122.0,607.6,2082.7847267939437,8.1,1.15193944385614,1.0800187045011098,13.6,1.0634873159094458,79.0,-113.0,273.0,21.914791042667204,40.47412090082971,False,False
Республика Карелия,2015,15698.0,6805.0,596.2,2633.0090573633006,8.8,1.1594728295759225,1.084661996116616,15.4,1.100256090743569,79.0,-156.0,240.0,22.452491428402748,43.34947127022551,True,False
Республика Карелия,2016,13464.0,6337.0,585.8,2298.3953567770573,9.2,1.1739161310939883,1.0997228721735368,15.7,1.1667819957658936,79.1,-147.0,206.0,22.99019181413829,47.06625074272133,False,False
Республика Карелия,2017,11293.0,4851.0,571.8,1974.9912556838055,8.6,1.1348273873280053,1.143496528957985,15.3,1.2071619488761751,79.0,-194.0,203.0,23.52789219987384,42.95581333569468,False,False
Республика Карелия,2018,11954.0,5685.0,559.4,2136.932427601001,8.7,1.180230642504119,1.209817406101246,14.2,1.2321855732077431,79.0,-165.0,206.0,24.065592585609384,47.55730299481345,False,False
Республика Карелия,2019,12334.0,5949.0,550.7,2239.694933720719,7.4,1.2056009203917275,1.2345328313802562,14.1,1.2900910052549042,79.2,-97.0,198.0,24.603292971344928,48.232527971461,False,False
Республика Карелия,2020,13449.0,6260.0,541.5,2483.656509695291,8.7,1.2295346377578,1.271197030776174,13.5,1.2750425524893123,79.2,-79.0,199.0,25.140993357080475,46.54621161424642,False,False
Республика Карелия,2021,13670.0,6558.0,532.4,2567.6183320811424,6.6,1.1922382888626903,1.2793707669246883,12.8,1.432639588892183,79.4,-33.0,199.0,25.140993357080475,47.97366495976591,False,False
Республика Карелия,2022,11850.0,5231.0,527.9,2244.743322598977,5.8,1.185159684116395,1.234249698270082,11.1,1.1548275240616968,79.7,15.0,204.0,25.140993357080475,44.14345991561181,False,False
Республика Коми,2011,17247.0,4711.0,883.1,1953.0064545351604,8.2,1.569124674196351,1.4954059873995436,16.3,2.188271488970358,77.2,-188.0,357.2969453330691,19.17733388700472,27.31489534411782,False,False
Республика Коми,2012,17581.0,4385.0,867.2,2027.3293357933576,6.4,1.633221153846154,1.4766977466727365,13.2,2.213186441760677,77.2,-200.0,349.90388396424737,19.77213751805194,24.941698424435472,False,False
Республика Коми,2013,19709.0,6488.0,852.1,2312.991432930407,7.1,1.6070302513847463,1.4594710051885011,13.7,2.1139682611447688,77.3,-198.0,321.8965715533044,20.36694114909917,32.91897102846416,False,False
Республика Коми,2014,20730.0,6996.0,838.1,2473.451855387185,6.0,1.5775189237949565,1.3769158163938937,14.5,1.949474265177507,77.4,-186.0,292.0,20.9617447801464,33.74819102749638,False,False
Республика Коми,2015,23926.0,9479.0,824.1,2903.288435869433,7.0,1.5620633661870775,1.2931699906379823,15.1,1.985660167583284,77.5,-182.0,249.0,21.556548411193617,39.61798879879629,False,False
Республика Коми,2016,19045.0,7915.0,811.5,2346.8884781269253,8.7,1.5503319958811206,1.304887388604599,15.4,1.9663705904683144,77.6,-162.0,210.0,22.15135204224084,41.55946442635862,False,False
Республика Коми,2017,17233.0,6726.0,795.8,2165.4938426740387,7.8,1.505772431408091,1.311106241935173,14.9,1.953892883488675,77.6,-192.0,206.0,22.74615567328807,39.02976846747519,False,False
Республика Коми,2018,16734.0,6571.0,779.1,2147.8629187524066,7.3,1.5100494233937396,1.3717149321438344,14.0,2.0474353588913625,77.6,-195.0,201.0,23.340959304335293,39.26735986614079,False,False
Республика Коми,2019,16985.0,6958.0,763.4,2224.914854597852,6.8,1.4988916014254847,1.3667915330859275,14.5,2.089864182282536,77.5,-178.0,192.0,23.93576293538252,40.96555784515749,False,False
Республика Коми,2020,17204.0,7459.0,750.4,2292.6439232409384,7.7,1.5112638815441566,1.379042889981198,14.2,1.7476511737714029,77.5,-125.0,184.0,24.530566566429744,43.35619623343408,False,False
Республика Коми,2021,15026.0,5777.0,734.4,2046.0239651416125,7.0,1.462093689098477,1.3650505889808815,14.0,2.014079927128046,77.5,-137.0,176.0,24.530566566429744,38.44669239984027,False,False
Республика Коми,2022,14797.0,5342.0,726.5,2036.751548520303,6.7,1.444023443567923,1.3635510258817218,11.7,2.073913871784862,77.7,-53.0,179.0,24.530566566429744,36.10191254984119,False,False
Республика Крым,2015,27842.0,14802.0,1912.6,1455.7147338701243,7.2,0.8474000226577546,0.6256042196115383,23.1,0.4362027988844438,50.7,114.0,237.0,25.8266682413406,53.16428417498743,False,False
Республика Крым,2016,23747.0,12210.0,1922.9,1234.9576161006812,6.8,0.8571530021659625,0.6993571191219975,23.3,0.5255560946843568,50.8,85.0,226.0,25.8266682413406,51.41702109740177,False,False
Республика Крым,2017,21711.0,8877.0,1929.6,1125.1554726368158,6.4,0.862321825821867,0.7589273469488047,19.4,0.5156898883258003,50.8,70.0,217.0,25.8266682413406,40.88710791764543,False,False
Республика Крым,2018,22414.0,9776.0,1932.8,1159.6647350993378,6.0,0.8878238729968548,0.8069346314158615,17.3,0.5245260840750077,50.8,51.0,206.0,25.8266682413406,43.61559739448559,False,False
Республика Крым,2019,20979.0,9399.0,1938.6,1082.1727019498608,5.6,0.9189325700816569,0.796511774767255,17.4,0.5513676823724255,50.8,70.0,189.0,25.8266682413406,44.801944801944806,False,False
Республика Крым,2020,21682.0,8069.0,1932.0,1122.256728778468,6.3,0.9037810682178742,0.7904039190649791,17.5,0.5763989474635567,50.6,27.0,178.0,25.8266682413406,37.215201549672535,False,False
Республика Крым,2021,20727.0,6177.0,1931.1,1073.3260835793071,5.8,0.918076173519717,0.8310592417037527,16.5,0.5465951696550183,50.4,86.0,171.0,25.8266682413406,29.801707917209438,False,False
Республика Крым,2022,20779.0,6612.0,1916.8,1084.04632721202,5.0,0.881361020030312,0.7997049751910956,14.2,0.5286921000806941,50.3,-12.0,174.0,25.8266682413406,31.820588093748498,False,False
Республика Марий Эл,2011,10842.0,3959.0,693.0,1564.5021645021643,10.1,0.7602628149435273,0.7051418565453643,24.2,0.6270895844180474,63.8,-26.0,401.07542244100114,19.84130075923857,36.51540306216565,False,False
Республика Марий Эл,2012,9495.0,3741.0,691.3,1373.499204397512,6.5,0.7703365384615385,0.6758850634287524,20.0,0.6846411947332183,64.4,-29.0,367.1707513243433,20.275527776892176,39.39968404423381,False,False
Республика Марий Эл,2013,8248.0,3359.0,690.0,1195.3623188405795,5.2,0.7822752449936089,0.7237475433057462,19.4,0.6870686017421708,64.9,-27.0,329.7408764783199,20.709754794545777,40.725024248302624,False,False
Республика Марий Эл,2014,7419.0,2901.0,689.2,1076.4654672083575,4.8,0.8029572106522336,0.7450401944609207,19.5,0.7075113675842739,65.4,-22.0,296.0,21.14398181219937,39.102304892842696,False,False
Республика Марий Эл,2015,8360.0,3083.0,688.1,1214.9396889986922,5.3,0.8287829009478495,0.739785139820104,22.2,0.7785898769202902,65.8,-23.0,285.0,21.578208829852976,36.877990430622006,False,False
Республика Марий Эл,2016,7214.0,2741.0,687.4,1049.4617398894386,6.0,0.827504172140752,0.7403956893803182,22.1,0.6905339542763197,66.1,-18.0,273.0,22.012435847506577,37.99556418075964,False,False
Республика Марий Эл,2017,7352.0,2856.0,685.4,1072.6583017216224,6.1,0.8384114690615473,0.7422648151408491,21.7,0.6698284596979757,66.5,-23.0,278.0,22.44666286516017,38.84657236126225,False,False
Республика Марий Эл,2018,7664.0,2918.0,683.9,1120.6316712969733,5.0,0.8429833757675603,0.7461582206857944,20.4,0.6516938520029029,67.0,-4.0,268.0,22.88088988281378,38.0741127348643,False,False
Республика Марий Эл,2019,7754.0,3208.0,683.5,1134.4550109729337,4.6,0.8460869321211101,0.7484738134806573,20.1,0.6673447864046269,67.5,15.0,253.0,23.31511690046738,41.37219499613103,False,False
Республика Марий Эл,2020,7597.0,3331.0,679.8,1117.5345689908795,6.8,0.8534637757800105,0.7361112323313624,19.5,0.6264231168029432,67.9,-7.0,242.0,23.74934391812098,43.84625510069765,False,False
Республика Марий Эл,2021,7656.0,3411.0,676.4,1131.8746303962153,5.3,0.854052883574333,0.7377170615862777,17.9,0.5739778376450672,68.5,21.0,249.0,23.74934391812098,44.55329153605015,False,False
Республика Марий Эл,2022,7741.0,3603.0,672.3,1151.420496802023,3.6,0.854634344994941,0.7315542443341827,15.4,0.5843171180092617,68.8,-16.0,255.0,23.74934391812098,46.54437411187185,False,False
Республика Мордовия,2011,7767.0,1451.0,826.3,939.9733752874258,5.2,0.7224695916594266,0.7436110489449634,20.2,0.6466457506937697,60.8,-31.0,461.2887765772046,21.836061343444744,18.68160164799794,False,False
Республика Мордовия,2012,7806.0,1683.0,820.4,951.4870794734276,4.9,0.7301442307692307,0.705099308502196,18.0,0.65956952181804,61.0,-26.0,441.0733984653546,22.39733589800351,21.56033820138355,False,False
Республика Мордовия,2013,8410.0,2256.0,815.0,1031.9018404907974,4.4,0.7712398806987644,0.6972298032792721,18.7,0.6852013443047894,61.3,-19.0,421.5610126004484,22.958610452562283,26.825208085612367,False,False
Республика Мордовия,2014,8908.0,2687.0,812.7,1096.099421680817,4.2,0.7978193512962309,0.712637299733775,17.6,0.7269782386854128,61.6,15.0,393.0,23.51988500712105,30.163897620116742,False,False
Республика Мордовия,2015,9190.0,2609.0,812.4,1131.2161496799606,4.2,0.8318794607454402,0.699706593740055,19.8,0.6932032892045259,62.0,40.0,371.0,24.08115956167982,28.38955386289445,False,False
Республика Мордовия,2016,8501.0,2273.0,814.4,1043.835952848723,4.2,0.8248055959947449,0.6979734885061274,18.5,0.7629367290666569,62.5,67.0,350.0,24.642434116238583,26.738030819903543,False,False
Республика Мордовия,2017,7962.0,2119.0,811.8,980.7834441980784,4.2,0.801753316305512,0.6984813194116584,18.2,0.7491968441930629,62.8,18.0,343.0,25.203708670797354,26.61391610148204,False,False
Республика Мордовия,2018,7730.0,1956.0,803.3,962.2805925557078,4.2,0.8001198142878538,0.6995386696188094,17.8,0.7044610689837073,63.0,-55.0,328.0,25.76498322535613,25.30401034928849,False,False
Республика Мордовия,2019,8060.0,2278.0,799.0,1008.7609511889864,4.2,0.8088784128854842,0.7045283636006111,18.2,0.7361173051383955,63.2,2.0,319.0,26.326257779914894,28.26302729528536,False,False
Республика Мордовия,2020,8258.0,2571.0,788.7,1047.0394319766704,5.3,0.8224484399788472,0.710174700731976,17.8,0.7238064649585562,63.2,-34.0,311.0,26.88753233447366,31.13344635504965,False,False
Республика Мордовия,2021,8533.0,3047.0,781.4,1092.0143332480163,4.2,0.8300411423621972,0.7243522477515434,16.7,0.6658738404293258,63.4,24.0,313.0,26.88753233447366,35.70842611039494,False,False
Республика Мордовия,2022,8107.0,3166.0,771.4,1050.9463313456054,3.6,0.8299690581848868,0.7359259755934022,14.1,0.6805277359617757,63.6,-45.0,322.0,26.88753233447366,39.05267053163932,False,False
Республика Саха (Якутия),2011,15098.0,6341.0,956.3,1578.7932657115969,9.0,1.849044309296264,1.5947195235295817,18.6,2.274766372697945,64.6,-98.0,437.1721836022787,22.691117107877364,41.99894025698768,False,False
Республика Саха (Якутия),2012,12129.0,4435.0,956.4,1268.1932245922208,8.0,1.9190384615384612,1.5484614638416172,16.7,2.2883687119171308,64.9,-84.0,396.201202833937,23.3053429766398,36.56525682249155,False,False
Республика Саха (Якутия),2013,10825.0,3289.0,956.2,1132.0853377954402,7.4,1.9830421815083088,1.5231135054691225,16.8,2.2467986104831663,65.2,-89.0,367.15438618140826,23.91956884540224,30.38337182448037,False,False
Республика Саха (Якутия),2014,10715.0,3027.0,959.0,1117.3096976016684,7.4,2.004588775150017,1.4958386757990905,18.0,2.338643593609585,65.3,-63.0,317.0,24.533794714164674,28.250116658889407,False,False
Республика Саха (Якутия),2015,11846.0,3088.0,962.5,1230.753246753247,7.3,2.06302632075828,1.4766362329399447,19.4,2.430211212402287,65.5,-48.0,279.0,25.14802058292712,26.067871011311837,False,False
Республика Саха (Якутия),2016,12375.0,3648.0,966.3,1280.658180689227,7.2,2.09494727124241,1.5262768667973277,19.8,2.563063063063063,65.5,-37.0,252.0,25.76224645168956,29.47878787878788,False,False
Республика Саха (Якутия),2017,12399.0,4200.0,968.1,1280.7561202355128,7.1,2.050117821537448,1.5580231041527957,19.6,2.513172116463591,65.7,-45.0,247.0,26.376472320451988,33.87369949189451,False,False
Республика Саха (Якутия),2018,11936.0,3082.0,971.4,1228.7420218241714,6.9,2.0629324546952224,1.6165368980981352,18.6,2.690694107191073,65.9,-24.0,250.0,26.990698189214427,25.82104557640751,False,False
Республика Саха (Якутия),2019,12387.0,3507.0,976.7,1268.2502303675642,6.9,2.059713219406796,1.6336180883742917,17.8,2.828830128985646,66.1,1.0,244.0,27.604924057976863,28.311939937030758,False,False
Республика Саха (Якутия),2020,12146.0,3305.0,987.2,1230.3484602917342,7.4,2.0406663141195134,1.6056355577555192,17.3,2.490237679191223,66.3,66.0,240.0,28.219149926739306,27.210604314177505,False,False
Республика Саха (Якутия),2021,13005.0,3972.0,997.8,1303.3674082982564,6.9,2.032384572817169,1.6049431145408457,16.3,2.895696515809691,67.0,90.0,227.0,28.219149926739306,30.54209919261822,False,False
Республика Саха (Якутия),2022,13000.0,4344.0,997.6,1303.1275060144346,6.5,2.030494691190609,1.5834786107013543,15.2,3.1397140533778667,67.2,-38.0,226.0,28.219149926739306,33.41538461538461,False,False
Республика Северная Осетия — Алания,2011,6618.0,1723.0,708.9,933.5590351248412,8.3,0.7263249348392702,0.8566829936115862,12.6,0.5404922678890612,63.8,-87.0,445.5882684842466,27.49373816255112,26.035055908129344,False,False
Республика Северная Осетия — Алания,2012,6271.0,1467.0,706.2,887.9920702350609,7.9,0.7642788461538461,0.8727323281564475,10.4,0.5568291117976186,63.7,-85.0,453.0380012121418,27.699087276567653,23.393398182108115,False,False
Республика Северная Осетия — Алания,2013,6042.0,1055.0,703.9,858.360562579912,8.1,0.7952279505752023,0.8543874191587995,12.6,0.6339971968532417,63.7,-81.0,429.1269280876752,27.904436390584188,17.461105594174114,False,False
Республика Северная Осетия — Алания,2014,5977.0,875.0,704.8,848.0419977298525,8.6,0.7966035219829783,0.8734073069085939,12.5,0.6085168326675942,63.7,-33.0,421.0,28.10978550460072,14.639451229713904,False,False
Республика Северная Осетия — Алания,2015,6728.0,1236.0,703.4,956.4970145009952,9.3,0.8031041123824629,0.8725741343966781,14.2,0.5590920021611561,63.7,-59.0,371.0,28.31513461861725,18.37098692033294,False,False
Республика Северная Осетия — Алания,2016,7036.0,2182.0,702.6,1001.4232849416452,9.9,0.8097858892873628,0.8761602958616553,14.3,0.5882728925482951,63.7,-49.0,352.0,28.52048373263378,31.01193860147811,False,False
Республика Северная Осетия — Алания,2017,7145.0,1722.0,700.7,1019.6945911231624,11.8,0.814524182252616,0.8764925855117449,14.4,0.5608993487284323,63.6,-51.0,327.0,28.72583284665032,24.10076976906928,False,False
Республика Северная Осетия — Алания,2018,7204.0,1764.0,697.8,1032.3875035826886,10.3,0.8074883929908642,0.8846869612493182,14.0,0.5334928683937642,63.6,-71.0,303.0,28.931181960666848,24.486396446418656,False,False
Республика Северная Осетия — Алания,2019,9503.0,3180.0,694.9,1367.5348971074975,12.1,0.8067738586300754,0.8862001193536244,13.8,0.5590892247417043,63.5,-60.0,300.0,29.13653107468338,33.46311691044933,True,False
Республика Северная Осетия — Алания,2020,8075.0,2618.0,690.8,1168.9345686160973,15.4,0.8058963511369646,0.8369857532037042,13.9,0.5577511319469055,63.4,-55.0,301.0,29.34188018869991,32.421052631578945,False,False
Республика Северная Осетия — Алания,2021,8152.0,2570.0,685.4,1189.3784651298513,13.4,0.7939513509611914,0.832422437855523,13.4,0.4945333144278735,63.2,-53.0,285.0,29.34188018869991,31.526005888125614,False,False
Республика Северная Осетия — Алания,2022,8065.0,2600.0,680.7,1184.809754664316,11.9,0.7632573292637359,0.8253721335657771,12.3,0.5048114039409174,63.2,-65.0,294.0,29.34188018869991,32.23806571605704,False,False
Республика Татарстан,2011,55318.0,26058.0,3812.4,1451.0019934949114,4.7,1.0865008688097306,1.2576861461225108,8.1,1.5372685421262722,75.7,56.0,525.1463497674195,22.97261062937465,47.105824505585886,False,False
Республика Татарстан,2012,51584.0,26546.0,3841.4,1342.843754881033,4.1,1.1170192307692308,1.2911050962366393,6.5,1.5181607098600345,75.9,52.0,495.8927253534234,23.571361347747903,51.4616935483871,False,False
Республика Татарстан,2013,46021.0,20846.0,3867.6,1189.9110559520116,4.0,1.1092884533446954,1.3374832439718058,6.8,1.5165299002320884,76.1,41.0,469.9492632269705,24.17011206612116,45.29671237043959,False,False
Республика Татарстан,2014,44781.0,20699.0,3894.5,1149.8523558865068,3.9,1.109699180295721,1.3272676476143783,7.0,1.4566442734698972,76.3,45.0,437.0,24.76886278449441,46.22272838927224,False,False
Республика Татарстан,2015,52080.0,23132.0,3919.1,1328.876527774234,4.0,1.1006759563460595,1.281163801030967,7.2,1.4926695586182344,76.4,37.0,416.0,25.367613502867663,44.41628264208909,False,False
Республика Татарстан,2016,48150.0,21050.0,3946.7,1220.0065877821978,3.8,1.0731811241700102,1.2725599651010988,7.6,1.4542882693909902,76.6,43.0,388.0,25.966364221240912,43.71754932502596,False,False
Республика Татарстан,2017,46093.0,18587.0,3966.8,1161.969345568216,3.5,1.0653143280876658,1.2295680416903298,7.3,1.4767862105159677,76.7,40.0,378.0,26.565114939614165,40.32499511856464,False,False
Республика Татарстан,2018,43586.0,17545.0,3981.9,1094.603078932168,3.3,1.053527033098697,1.2516167580627455,7.1,1.5281674942142682,76.8,34.0,369.0,27.16386565798742,40.25375120451521,False,False
Республика Татарстан,2019,49839.0,24785.0,3996.4,1247.097387648884,3.3,1.0499761483851051,1.2596403878026603,7.1,1.5803043324175277,76.8,37.0,360.0,27.762616376360672,49.730131021890486,False,False
Республика Татарстан,2020,53856.0,26962.0,3997.7,1347.1746254096106,3.6,1.0513220518244315,1.2123573801355103,6.8,1.419987407353562,76.8,36.0,355.0,28.361367094733925,50.06313131313132,False,False
Республика Татарстан,2021,51933.0,27998.0,4000.1,1298.2925426864329,2.6,1.1019416307773742,1.236825151397752,6.4,1.5185621538474758,76.8,54.0,353.0,28.361367094733925,53.9117709356286,False,False
Республика Татарстан,2022,52189.0,26074.0,4001.6,1304.2033186725312,2.3,1.0973239738191098,1.23191632023602,5.0,1.615057128211396,76.8,24.0,360.0,28.361367094733925,49.960719691889096,False,False
Республика Тыва,2011,5554.0,1450.0,309.6,1793.9276485788114,17.3,1.040562554300608,0.6823011684625816,30.6,0.4836536930379689,53.7,-115.0,190.76807807701127,16.687896573806306,26.107310046813108,False,False
Республика Тыва,2012,5921.0,1433.0,311.2,1902.6349614395888,18.4,1.0691826923076924,0.6476030369830252,27.9,0.486746726859382,54.3,-106.0,193.6686485617869,17.423809581044374,24.20199290660361,False,False
Республика Тыва,2013,6138.0,1994.0,312.7,1962.9037416053727,19.3,1.0688964635705156,0.6739703733563857,33.0,0.4988064020254996,54.3,-100.0,186.48257161768512,18.15972258828244,32.48615184099055,False,False
Республика Тыва,2014,6588.0,2167.0,315.1,2090.764836559822,19.1,1.0788328038592776,0.6272912802487541,35.2,0.4980545038363789,54.5,-68.0,169.0,18.89563559552051,32.893139040680026,False,False
Республика Тыва,2015,8439.0,2962.0,317.2,2660.4665825977304,18.6,1.0695215437483478,0.6199527585486804,36.9,0.4671251315588118,54.7,-66.0,157.0,19.63154860275858,35.09894537267449,True,False
Республика Тыва,2016,10914.0,5684.0,320.4,3406.367041198502,16.6,1.0591201221460782,0.5863377486198974,37.8,0.5055477465249815,54.5,-33.0,136.0,20.36746160999665,52.07989737951255,True,False
Республика Тыва,2017,11668.0,6680.0,323.9,3602.346403210868,18.3,1.029944796902035,0.5751904147373799,35.8,0.5208998544501837,54.4,-24.0,143.0,21.10337461723472,57.250599931436405,False,False
Республика Тыва,2018,9254.0,5851.0,326.9,2830.83511777302,14.8,1.0717088512805153,0.5865783330650269,34.4,0.5243554183025031,54.5,-21.0,152.0,21.83928762447279,63.22671277285499,False,False
Республика Тыва,2019,8626.0,4263.0,330.0,2613.939393939394,12.3,1.1132530796643938,0.5943929971505829,34.1,0.5419933353638021,54.6,-6.0,150.0,22.575200631710857,49.420357060051,False,False
Республика Тыва,2020,8546.0,4155.0,333.7,2560.982918789332,18.0,1.1661554732945532,0.6547741407330135,31.7,0.5344361857180235,54.5,3.0,156.0,23.311113638948925,48.61923706997426,False,False
Республика Тыва,2021,8483.0,4649.0,336.2,2523.200475907198,15.0,1.1087746312826312,0.6547761873507956,28.5,0.4695971848051663,54.8,-32.0,163.0,23.311113638948925,54.80372509725333,False,False
Республика Тыва,2022,6619.0,2886.0,337.3,1962.348058108509,9.5,1.086987644265688,0.65602789325466,25.9,0.4995771976058658,55.3,-61.0,178.0,23.311113638948925,43.60175253059374,False,False
Республика Хакасия,2011,10799.0,3646.0,532.5,2027.9812206572767,7.2,1.123479582971329,0.8853599329689626,18.6,0.9501854525740604,67.3,-13.0,289.8289423271957,18.972279013389983,33.76238540605612,False,False
Республика Хакасия,2012,11042.0,3653.0,533.7,2068.952595090875,7.9,1.128221153846154,0.8636204443681248,16.3,0.990800880896616,67.4,-3.0,253.0784623801779,19.38666486917071,33.08277485962688,False,False
Республика Хакасия,2013,10538.0,3426.0,535.2,1968.98355754858,6.0,1.110694503621645,0.8284026809088529,17.8,1.0,67.8,2.0,219.79356632485275,19.80105072495144,32.51091288669577,False,False
Республика Хакасия,2014,13921.0,5393.0,537.3,2590.917550716545,6.2,1.1407224379338743,0.7984740954164873,18.2,1.0049767952582636,68.0,18.0,198.0,20.21543658073216,38.74003304360319,True,False
Республика Хакасия,2015,13774.0,5358.0,538.9,2555.947300055669,5.8,1.130433140742419,0.7620829904169523,19.2,0.9891148941751848,68.1,17.0,160.0,20.62982243651288,38.89937563525483,False,False
Республика Хакасия,2016,11052.0,3590.0,540.1,2046.287724495464,6.3,1.1545289919397792,0.7699907028505842,19.1,1.0700795187191634,68.3,11.0,158.0,21.044208292293607,32.48280854144046,False,False
Республика Хакасия,2017,11528.0,3515.0,540.5,2132.839962997225,4.9,1.1198187360962346,0.7769269282721721,18.8,1.0416828252506871,68.4,9.0,158.0,21.45859414807433,30.49097848716169,False,False
Республика Хакасия,2018,10940.0,3380.0,539.7,2027.052065962572,5.2,1.134461584543957,0.8114776433639852,18.5,1.0390065075299035,68.5,-7.0,161.0,21.87298000385505,30.89579524680073,False,False
Республика Хакасия,2019,10640.0,3330.0,538.2,1976.9602378298027,6.0,1.137806212644162,0.8123149083125499,19.0,1.0674076755762654,68.5,-6.0,158.0,22.287365859635777,31.29699248120301,False,False
Республика Хакасия,2020,10839.0,3913.0,536.3,2021.0702964758527,8.7,1.1581173982020094,0.8238718635353415,18.5,1.0687382051790333,68.5,4.0,149.0,22.701751715416503,36.10111633914568,False,False
Республика Хакасия,2021,11024.0,4048.0,533.0,2068.292682926829,6.4,1.1504703702812598,0.8282549271807138,17.9,1.013538715374006,68.5,-2.0,142.0,22.701751715416503,36.71988388969521,False,False
Республика Хакасия,2022,9493.0,3677.0,530.2,1790.4564315352693,3.3,1.1445175889734622,0.8329354968485986,16.9,1.0142320087603658,68.7,-13.0,143.0,22.701751715416503,38.73380385547245,False,False
Ростовская область,2011,56282.0,27025.0,4264.0,1319.9343339587242,7.3,0.9203953084274544,0.996535319460286,15.2,0.8024616972891538,67.4,7.0,472.1855393369126,22.466110821909563,48.01712803382964,False,False
Ростовская область,2012,52446.0,24813.0,4261.4,1230.7222978363918,6.0,0.9225480769230768,0.9763998023256056,12.9,0.8000872487101706,67.6,17.0,456.4499676046115,22.76147590137648,47.31152042100446,False,False
Ростовская область,2013,51829.0,24572.0,4255.7,1217.8725004112132,6.0,0.931700042607584,1.020479306261958,13.2,0.8119028242457124,67.7,8.0,426.71034723893166,23.05684098084339,47.40975129753613,False,False
Ростовская область,2014,54081.0,27705.0,4255.7,1270.7897643160936,5.9,0.9341491155822254,1.0378912146278907,13.1,0.8057627518894366,67.8,20.0,403.0,23.352206060310305,51.22871248682532,False,False
Ростовская область,2015,62271.0,29791.0,4253.7,1463.9255236617532,6.1,0.9443752124164496,1.0291316499366483,14.4,0.8728631257436782,67.8,13.0,351.0,23.64757113977722,47.84088901735961,False,False
Ростовская область,2016,57691.0,28050.0,4252.7,1356.573470971383,5.8,0.9476618257998084,1.0454358914852755,14.2,0.8984851036489016,67.9,21.0,326.0,23.94293621924413,48.621102078313776,False,False
Ростовская область,2017,59113.0,27840.0,4245.3,1392.4339858196122,5.6,0.9392634094092444,1.063915632351908,13.9,0.8754897566833322,67.9,13.0,317.0,24.23830129871105,47.09623940588365,False,False
Ростовская область,2018,55460.0,25650.0,4230.6,1310.9251642792983,5.1,0.9419799311067844,1.0943765569404624,13.2,0.8459823609861286,68.0,2.0,322.0,24.53366637817796,46.24954922466642,False,False
Ростовская область,2019,60914.0,30048.0,4229.5,1440.217519801395,4.8,0.9472458399977552,1.1048524345335269,13.3,0.8680680792116274,68.1,40.0,315.0,24.82903145764488,49.32856157861904,False,False
Ростовская область,2020,61753.0,32270.0,4216.6,1464.5211782004458,5.0,0.9418826017979904,1.0889335873727275,13.0,0.8757605360955764,68.0,36.0,314.0,25.124396537111792,52.256570530986345,False,False
Ростовская область,2021,58538.0,31056.0,4192.3,1396.321828113446,4.0,0.9453359959579434,1.1132163023677943,12.0,0.83510967315038,67.9,44.0,310.0,25.124396537111792,53.052717892650925,False,False
Ростовская область,2022,57250.0,30097.0,4164.5,1374.714851722896,3.5,0.9397453282897196,1.109749228912431,10.2,0.8647821195745036,67.7,-1.0,313.0,25.124396537111792,52.571179039301306,False,False
Рязанская область,2011,9716.0,4325.0,1149.6,845.1635351426584,7.2,0.907797567332754,0.9203638370723676,16.0,0.8324123327303664,70.9,42.0,470.27037371454617,20.886244239737533,44.51420337587484,False,False
Рязанская область,2012,9543.0,4446.0,1147.0,831.996512641674,4.6,0.9181730769230768,0.9515619338589528,12.5,0.8938893154291542,70.9,33.0,431.5943375910961,21.32010290107367,46.5891229173216,False,False
Рязанская область,2013,9698.0,3059.0,1144.4,847.4309681929394,4.7,0.9287175117170856,0.9411318730435628,12.3,0.9184359646743226,70.9,27.0,404.06741272600016,21.753961562409813,31.54258610022685,False,False
Рязанская область,2014,9656.0,2762.0,1140.2,846.8689703560779,4.4,0.952268894379731,0.9639671633436808,11.0,0.8805596359650868,71.0,15.0,337.0,22.187820223745952,28.6039768019884,False,False
Рязанская область,2015,10364.0,2981.0,1136.1,912.2436405246018,4.7,0.9622748385634984,0.9430495415006892,13.0,0.8866554861195695,71.2,11.0,313.0,22.62167888508209,28.7630258587418,False,False
Рязанская область,2016,9524.0,2795.0,1134.0,839.8589065255733,4.4,0.9679721620565992,0.9322536035866978,12.8,0.8966315010179531,71.3,27.0,291.0,23.05553754641824,29.346913061738768,False,False
Рязанская область,2017,9542.0,3379.0,1129.9,844.4995132312594,4.1,0.9497833072423169,0.9294806655858328,13.3,0.9010199324035794,71.4,19.0,289.0,23.48939620775437,35.41186334101866,False,False
Рязанская область,2018,9348.0,3418.0,1123.8,831.8206086492258,4.2,0.955998202785682,0.955263415666,13.0,0.855252962799493,71.6,7.0,273.0,23.92325486909052,36.56397090286692,False,False
Рязанская область,2019,10250.0,3686.0,1119.8,915.3420253616716,3.9,0.9677582288071388,0.9603534735869738,12.7,0.8731593638991466,71.6,32.0,266.0,24.357113530426656,35.9609756097561,False,False
Рязанская область,2020,10023.0,4026.0,1110.4,902.6476945244956,5.4,0.964013749338974,0.9417697683396984,12.9,0.8921372318049955,71.5,17.0,267.0,24.7909721917628,40.16761448668064,False,False
Рязанская область,2021,9151.0,3151.0,1098.6,832.9692335699983,4.0,0.9775762096095084,0.965794918883348,12.5,0.8465758345256663,71.4,37.0,265.0,24.7909721917628,34.43339525734893,False,False
Рязанская область,2022,9154.0,3377.0,1088.9,840.6648911745798,2.9,0.960785342732032,0.9770953466541504,10.9,0.8757815296466794,71.4,9.0,261.0,24.7909721917628,36.890976622241645,False,False
Самарская область,2011,62445.0,32295.0,3217.0,1941.0941871308676,5.1,1.009991311902693,1.354083413938833,15.2,1.160135121836884,80.3,35.0,467.913387111765,24.72125820846534,51.71751141004084,False,False
Самарская область,2012,60533.0,29872.0,3219.2,1880.3740059642148,3.4,1.0,1.3314660762619912,12.3,1.1777318488923498,80.3,25.0,440.2569449470693,25.04632918266199,49.34828936282688,False,False
Самарская область,2013,52105.0,24520.0,3220.1,1618.1174497686409,3.2,1.0,1.3098337375458424,12.3,1.2270236157579046,80.3,22.0,404.66524164544296,25.37140015685864,47.05882352941176,False,False
Самарская область,2014,50751.0,20491.0,3224.5,1573.9184369669715,3.0,1.015178256265443,1.1910464029716832,12.3,1.2134866864091567,80.3,31.0,369.0,25.696471131055294,40.375559102283695,False,False
Самарская область,2015,49364.0,18128.0,3220.8,1532.662692498758,3.4,1.0138967561647974,1.111874266402867,13.1,1.2258098869765364,80.2,3.0,345.0,26.021542105251942,36.7231180617454,False,False
Самарская область,2016,44102.0,15323.0,3221.5,1368.9896011174917,4.1,1.004687000674644,1.0567189567435638,13.5,1.177480923455382,80.1,15.0,319.0,26.346613079448595,34.744456033739965,False,False
Самарская область,2017,44029.0,15865.0,3214.3,1369.7850231776747,4.2,1.0049204910603935,1.03850891878204,13.3,1.1618598588262248,79.9,6.0,311.0,26.671684053645247,36.0330691135388,False,False
Самарская область,2018,41461.0,15704.0,3206.8,1292.9088187601346,3.7,1.0110528680545154,1.0592196383513754,12.7,1.172475014947728,79.8,8.0,302.0,26.9967550278419,37.87655869371216,False,False
Самарская область,2019,42640.0,17726.0,3206.2,1329.9232736572892,3.9,1.022280214383927,1.0523201832695857,12.9,1.1826389526371817,79.7,37.0,295.0,27.32182600203855,41.57129455909944,False,False
Самарская область,2020,44332.0,18502.0,3183.9,1392.3804139577248,4.4,1.0245372818614489,1.0345436261909555,12.3,1.0973680333577869,79.7,8.0,298.0,27.6468969762352,41.73508977713615,False,False
Самарская область,2021,43280.0,17484.0,3164.4,1367.7158387056,3.5,1.0290643120082763,1.0363120884966373,11.7,1.1683017311385813,79.6,34.0,309.0,27.6468969762352,40.39741219963031,False,False
Самарская область,2022,47060.0,20304.0,3142.7,1497.4385082890508,2.7,1.0259499808975223,1.0310848866836528,10.6,1.1704747983581798,79.5,-6.0,318.0,27.6468969762352,43.14492137696558,False,False
Санкт-Петербург,2011,59318.0,29609.0,4974.8,1192.3695424941704,2.0,1.603062554300608,1.6196983610269764,9.1,1.8952975739976343,100.0,162.0,805.7869098221562,36.793963659185245,49.915708553895946,False,False
Санкт-Петербург,2012,56439.0,28198.0,5071.5,1112.866015971606,1.1,1.583173076923077,1.4929616534812766,9.0,1.8354613851682853,100.0,191.0,752.5291144422066,37.10846309620131,49.96190577437588,False,False
Санкт-Петербург,2013,55110.0,26630.0,5195.7,1060.6847970437093,1.5,1.570004260758415,1.504150270194079,8.3,1.8285144829249176,100.0,234.0,678.2482469998059,37.42296253321738,48.32153874070041,False,False
Санкт-Петербург,2014,56463.0,27628.0,5276.2,1070.1451802433571,1.4,1.5961485664980193,1.482555809129282,8.8,1.729447240900233,100.0,141.0,601.0,37.73746197023345,48.931158457751096,False,False
Санкт-Петербург,2015,56480.0,25845.0,5331.2,1059.4237695078032,2.1,1.6686303387334316,1.470187035734568,8.7,1.9946505142114748,100.0,87.0,569.0,38.05196140724951,45.75956090651558,False,False
Санкт-Петербург,2016,52351.0,26506.0,5405.4,968.4944684944686,1.6,1.729325711039307,1.5367409116334123,8.5,2.122421977780112,100.0,117.0,543.0,38.366460844265575,50.6313155431606,False,False
Санкт-Петербург,2017,52138.0,25511.0,5494.8,948.860741064279,1.6,1.7711197165691686,1.592655056623838,7.5,2.0277016829955445,100.0,153.0,534.0,38.68096028128164,48.92976332041889,False,False
Санкт-Петербург,2018,51420.0,24555.0,5546.4,927.0878407615752,1.5,1.8098247716040137,1.661108291964947,6.7,2.0072214547022478,100.0,86.0,534.0,38.99545971829771,47.753792298716455,False,False
Санкт-Петербург,2019,48627.0,24418.0,5580.8,871.3266915137615,1.4,1.8484159721637623,1.6582894749281258,6.6,2.0921750563410217,100.0,62.0,542.0,39.30995915531378,50.21490118658358,False,False
Санкт-Петербург,2020,61309.0,32186.0,5588.5,1097.056455220542,2.9,1.8156266525647808,1.659832929407755,6.1,2.0596522160404604,100.0,46.0,556.0,39.62445859232984,52.49800192467664,True,False
Санкт-Петербург,2021,62755.0,36882.0,5607.9,1119.0463453342606,2.0,1.834780934966196,1.7840362231107394,5.2,2.8921206340203747,100.0,90.0,563.0,39.62445859232984,58.77141263644331,False,False
Санкт-Петербург,2022,62971.0,34802.0,5600.0,1124.482142857143,1.8,1.8185096708916029,1.7539224889365697,4.6,3.1084232463990085,100.0,12.0,577.0,39.62445859232984,55.2667100728907,False,False
Саратовская область,2011,32740.0,13979.0,2514.9,1301.8410274762414,6.0,0.8799413553431799,0.8145401630357015,17.3,0.7659638613498226,74.8,21.0,439.5923370952805,21.988460731081336,42.69700671960904,False,False
Саратовская область,2012,28730.0,10320.0,2515.7,1142.0280637595897,5.4,0.9039903846153846,0.7681008256598323,15.9,0.7687614038875406,74.9,32.0,410.5006373887849,22.262378260630623,35.920640445527326,False,False
Саратовская область,2013,28310.0,10255.0,2515.2,1125.5566157760816,5.2,0.8806135492117597,0.8069795622095274,15.0,0.788107725231335,75.3,27.0,385.3729247391686,22.53629579017992,36.22394913458142,False,False
Саратовская область,2014,27182.0,9981.0,2517.9,1079.5504189999604,4.6,0.863317253010158,0.7993716714704461,15.0,0.7661716072231245,75.5,36.0,361.0,22.810213319729204,36.71915238025164,False,False
Саратовская область,2015,29757.0,10964.0,2518.6,1181.4897165091718,4.7,0.8507231600015105,0.795436247186406,17.1,0.7753159753778119,75.8,29.0,335.0,23.08413084927849,36.845112074469874,False,False
Саратовская область,2016,25026.0,9620.0,2516.6,994.4369387268536,5.1,0.8361325142918014,0.7696944750895618,17.0,0.7736148141478515,76.1,23.0,318.0,23.35804837882777,38.4400223767282,False,False
Саратовская область,2017,28833.0,12271.0,2506.6,1150.2832522141548,4.8,0.8152854906484304,0.7680464729609677,16.8,0.7488632226499354,76.3,0.0,303.0,23.63196590837707,42.55887351298859,False,False
Саратовская область,2018,29032.0,12690.0,2490.8,1165.5692950056207,5.0,0.8034446607757975,0.7956562922079644,15.6,0.7171697640458856,76.6,-16.0,299.0,23.90588343792636,43.71038853678699,False,False
Саратовская область,2019,29315.0,13194.0,2478.1,1182.96275372261,4.3,0.861941240845189,0.802981892964268,15.8,0.7315931901037313,76.3,2.0,297.0,24.179800967475646,45.00767525157769,False,False
Саратовская область,2020,30563.0,15339.0,2457.6,1243.6116536458337,5.6,0.8869645690111052,0.8188676746242108,15.2,0.7486291638185097,76.4,5.0,288.0,24.453718497024933,50.18813598141544,False,False
Саратовская область,2021,29831.0,14007.0,2431.0,1227.1081859317153,4.5,0.9000312778192142,0.8175880738083035,14.4,0.7100237607256259,76.6,14.0,282.0,24.453718497024933,46.95451040863532,False,False
Саратовская область,2022,29200.0,13129.0,2404.9,1214.1877001122707,3.4,0.9008938280105294,0.8123910419739842,12.9,0.7583826187058256,76.8,-33.0,287.0,24.453718497024933,44.96232876712329,False,False
Сахалинская область,2011,10026.0,3971.0,493.7,2030.787927891432,7.9,2.1052888792354474,2.0127025380562897,11.9,5.421640696149421,80.3,-38.0,259.23915465228856,20.527780573656536,39.60702174346699,False,False
Сахалинская область,2012,10218.0,3405.0,489.7,2086.5836226260976,7.7,2.125384615384615,1.776127356046665,11.8,5.278103444302534,80.8,-71.0,239.04439425068108,21.17880945116754,33.32354668232531,False,False
Сахалинская область,2013,12338.0,5003.0,485.4,2541.8211784095597,7.2,2.088069876438006,1.901429646233044,9.9,5.191181013955451,81.1,-85.0,189.5674064368868,21.829838328678548,40.5495218025612,False,False
Сахалинская область,2014,11509.0,8776.0,480.6,2394.71493965876,6.5,2.15303761226811,1.928184844967333,9.6,5.6300695614832925,81.3,-106.0,198.0,22.480867206189554,76.25336693022852,False,False
Сахалинская область,2015,11270.0,4820.0,477.5,2360.2094240837696,6.3,2.3152826554888413,1.949979755705889,9.8,5.460076389994972,81.5,-69.0,186.0,23.13189608370056,42.76841171251109,False,False
Сахалинская область,2016,12248.0,5995.0,476.6,2569.8699118757863,6.3,2.3065369456378937,1.991173517406391,9.7,4.442200112383344,81.7,-31.0,154.0,23.782924961211567,48.9467668190725,False,False
Сахалинская область,2017,11449.0,5800.0,478.3,2393.6859711478155,5.9,2.2574375875422263,1.993504585204872,9.0,4.239523496580831,81.9,28.0,147.0,24.433953838722573,50.65944623984628,False,False
Сахалинская область,2018,9996.0,4774.0,476.2,2099.1180176396474,5.3,2.3213718735959263,2.0894858681410766,8.3,5.983082321110082,82.1,-40.0,126.0,25.08498271623358,47.75910364145658,False,False
Сахалинская область,2019,9475.0,4527.0,473.7,2000.2111040743089,5.2,2.453012318657575,2.190308220710952,8.0,5.539660016918579,82.2,-47.0,126.0,25.736011593744585,47.77836411609498,False,False
Сахалинская область,2020,8988.0,4053.0,469.3,1915.1928404005964,5.5,2.446271813855103,2.186635288815945,7.5,4.582888539117121,82.2,-70.0,117.0,26.38704047125559,45.09345794392524,False,False
Сахалинская область,2021,8876.0,3797.0,466.0,1904.7210300429183,5.2,2.2684839881625485,2.121482665253549,7.1,4.549743100581343,82.5,-24.0,110.0,26.38704047125559,42.77827850383055,False,False
Сахалинская область,2022,8511.0,3752.0,460.6,1847.807207989579,4.2,2.155510959784037,2.1274507174466946,6.3,5.628294958923313,82.6,-87.0,104.0,26.38704047125559,44.08412642462695,False,False
Свердловская область,2011,77347.0,31347.0,4307.5,1795.6355194428322,7.2,1.2043331885317117,1.5500286573776525,10.5,1.3422369355684258,84.0,30.0,432.3483302027464,20.650726051066243,40.52775156114652,False,False
Свердловская область,2012,71549.0,31556.0,4315.7,1657.877053548671,5.8,1.2086057692307692,1.5037033651778724,8.5,1.392392381465269,84.2,15.0,407.612070611483,21.06508883438233,44.10404058756936,False,False
Свердловская область,2013,69231.0,30136.0,4320.5,1602.3839833352622,5.9,1.176310183212612,1.518185415083307,8.4,1.368708744009404,84.4,4.0,385.6808865160979,21.47945161769841,43.52963267900218,False,False
Свердловская область,2014,69647.0,29854.0,4327.2,1609.5165464965798,6.1,1.1566851002078675,1.429911107175561,8.5,1.3061923433029166,84.5,10.0,338.0,21.89381440101449,42.86473214926701,False,False
Свердловская область,2015,72267.0,30238.0,4329.7,1669.0994757142523,6.5,1.1589819115592312,1.3645368842114545,9.9,1.315214600920053,84.8,3.0,313.0,22.30817718433057,41.842057924087065,False,False
Свердловская область,2016,63454.0,26342.0,4328.9,1465.822726327705,6.2,1.148599225934737,1.368048232393521,10.2,1.3541795543461286,85.0,1.0,280.0,22.722539967646654,41.51353736565071,False,False
Свердловская область,2017,58301.0,23789.0,4324.8,1348.0623381428045,5.5,1.1455746889676195,1.3578742414806708,9.8,1.347406331171889,85.2,0.0,289.0,23.136902750962737,40.80375979828819,False,False
Свердловская область,2018,55434.0,21080.0,4315.2,1284.6218020022247,4.8,1.139793320353452,1.390569837795244,9.5,1.299188677611198,85.4,-3.0,278.0,23.55126553427882,38.02720352130461,False,False
Свердловская область,2019,57757.0,23391.0,4310.1,1340.038514187606,4.2,1.1535763391980245,1.4095858310865348,8.9,1.319402252114654,85.5,15.0,277.0,23.965628317594906,40.49898713575843,False,False
Свердловская область,2020,58490.0,24371.0,4289.4,1363.593975847438,5.8,1.1437334743521943,1.30418700504077,9.0,1.2604852979019374,85.7,7.0,278.0,24.379991100910985,41.6669516156608,False,False
Свердловская область,2021,54484.0,22645.0,4263.7,1277.8572601261817,4.1,1.1690686427832446,1.2906664858079189,8.6,1.239381447728552,85.8,19.0,275.0,24.379991100910985,41.56266059760664,False,False
Свердловская область,2022,51822.0,21150.0,4239.1,1222.476469061829,3.5,1.1610023972559604,1.2634839747887892,8.1,1.2627704407496698,85.8,-12.0,282.0,24.379991100910985,40.81278221604724,False,False
Севастополь,2015,8276.0,6034.0,437.4,1892.0896204846824,8.3,0.825044371436124,0.6929318706284612,15.5,0.3634205603390391,92.3,933.0,346.0,38.97200460123743,72.90961817303045,False,False
Севастополь,2016,5703.0,2771.0,458.6,1243.5673789795028,6.2,0.8613784042893158,0.9750391392863664,12.4,0.5539829112844105,92.6,484.0,305.0,38.97200460123743,48.58846221287042,True,False
Севастополь,2017,4859.0,1935.0,479.5,1013.347236704901,4.6,0.912466013018044,1.0006692252226026,11.8,0.5571384302345233,92.5,464.0,297.0,38.97200460123743,39.823008849557525,False,False
Севастополь,2018,4083.0,1639.0,499.6,817.253803042434,4.2,0.9529429384454096,0.9806699821643644,12.0,0.5754745643159869,92.5,435.0,279.0,38.97200460123743,40.14205241244183,False,False
Севастополь,2019,4238.0,1737.0,522.4,811.2557427258805,3.9,0.9714903050200634,0.9525509153396816,13.3,0.6057818535786564,92.5,474.0,266.0,38.97200460123743,40.98631429919774,False,False
Севастополь,2020,6104.0,2936.0,531.8,1147.799924783753,4.6,0.959809624537282,0.9495398221617622,12.1,0.5851428342168821,92.3,220.0,265.0,38.97200460123743,48.099606815203146,True,False
Севастополь,2021,6136.0,2805.0,547.5,1120.730593607306,4.2,0.9658831171955826,1.0126061308387129,11.0,0.5987219909167859,92.3,352.0,256.0,38.97200460123743,45.71382007822686,False,False
Севастополь,2022,6269.0,3210.0,558.3,1122.873007343722,3.9,0.9050019102477443,0.9569263778999598,9.3,0.6439999164372849,92.5,237.0,253.0,38.97200460123743,51.204338810017546,False,False
Смоленская область,2011,18220.0,6921.0,978.3,1862.4143923131965,7.6,0.8790725456125109,0.995481153354918,17.3,0.8247929426036361,72.7,17.0,443.1246677842744,20.33393225421727,37.98572996706916,False,False
Смоленская область,2012,16988.0,6131.0,970.8,1749.896992171405,5.7,0.8625961538461538,0.991573526807019,14.8,0.8372540671928274,72.6,-14.0,426.0340036133732,20.809745335790712,36.090181304450205,False,False
Смоленская область,2013,14758.0,4947.0,961.4,1535.05304763886,5.2,0.8711972731146144,0.925705209385358,15.7,0.8809152424872653,72.6,-40.0,417.7458243100152,21.28555841736416,33.52080227673127,False,False
Смоленская область,2014,13754.0,4162.0,956.1,1438.5524526723143,5.1,0.8737890732243009,0.9359220970513668,15.7,0.8329915316898951,72.5,-1.0,351.0,21.7613714989376,30.260287916242547,False,False
Смоленская область,2015,13761.0,4247.0,948.0,1451.5822784810125,6.2,0.886295834749443,0.9556466012813458,17.4,0.8420847660361214,72.5,-27.0,276.0,22.23718458051104,30.86258266114381,False,False
Смоленская область,2016,13677.0,5623.0,940.6,1454.0718690197746,6.1,0.8911337570571317,0.941900234268426,17.6,0.8350046326170703,72.6,-18.0,258.0,22.712997662084483,41.11281713826131,False,False
Смоленская область,2017,13002.0,5395.0,934.8,1390.8857509627728,5.7,0.8657592485787262,0.9688445288097096,16.7,0.8629806259545175,72.4,3.0,233.0,23.188810743657925,41.493616366712814,False,False
Смоленская область,2018,12525.0,4847.0,925.7,1353.0301393540024,5.1,0.880545155009735,1.0,16.1,0.8340748919386938,72.3,-23.0,232.0,23.66462382523137,38.69860279441118,False,False
Смоленская область,2019,13958.0,6116.0,916.2,1523.466492032307,5.2,0.8774307601649971,1.00986122327246,16.0,0.8511079783734867,72.3,-26.0,237.0,24.14043690680481,43.81716578306348,False,False
Смоленская область,2020,14767.0,7169.0,900.3,1640.2310340997446,5.3,0.8762295081967213,1.0053558205784427,15.3,0.8669504290192553,72.5,-72.0,240.0,24.616249988378254,48.54743685244126,False,False
Смоленская область,2021,14013.0,6234.0,886.9,1579.9977449543353,5.0,0.8788826600582249,1.0087846737893666,14.0,0.8247666679556753,72.6,-8.0,250.0,24.616249988378254,44.48726182830229,False,False
Смоленская область,2022,14611.0,7307.0,873.0,1673.6540664375716,3.5,0.8757016486907455,0.9562290465334584,12.3,0.8562102375550795,72.7,-52.0,256.0,24.616249988378254,50.01026623776607,False,False
Ставропольский край,2011,34706.0,13198.0,2797.9,1240.4303227420564,6.0,0.8464921807124239,0.8974006469791156,18.3,0.6357686396387209,57.5,49.0,453.3191891493904,21.5374198296938,38.0280066847231,False,False
Ставропольский край,2012,35584.0,12771.0,2812.9,1265.02897365708,5.4,0.886875,0.917105926577494,13.7,0.6222320872293037,57.9,48.0,419.0337374240108,21.822869969763044,35.88972571942446,False,False
Ставропольский край,2013,33839.0,11795.0,2827.6,1196.7392841986136,5.6,0.8805709416276097,0.927815530156798,12.4,0.6424578774452181,58.3,43.0,386.4723536056348,22.1083201098323,34.856230976092675,False,False
Ставропольский край,2014,33476.0,12560.0,2843.4,1177.3229232608849,5.3,0.8862611287602463,0.9184379391883988,12.4,0.6489777085440883,58.6,43.0,344.0,22.39377024990156,37.51941689568646,False,False
Ставропольский край,2015,36259.0,14505.0,2857.7,1268.8175805717883,5.6,0.8777991767682489,0.8347978035137239,14.9,0.6805827001333545,58.8,37.0,307.0,22.67922038997081,40.00386111034502,False,False
Ставропольский край,2016,34336.0,14799.0,2872.1,1195.501549388949,5.7,0.8754394063132479,0.8089843475293106,15.3,0.6912328764077793,59.1,38.0,262.0,22.96467053004006,43.10053588070829,False,False
Ставропольский край,2017,31726.0,13698.0,2879.5,1101.7885049487757,5.2,0.878124742522864,0.8449545972679233,14.7,0.6600068788479039,59.3,23.0,251.0,23.250120670109315,43.17594402067705,False,False
Ставропольский край,2018,32303.0,14329.0,2884.9,1119.7268536171098,5.0,0.8706005691178673,0.860057471464408,14.3,0.6299329239516096,59.6,24.0,249.0,23.53557081017857,44.35810915394855,False,False
Ставропольский край,2019,34744.0,16041.0,2904.1,1196.3775352088428,4.8,0.8933411903358869,0.8504688941386678,14.5,0.642986117922359,60.1,79.0,237.0,23.82102095024782,46.16912272622611,False,False
Ставропольский край,2020,35177.0,17776.0,2904.2,1211.2457819709389,6.2,0.8957429931253306,0.8115551434953905,14.3,0.6290158473645282,60.3,32.0,229.0,24.10647109031708,50.53301873383177,False,False
Ставропольский край,2021,34008.0,16276.0,2902.5,1171.6795865633076,5.3,0.8995260207396001,0.8052827010183119,13.5,0.6143844768988171,60.6,48.0,225.0,24.10647109031708,47.85932721712538,False,False
Ставропольский край,2022,33569.0,16060.0,2891.2,1161.0749861649144,4.3,0.8690955501723422,0.8072951589110903,11.2,0.6338730819550682,60.7,-10.0,224.0,24.10647109031708,47.84175876552772,False,False
Тамбовская область,2011,13548.0,4139.0,1082.3,1251.7786196063937,6.6,0.7761185925282363,0.9434786193663568,10.7,0.7137079242730849,58.7,4.0,357.2784748727074,18.67381632724256,30.55063478004133,False,False
Тамбовская область,2012,11729.0,3362.0,1075.4,1090.6639389994418,4.9,0.8108653846153846,0.9422508322515606,9.4,0.7619775943048183,58.8,1.0,335.00279897414345,19.01210020413005,28.66399522550942,False,False
Тамбовская область,2013,11722.0,3372.0,1068.7,1096.8466360999346,4.6,0.811930123561994,0.9813854361572292,8.2,0.8306104379540042,59.1,2.0,323.04097572935,19.35038408101754,28.76642211226753,False,False
Тамбовская область,2014,11473.0,3268.0,1061.9,1080.4218852999338,4.3,0.8140957759736439,0.9860854403877116,9.6,0.912423579515584,59.3,1.0,312.0,19.688667957905032,28.484267410441905,False,False
Тамбовская область,2015,13232.0,4161.0,1049.8,1260.4305582015622,4.6,0.8203995317397379,0.9949795031842004,10.7,0.938234972626398,59.5,-51.0,278.0,20.026951834792523,31.446493349455864,False,False
Тамбовская область,2016,12178.0,4150.0,1039.7,1171.299413292296,4.5,0.8093953058978092,1.0158579601068043,10.6,0.8528428484008718,59.7,-35.0,286.0,20.36523571168001,34.07784529479389,False,False
Тамбовская область,2017,11510.0,4110.0,1033.0,1114.2303969022264,4.4,0.7993210842877153,1.005356295085814,10.4,0.7981290359369488,60.0,1.0,276.0,20.703519588567502,35.708079930495224,False,False
Тамбовская область,2018,12010.0,3909.0,1015.3,1182.901605436817,4.1,0.7985622285457541,1.0159417306553031,9.8,0.7963285786204184,60.1,-98.0,274.0,21.041803465455,32.54787676935887,False,False
Тамбовская область,2019,12658.0,3878.0,1005.8,1258.5006959634122,3.9,0.8052585795661812,1.015750850026425,10.7,0.7856386000358662,60.2,-20.0,277.0,21.380087342342488,30.636751461526305,False,False
Тамбовская область,2020,13253.0,4267.0,993.0,1334.6424974823765,4.6,0.8213379164463247,0.9724096837243252,10.8,0.8120628407138076,60.2,-24.0,280.0,21.71837121922998,32.196483814985285,False,False
Тамбовская область,2021,13537.0,4236.0,979.1,1382.5962618731487,3.9,0.8285734908452229,0.970540425091379,10.5,0.7721099782157543,60.2,-4.0,283.0,21.71837121922998,31.29201447883578,False,False
Тамбовская область,2022,13799.0,4489.0,966.3,1428.0244230570215,3.3,0.8259344470147655,0.9328952661928388,10.3,0.7249304059776026,60.4,-33.0,301.0,21.71837121922998,32.531342850931225,False,False
Тверская область,2011,28936.0,17125.0,1341.8,2156.506185720674,6.0,0.9636728931364033,0.9306277892836614,13.5,0.8476971853792161,74.9,15.0,297.0553076306227,18.80437804000125,59.18233342549074,False,False
Тверская область,2012,25491.0,15259.0,1333.3,1911.8727968199205,5.0,0.9733653846153846,0.9334321482959828,11.4,0.810283784718053,74.9,3.0,291.5274119320057,19.14609340851811,59.860342866109605,False,False
Тверская область,2013,20141.0,9178.0,1324.1,1521.108677592327,5.3,0.9565402641670218,0.9610200684303776,11.6,0.8469120173614251,74.9,-2.0,277.60743146288047,19.48780877703497,45.56874038031875,False,False
Тверская область,2014,20292.0,10042.0,1313.5,1544.8800913589646,5.3,0.9360316900027454,0.9476173526473404,11.6,0.8168957197042778,75.2,-15.0,259.0,19.82952414555183,49.48748275182338,False,False
Тверская область,2015,22926.0,10860.0,1302.8,1759.748234571692,5.6,0.9366715758468336,0.9480573971779358,13.0,0.7868934631276175,75.4,-17.0,224.0,20.17123951406869,47.36979848207275,False,False
Тверская область,2016,20992.0,11875.0,1294.5,1621.6299729625337,5.8,0.9300500656890246,0.9496268106147092,12.8,0.8504681805625726,75.7,1.0,200.0,20.51295488258556,56.569169207317074,False,False
Тверская область,2017,20051.0,10178.0,1281.2,1565.0171714018106,4.5,0.9100041196341764,0.9408504825363566,12.4,0.8428033601598081,75.8,-33.0,196.0,20.85467025110241,50.76056057054511,False,False
Тверская область,2018,19581.0,10639.0,1266.6,1545.949786830886,4.1,0.9300284558933652,0.9530348994521324,12.2,0.8562885358451382,76.0,-37.0,193.0,21.196385619619274,54.333282263418624,False,False
Тверская область,2019,20732.0,11679.0,1257.0,1649.3237867939538,4.0,0.9407076914442856,0.9834995657579576,11.7,0.8686951753770713,76.2,2.0,188.0,21.538100988136133,56.33320470769825,False,False
Тверская область,2020,21721.0,12715.0,1241.8,1749.154453213078,4.4,0.9539132734003172,0.9670870573027956,11.4,0.8400800769795077,76.3,-16.0,183.0,21.879816356652995,58.53782054233231,False,False
Тверская область,2021,20583.0,12095.0,1226.0,1678.874388254486,3.9,0.9692755575872772,0.9860152584996782,10.8,0.7863256809188054,76.3,10.0,178.0,21.879816356652995,58.76208521595492,False,False
Тверская область,2022,21352.0,14058.0,1211.2,1762.879788639366,3.8,0.9599981527274558,0.9726431540834116,9.3,0.7942629830891513,76.3,-16.0,183.0,21.879816356652995,65.83926564256276,False,False
Томская область,2011,22807.0,11143.0,1057.2,2157.3023079833524,9.1,1.303268896611642,1.028674147529292,17.8,1.4184818295840242,70.8,74.0,737.6266889894677,25.35566250244348,48.85780681369754,False,False
Томская область,2012,23156.0,11137.0,1063.2,2177.9533483822424,8.4,1.2848557692307692,0.9739946015846896,16.2,1.4165923758858798,71.0,40.0,671.0252315193653,25.770621389287747,48.095525997581625,False,False
Томская область,2013,20691.0,9635.0,1068.6,1936.2717574396409,7.6,1.2703025138474648,1.1414382027335088,13.0,1.422979775145432,71.3,30.0,620.1529349338689,26.18558027613201,46.56613986757528,False,False
Томская область,2014,20616.0,9358.0,1072.4,1922.4170085788885,7.6,1.2566968662979958,1.1050732353368935,13.0,1.3676996256004497,71.7,16.0,607.0,26.60053916297628,45.39192859914629,False,False
Томская область,2015,23104.0,10527.0,1074.3,2150.6096993391047,7.7,1.2854877081681206,1.0753126764041996,14.9,1.3718047214388551,71.8,-3.0,592.0,27.015498049820543,45.56353878116344,False,False
Томская область,2016,20432.0,9809.0,1075.9,1899.0612510456365,7.2,1.279409153854348,1.0335772453403027,15.0,1.3468624093277064,71.9,-3.0,556.0,27.43045693666481,48.00802662490212,False,False
Томская область,2017,18783.0,7320.0,1074.8,1747.5809452921474,6.3,1.2364702974375874,1.032581476394984,14.8,1.330255397225084,71.9,-15.0,551.0,27.84541582350908,38.9714103178406,False,False
Томская область,2018,17861.0,6726.0,1073.4,1663.964971119806,6.3,1.2550846188407967,1.0367493996618673,14.7,1.3203818004058,71.9,-11.0,550.0,28.260374710353343,37.65746598734673,False,False
Томская область,2019,17660.0,7634.0,1074.7,1643.2492788685213,5.5,1.277492493756489,1.0272385316485253,14.8,1.2912190601323277,71.7,26.0,536.0,28.67533359719761,43.22763306908267,False,False
Томская область,2020,17392.0,7187.0,1065.3,1632.5917581901813,8.6,1.2884717080909571,1.0099092772709093,14.4,1.1152257347274257,71.3,-47.0,542.0,29.090292484041875,41.32359705611776,False,False
Томская область,2021,16813.0,6675.0,1062.7,1582.1021925284651,6.8,1.2259702138921638,1.0,13.5,1.1682281717131355,71.4,43.0,559.0,29.090292484041875,39.70142151906263,False,False
Томская область,2022,18578.0,7233.0,1052.1,1765.8017298735865,5.2,1.2149805406630867,1.017942872468821,11.6,1.1989204196095502,71.3,-62.0,587.0,29.090292484041875,38.93314673269458,False,False
Тульская область,2011,14681.0,4205.0,1550.1,947.1001870847042,5.3,0.9353279756733276,1.0550897445686889,10.9,0.8075623140330254,78.7,81.0,317.3445064816517,20.301929611420405,28.64246304747633,False,False
Тульская область,2012,13856.0,4176.0,1543.6,897.6418761337135,4.6,0.9673557692307692,1.0384449248958534,9.5,0.8134729312696062,78.0,34.0,292.1276981679666,20.635465923874783,30.138568129330256,False,False
Тульская область,2013,12567.0,3816.0,1538.3,816.9407787817722,4.2,0.9812526629740094,0.971697345292169,9.7,0.8509430478946258,77.4,40.0,269.28990024735015,20.96900223632916,30.365242301265216,False,False
Тульская область,2014,12281.0,3849.0,1536.0,799.5442708333333,4.1,1.0147468329607403,0.98181565417161,9.9,0.9100821787107084,76.9,55.0,255.0,21.30253854878353,31.34109600195424,False,False
Тульская область,2015,13200.0,4426.0,1535.3,859.7668208167786,4.1,1.0405573807635664,1.0013522598453397,10.8,0.971191665183214,76.3,60.0,228.0,21.636074861237915,33.53030303030303,False,False
Тульская область,2016,12008.0,4513.0,1534.5,782.535027696318,4.1,1.0439938926960906,1.0345613213125378,10.2,1.0,75.9,62.0,212.0,21.969611173692293,37.58327781479014,False,False
Тульская область,2017,12550.0,4922.0,1532.9,818.709635331724,3.9,1.0426596358243387,1.0237923498340058,10.2,1.0,75.4,64.0,212.0,22.30314748614667,39.21912350597609,False,False
Тульская область,2018,13432.0,5200.0,1525.8,880.3250753702976,3.9,1.038250711397334,1.0002829079703697,10.3,1.0096010496523928,75.0,30.0,217.0,22.636683798601048,38.71351995235259,False,False
Тульская область,2019,13046.0,5207.0,1519.0,858.8545095457539,3.8,1.0705446586412997,0.9958883254917292,10.6,0.9978439922100022,74.5,35.0,221.0,22.970220111055426,39.91261689406715,False,False
Тульская область,2020,13028.0,5238.0,1507.6,864.1549482621385,4.4,1.0811475409836069,0.9860069419117308,10.5,1.0164474457613493,73.9,34.0,222.0,23.303756423509803,40.20571077678846,False,False
Тульская область,2021,15554.0,7131.0,1496.7,1039.2196164896104,3.8,1.076101340134254,0.9912165493311244,10.1,1.0154748063264545,73.3,64.0,222.0,23.303756423509803,45.84672752989584,False,False
Тульская область,2022,15826.0,8010.0,1481.5,1068.2416469794127,3.6,1.0751504057702077,0.9962719592329357,9.1,1.049492200605393,73.2,-0.2081822333252746,223.0,23.303756423509803,50.61291545557942,False,False
Тюменская область,2011,35132.0,16977.0,1366.0,2571.8887262079065,6.2,1.3427997393570807,1.2872711061527489,11.6,2.331392477764478,61.5,131.0,650.801377659516,21.931902409552137,48.32346578617784,False,False
Тюменская область,2012,29415.0,12988.0,1393.9,2110.2661596958174,5.7,1.3739423076923076,1.2185984831785253,10.4,2.140542389409834,62.4,154.0,600.5865329845891,22.512978235802017,44.154343022267554,False,False
Тюменская область,2013,33698.0,16094.0,1422.7999999999995,2368.4284509418057,5.2,1.3472518108223264,1.1455682189933334,11.8,2.2610196823100344,63.4,155.0,538.3307095468346,23.094054062051896,47.75951095020476,False,False
Тюменская область,2014,30248.0,14855.0,1447.1999999999998,2090.105030403538,5.5,1.338392752088481,1.1274000625825056,12.1,1.9004113529186184,63.9,116.0,488.0,23.67512988830177,49.110685003967205,False,False
Тюменская область,2015,30979.0,14881.0,1477.2,2097.143243975088,6.2,1.3545183338997773,1.0826480216086147,14.9,1.9343951730017896,64.3,154.0,442.0,24.25620571455165,48.03576616417573,False,False
Тюменская область,2016,27466.0,12684.0,1505.0,1824.9833887043187,5.6,1.3328125554805952,1.047842955844247,15.8,1.8032227118845665,65.1,142.0,404.0,24.83728154080153,46.18073254205199,False,False
Тюменская область,2017,26452.0,10985.0,1530.9,1727.872493304592,5.0,1.3338617450770371,1.0462252646480674,15.7,1.8415780169979272,65.8,136.0,380.0,25.418357367051414,41.52805080901255,False,False
Тюменская область,2018,25639.0,10757.0,1555.6,1648.174337876061,4.5,1.3453047775947282,1.1143516756119234,14.6,1.9756496761981688,66.3,133.0,360.0,25.999433193301293,41.95561449354499,False,False
Тюменская область,2019,26648.0,12103.0,1578.9,1687.757299385648,4.1,1.3641159469091113,1.1034484619118383,14.8,1.76825497361999,66.8,129.0,334.0,26.58050901955117,45.41804262984089,False,False
Тюменская область,2020,24757.0,11368.0,1589.4,1557.6318107461934,4.8,1.361739820200952,1.0785068091720464,14.0,1.5944822724744117,67.2,66.0,317.0,27.16158484580105,45.91832612998344,False,False
Тюменская область,2021,24160.0,10233.0,1602.7,1507.4561677169777,4.4,1.3297885138223902,1.0559707270949628,13.6,1.694352853220588,67.6,102.0,302.0,27.16158484580105,42.355132450331126,False,False
Тюменская область,2022,23591.0,10106.0,1608.5,1466.645943425552,3.9,1.2994008959271837,1.0472576102990478,11.9,1.67292945311321,67.7,32.0,292.0,27.16158484580105,42.83837056504599,False,False
Удмуртская Республика,2011,27965.0,10670.0,1514.8,1846.1182994454716,6.9,0.860284535186794,0.9008919768436894,14.0,0.9903015371182476,68.4,-47.0,430.11214088280167,20.688286715944606,38.15483640264616,False,False
Удмуртская Республика,2012,27365.0,10134.0,1511.0,1811.0522832561217,6.0,0.8769711538461539,0.9042233538180352,11.1,0.9962120798628926,64.5,-49.0,401.5570959445884,21.159667567113992,37.03270601132834,False,False
Удмуртская Республика,2013,26998.0,9606.0,1507.3,1791.1497379420157,5.7,0.8970174691095015,0.8908323424922326,11.8,1.0114149109322723,64.8,-43.0,365.7948388269567,21.63104841828338,35.580413363952886,False,False
Удмуртская Республика,2014,26875.0,9250.0,1504.4,1786.4264823185322,5.1,0.9185786563125072,0.9211252603117428,11.9,1.018085713439899,65.0,-36.0,349.0,22.102429269452767,34.418604651162795,False,False
Удмуртская Республика,2015,29548.0,11835.0,1500.8,1968.816631130064,5.0,0.9325176541671388,0.9796626058383792,12.3,1.0766517072195727,65.1,-42.0,342.0,22.57381012062216,40.053472316231215,False,False
Удмуртская Республика,2016,26219.0,10040.0,1497.2,1751.2022441891531,5.2,0.9478038561232824,0.9419052469431692,12.3,1.0572226863176335,65.2,-36.0,320.0,23.045190971791545,38.292841069453445,False,False
Удмуртская Республика,2017,24173.0,9895.0,1490.1,1622.2401181128785,4.8,0.9555738650407845,0.9384280014518592,12.0,1.0227133571693412,65.3,-46.0,307.0,23.51657182296093,40.93410002895793,False,False
Удмуртская Республика,2018,25293.0,10516.0,1481.3,1707.4866671167215,4.8,0.9527632170136288,0.916698815429978,12.0,1.0597976279078598,65.5,-48.0,297.0,23.98795267413032,41.57672083185071,False,False
Удмуртская Республика,2019,27060.0,11745.0,1471.6,1838.814895351998,4.3,0.9555237534023628,0.9206325968092852,12.2,1.098848221405795,65.6,-43.0,295.0,24.459333525299705,43.40354767184035,False,False
Удмуртская Республика,2020,28075.0,14083.0,1460.9,1921.760558559792,6.3,0.9619249074563724,0.9052851068675248,11.7,1.0068502443573055,65.7,-27.0,291.0,24.93071437646909,50.16206589492431,False,False
Удмуртская Республика,2021,26524.0,12547.0,1448.9,1830.6301332045,4.5,0.9573659264249452,0.9082583025409362,11.0,1.0248818193927052,65.7,-21.0,281.0,24.93071437646909,47.30432815563263,False,False
Удмуртская Республика,2022,24583.0,10488.0,1442.2,1704.548606295937,2.9,0.9616606980171208,0.9070671851951186,9.4,1.0412862172655537,65.8,-9.0,283.0,24.93071437646909,42.66362933734695,False,False
Ульяновская область,2011,16573.0,5989.0,1280.8,1293.95690193629,6.8,0.8149978279756733,0.891636820849375,16.8,0.7782133035607252,73.8,-35.0,419.7168626912098,19.24849186772685,36.13709044831956,False,False
Ульяновская область,2012,16366.0,5818.0,1272.1,1286.5340775096297,5.6,0.822451923076923,0.8853435679766201,13.3,0.7619464629300122,74.1,-41.0,387.844494301468,19.61976703833241,35.54930954417696,False,False
Ульяновская область,2013,15029.0,5553.0,1264.1,1188.909105292303,5.5,0.8175117170856413,0.8920692052753791,13.8,0.7882218856436688,74.3,-36.0,363.25836056703054,19.991042208937976,36.94856610552931,False,False
Ульяновская область,2014,15431.0,5422.0,1257.9,1226.727084823913,4.8,0.8342942306938071,0.935380680179674,12.7,0.7523467600640933,74.6,-21.0,338.0,20.36231737954354,35.13706175879723,False,False
Ульяновская область,2015,16460.0,6193.0,1251.9,1314.8015017173896,4.9,0.8627317699482648,0.9121365207355432,14.8,0.7577553334020406,74.9,-18.0,314.0,20.733592550149105,37.62454434993925,False,False
Ульяновская область,2016,15321.0,7198.0,1246.0,1229.6147672552163,4.6,0.8640414728544544,0.8956215251960953,14.7,0.8165005649736355,75.2,-15.0,295.0,21.104867720754665,46.98126754128321,False,False
Ульяновская область,2017,13586.0,5310.0,1238.7,1096.795027044482,4.4,0.8652484139408421,0.9032022732321162,14.9,0.7784760694273397,75.5,-20.0,298.0,21.47614289136023,39.0843515383483,False,False
Ульяновская область,2018,13175.0,4869.0,1229.4,1071.6609728322758,3.7,0.8492736258798862,0.8687797613704462,15.3,0.725616446159696,75.9,-30.0,296.0,21.8474180619658,36.95635673624288,False,False
Ульяновская область,2019,12663.0,4309.0,1219.7,1038.2061162580962,3.8,0.860818811908971,0.8614457627346291,15.5,0.7789800238224721,76.1,-28.0,292.0,22.21869323257136,34.028271341704176,False,False
Ульяновская область,2020,12724.0,4701.0,1207.1,1054.09659514539,4.9,0.8594394500264411,0.8640690031271315,15.0,0.7803476200264924,76.4,-18.0,291.0,22.58996840317692,36.94592895315939,False,False
Ульяновская область,2021,12276.0,4239.0,1191.7,1030.1250314676513,4.3,0.8691865361018213,0.8687198621059322,13.8,0.7286674658520133,76.8,-14.0,291.0,22.58996840317692,34.530791788856305,False,False
Ульяновская область,2022,12159.0,3908.0,1181.0,1029.5512277730736,4.2,0.8716418474404779,0.8494032452728979,12.4,0.7706602576974356,77.0,-15.0,295.0,22.58996840317692,32.140801052718146,False,False
Хабаровский край,2011,27492.0,13786.0,1341.6,2049.1949910554563,6.6,1.4202867072111207,1.4803681706180274,15.8,1.3316684648320012,81.9,7.0,586.8795515701753,25.06206502501137,50.14549687181725,False,False
Хабаровский край,2012,26534.0,11963.0,1340.5,1979.4106676613203,6.4,1.4940384615384616,1.3881898635021923,14.3,1.3205092284311122,82.2,-9.0,545.1976473888224,25.453933554212927,45.08555061430617,False,False
Хабаровский край,2013,28465.0,12668.0,1337.5,2128.2242990654204,5.7,1.454282062207073,1.4582001456163824,12.5,1.401477680320704,82.4,-28.0,513.4598634013586,25.84580208341448,44.50377656771474,False,False
Хабаровский край,2014,29598.0,13569.0,1335.2,2216.746554823248,5.9,1.4425618700239244,1.417337516479508,13.4,1.3733246360212314,82.6,-24.0,480.0,26.237670612616032,45.844313804986825,False,False
Хабаровский край,2015,30946.0,13576.0,1331.0,2325.0187828700227,5.3,1.4365394056115706,1.4218894689721109,14.1,1.39581166711951,82.8,-40.0,418.0,26.629539141817588,43.86996703935888,False,False
Хабаровский край,2016,27008.0,13098.0,1329.1,2032.0517643518172,5.0,1.4241735610552853,1.44495300527029,13.0,1.4054957233746794,82.9,-17.0,380.0,27.02140767101914,48.49674170616114,False,False
Хабаровский край,2017,24023.0,10562.0,1323.6,1814.9743124811123,4.8,1.399525418142869,1.4353207218490518,12.5,1.3577620161165265,83.1,-31.0,361.0,27.413276200220693,43.9661990592349,False,False
Хабаровский край,2018,22509.0,9956.0,1316.7,1709.5010252904988,3.8,1.412400778792871,1.4845855771739678,12.2,1.335921880000426,83.1,-38.0,348.0,27.80514472942225,44.23119641032476,False,False
Хабаровский край,2019,23940.0,11644.0,1310.4,1826.923076923077,3.8,1.4090131043578304,1.5003592880370007,12.2,1.3758548225243783,83.2,-24.0,325.0,28.1970132586238,48.63826232247285,False,False
Хабаровский край,2020,22695.0,10962.0,1295.1,1752.3743340282604,4.0,1.404362771020624,1.460165814023682,12.0,1.4187865977831506,83.3,-67.0,314.0,28.58888178782536,48.301387970918704,False,False
Хабаровский край,2021,21987.0,10039.0,1292.8,1700.727103960396,3.1,1.4143829848663474,1.4197550144676412,12.0,1.3518966043216163,83.5,49.0,307.0,28.58888178782536,45.65879838086142,False,False
Хабаровский край,2022,21312.0,9959.0,1284.1,1659.683825247255,2.6,1.3832838628148236,1.4122569397881186,9.8,1.2887796476147833,83.5,-23.0,300.0,28.58888178782536,46.72954204204204,False,False
Ханты-Мансийский автономный округ — Югра,2011,31152.0,14645.0,1562.2,1994.110869286903,6.3,2.470569070373588,2.1118681735231872,10.6,7.044278255797518,91.6,63.0,278.2801070564159,26.06010553142937,47.011427837699024,False,False
Ханты-Мансийский автономный округ — Югра,2012,27407.0,11351.0,1586.0,1728.0580075662044,5.5,2.4442788461538463,1.9604524937111447,9.8,6.944176189026473,91.7,38.0,250.2135923554429,26.67581278125874,41.41642646039333,False,False
Ханты-Мансийский автономный округ — Югра,2013,25223.0,9709.0,1600.3,1576.1419733799914,4.9,2.3224541968470387,1.984698346777821,10.4,6.454294767459385,91.8,-22.0,237.0796318607429,27.2915200310881,38.492645601236966,False,False
Ханты-Мансийский автономный округ — Югра,2014,24140.0,8516.0,1616.2,1493.627026358124,4.6,2.273836137584814,1.8461171967163263,11.1,6.05223355209319,91.9,-9.0,213.0,27.907227280917464,35.27754763877382,False,False
Ханты-Мансийский автономный округ — Югра,2015,23785.0,8635.0,1632.0,1457.4142156862745,4.4,2.268343340508289,1.84338656906714,11.9,6.065060790321019,91.9,-5.0,167.0,28.522934530746827,36.30439352533109,False,False
Ханты-Мансийский автономный округ — Югра,2016,22598.0,8673.0,1652.4,1367.5865407891552,4.5,2.257145900649789,1.842732469981981,11.6,5.297003555471074,92.0,30.0,155.0,29.13864178057619,38.37950261085052,False,False
Ханты-Мансийский автономный округ — Югра,2017,22648.0,9281.0,1662.5,1362.2857142857142,3.3,2.1988761637966547,1.8752629223732005,9.5,5.537890041126015,91.9,-18.0,148.0,29.75434903040556,40.97933592370187,False,False
Ханты-Мансийский автономный округ — Югра,2018,21276.0,8400.0,1672.3,1272.259762004425,2.5,2.123588437921222,1.9147303564886304,9.0,6.259132239806482,92.0,-14.0,141.0,30.37005628023492,39.48110547095319,False,False
Ханты-Мансийский автономный округ — Югра,2019,20699.0,9387.0,1684.2,1229.0108063175394,2.5,2.1069955383449783,1.9180867949287927,8.9,6.09692024858505,92.0,8.0,135.0,30.98576353006428,45.35001690902942,False,False
Ханты-Мансийский автономный округ — Югра,2020,20977.0,9797.0,1698.2,1235.249087268873,3.0,2.110576414595452,1.8896370370342292,8.4,4.262235283180318,92.0,37.0,127.0,31.60147077989364,46.70353244029175,False,False
Ханты-Мансийский автономный округ — Югра,2021,20788.0,8432.0,1713.8,1212.9770101528766,2.6,2.055842937227822,1.8149437340417216,8.2,5.742646850307429,92.1,60.0,116.0,31.60147077989364,40.56186261304599,False,False
Ханты-Мансийский автономный округ — Югра,2022,20376.0,7941.0,1730.4,1177.5312066574202,2.0,2.0479954993723477,1.784015019444817,6.9,6.22878395670703,92.2,50.0,114.0,31.60147077989364,38.97232037691401,False,False
Челябинская область,2011,77053.0,31691.0,3480.3,2213.9758066833315,6.6,1.0868266724587314,1.1494236937719098,10.8,0.9959599429596906,82.1,19.0,478.45927608180585,20.558861799405232,41.128833400386746,False,False
Челябинская область,2012,70557.0,28640.0,3485.7,2024.1845253464155,6.4,1.0817788461538462,1.0697521409703243,10.1,0.9773448495161902,82.2,14.0,437.2634100509937,20.94863408721097,40.59129498136259,False,False
Челябинская область,2013,67693.0,25896.0,3490.8,1939.1829953019364,6.0,1.0929271410311034,1.094879345272835,11.1,0.9530171504355428,82.4,13.0,399.9595505643728,21.338406375016707,38.25506330048897,False,False
Челябинская область,2014,62708.0,27879.0,3498.2000000000003,1792.5790406494766,6.2,1.0857355767345178,1.045655156328819,11.7,0.9677859181806148,82.5,17.0,357.0,21.728178662822444,44.458442304012245,False,False
Челябинская область,2015,70602.0,31201.0,3502.0,2016.0479725870928,7.0,1.1193686039046864,0.9857670356224016,13.7,1.0789705776720102,82.6,10.0,315.0,22.117950950628185,44.19279907084785,False,False
Челябинская область,2016,64576.0,27192.0,3503.9,1842.9749707468816,7.1,1.098640059652736,0.9317379556671592,13.8,1.0573316236836503,82.6,8.0,289.0,22.50772323843392,42.10852329038652,False,False
Челябинская область,2017,68213.0,29721.0,3494.8,1951.8427377818475,6.6,1.06296778446074,0.9141806405547016,13.2,1.0445213175909376,82.7,-10.0,278.0,22.89749552623966,43.57087358714615,False,False
Челябинская область,2018,64862.0,26604.0,3477.9,1864.975991259093,5.6,1.0549348509809795,0.9226754457569606,12.8,1.0104835561096726,82.7,-25.0,266.0,23.2872678140454,41.016311553760296,False,False
Челябинская область,2019,66567.0,29688.0,3468.8,1919.0209870848707,5.1,1.050397059236187,0.9162578386859354,12.8,1.0,82.7,6.0,256.0,23.677040101851134,44.59867501915363,False,False
Челябинская область,2020,63366.0,29013.0,3445.5,1839.094471049195,6.8,1.0404283447911158,0.9272611633618804,12.6,1.0,82.7,-4.0,245.0,24.06681238965687,45.78638386516428,False,False
Челябинская область,2021,65299.0,29896.0,3421.6,1908.434650455927,4.9,1.0533647715516203,0.9443929497807048,12.0,1.0336149387506068,82.6,9.0,241.0,24.06681238965687,45.78324323496531,False,False
Челябинская область,2022,62844.0,27569.0,3407.1,1844.5011886941973,3.1,1.051778209741004,0.948021992758482,10.6,1.0177260527343093,82.6,0.05,239.0,24.06681238965687,43.86894532493157,False,False
Чеченская Республика,2011,4254.0,807.0,1302.4,326.62776412776407,37.3,0.7836120764552563,0.8733189184393519,21.7,0.3006532439439401,35.2,-25.0,254.83683225302173,12.371020910088866,18.9703808180536,False,True
Чеченская Республика,2012,3919.0,496.0,1325.2,295.728946574102,29.8,0.8358173076923077,0.8244084333282142,21.7,0.3147786296453975,35.4,-33.0,249.80116418933093,12.877964828986048,12.656289869864764,False,True
Чеченская Республика,2013,3636.0,610.0,1347.0,269.93318485523383,26.9,0.8890072432893055,0.9056419449011393,17.8,0.3451570365011905,35.6,-34.0,237.0009524580172,13.384908747883228,16.776677667766776,False,True
Чеченская Республика,2014,3500.0,710.0,1370.5,255.3812477198103,21.5,0.8413538847707573,0.8952202696850129,14.2,0.3729928723553757,35.9,-20.0,256.0,13.891852666780409,20.285714285714285,False,True
Чеченская Республика,2015,3425.0,483.0,1394.7,245.57252455725248,17.1,0.8422642649446773,0.9080799199308656,16.0,0.3487724821126862,36.2,-6.0,237.0,14.39879658567759,14.1021897810219,False,True
Чеченская Республика,2016,3723.0,484.0,1415.0,263.1095406360424,15.8,0.8140467989915847,0.9004777708014651,17.3,0.3988647170212967,36.5,-21.0,235.0,14.905740504574773,13.000268600590925,False,True
Чеченская Республика,2017,3953.0,474.0,1436.7,275.14442820352195,14.0,0.7662124083381395,0.867015420257224,20.7,0.3908204793571347,36.9,-22.0,240.0,15.412684423471951,11.9908929926638,False,True
Чеченская Республика,2018,3330.0,429.0,1456.4,228.6459763801153,13.7,0.7840946532874046,0.8783299492227101,20.5,0.3583513454807842,37.2,-27.0,242.0,15.919628342369132,12.882882882882882,False,True
Чеченская Республика,2019,3779.0,454.0,1477.7,255.73526426202883,13.5,0.7788814995650588,0.8712103977227261,20.7,0.369690022819208,37.6,-14.0,227.0,16.426572261266312,12.01376025403546,False,True
Чеченская Республика,2020,3139.0,404.0,1496.6,209.74208205265268,18.5,0.7871760973030143,0.8582058386284019,20.4,0.3653206972590179,37.9,-11.0,227.0,16.933516180163494,12.870340872889455,False,True
Чеченская Республика,2021,3128.0,616.0,1514.6,206.52317443549452,14.5,0.7528571084859129,0.8466936343505307,19.8,0.3182386986168937,38.1,-17.0,223.0,16.933516180163494,19.69309462915601,False,True
Чеченская Республика,2022,2416.0,542.0,1533.2,157.57891990607877,11.0,0.7074193182724643,0.8247552635107952,19.1,0.3216766983498234,38.1,-38.0,231.0,16.933516180163494,22.433774834437088,False,True
Чувашская Республика,2011,17990.0,5527.0,1245.5,1444.3998394219188,7.8,0.8088618592528236,0.752846965031553,19.3,0.6766429058351807,59.4,-34.0,477.60932785429486,20.397707944755457,30.722623679822124,False,False
Чувашская Республика,2012,16534.0,4502.0,1240.5,1332.8496573962111,5.9,0.8262980769230769,0.7441563689574464,16.0,0.7085076387094792,59.8,-47.0,440.9909397901939,21.05895044055517,27.22874077658159,False,False
Чувашская Республика,2013,14156.0,3875.0,1235.2,1146.0492227979275,5.7,0.826075841499787,0.739319760066227,16.5,0.6791949241944721,60.1,-51.0,388.1276320838575,21.720192936354884,27.37355185080531,False,False
Чувашская Республика,2014,13782.0,3834.0,1231.8,1118.8504627374573,5.0,0.8179001451151116,0.7460018564717499,16.4,0.6550035575273092,60.7,-33.0,346.0,22.3814354321546,27.81889420983892,False,False
Чувашская Республика,2015,15688.0,4993.0,1229.0,1276.4849471114728,5.0,0.8069559306672709,0.7297299773483787,17.9,0.6378970577672011,61.2,-31.0,312.0,23.042677927954315,31.82687404385517,False,False
Чувашская Республика,2016,13836.0,4998.0,1226.8,1127.8121943267035,5.3,0.8134076625359514,0.7000307475460261,18.8,0.6442625301592542,61.9,-18.0,296.0,23.703920423754028,36.12315698178664,False,False
Чувашская Республика,2017,12794.0,3645.0,1221.6,1047.314996725606,5.1,0.8084304193787591,0.6974851727364004,18.4,0.6249319791343334,62.4,-29.0,290.0,24.365162919553743,28.489917148663437,False,False
Чувашская Республика,2018,11824.0,3253.0,1212.5,975.1752577319588,5.0,0.8098247716040138,0.704604992902273,17.8,0.6024367459849546,62.9,-55.0,284.0,25.02640541535346,27.51184032476319,False,False
Чувашская Республика,2019,12430.0,3623.0,1206.0,1030.6799336650083,4.7,0.832589724163089,0.7336603851201879,17.4,0.6301113443581657,63.3,-24.0,286.0,25.68764791115317,29.14722445695897,False,False
Чувашская Республика,2020,13048.0,4949.0,1194.8,1092.0656176765983,6.1,0.841988365943945,0.7446648173128323,16.6,0.6218213436081965,63.5,-31.0,288.0,26.348890406952886,37.92918454935622,False,False
Чувашская Республика,2021,12567.0,5019.0,1183.9,1061.491680040544,4.8,0.8613189615764021,0.7666097361824167,15.5,0.5778809557569273,64.0,-13.0,290.0,26.348890406952886,39.93793268083075,False,False
Чувашская Республика,2022,12730.0,4272.0,1173.2,1085.0664848278211,3.2,0.8717237152009538,0.7698001877430602,13.9,0.6470962580117312,64.3,-43.0,299.0,26.348890406952886,33.55852317360565,False,False
Чукотский автономный округ,2011,728.0,174.0,50.7,1435.8974358974358,5.6,2.897969157254561,2.687225842043714,9.0,3.961122949778405,65.8,52.0,13.205353095374186,22.82168345518045,23.9010989010989,False,False
Чукотский автономный округ,2012,839.0,254.0,50.3,1667.9920477137175,4.3,2.9234134615384617,2.637851362618273,7.7,3.65034654880409,66.2,-103.0,25.22393692029633,23.426691922842192,30.274135876042905,False,False
Чукотский автономный округ,2013,794.0,198.0,49.9,1591.1823647294589,3.3,2.908436301661696,2.801083448953353,7.4,3.34077598939024,66.7,-106.0,103.70785617041724,24.031700390503925,24.937027707808564,False,False
Чукотский автономный округ,2014,645.0,177.0,49.7,1297.7867203219314,3.2,2.991920618111935,2.757193404736035,7.5,3.942908066756974,67.2,-72.0,96.0,24.63670885816565,27.44186046511628,False,False
Чукотский автономный округ,2015,814.0,175.0,49.2,1654.471544715447,4.0,3.003323137343756,2.5781750896751783,8.4,3.898961270959622,67.8,-154.0,94.0,25.241717325827395,21.4987714987715,True,False
Чукотский автономный округ,2016,800.0,282.0,48.6,1646.090534979424,3.5,3.076625359514256,2.7270115478001498,8.4,4.101445698891562,68.3,-147.0,59.0,25.846725793489128,35.25,False,False
Чукотский автономный округ,2017,712.0,156.0,48.0,1483.3333333333337,2.9,3.031869489989289,2.889751469396648,8.3,3.8918330839557447,68.4,-171.0,36.0,26.45173426115086,21.910112359550563,False,False
Чукотский автономный округ,2018,748.0,171.0,48.1,1555.093555093555,3.1,2.9613299385951777,3.0734694010791683,8.5,4.020732996756656,68.5,6.0,36.0,27.0567427288126,22.86096256684492,False,False
Чукотский автономный округ,2019,775.0,154.0,48.5,1597.9381443298969,3.8,3.005499901787468,3.108788431903893,8.2,4.412103404880801,69.0,79.0,28.0,27.66175119647433,19.870967741935484,False,False
Чукотский автономный округ,2020,786.0,175.0,47.6,1651.2605042016803,4.4,3.1898730830248545,3.237868844412013,7.7,5.382857434978438,68.3,-206.0,29.0,28.266759664136064,22.264631043257,False,False
Чукотский автономный округ,2021,784.0,188.0,47.9,1636.7432150313152,2.6,3.145538098789789,3.338028308716332,7.0,5.040529009139071,68.8,76.0,19.0,28.266759664136064,23.97959183673469,False,False
Чукотский автономный округ,2022,853.0,208.0,47.8,1784.518828451883,1.9,2.951469211424541,3.7055384202762505,5.2,4.723936695630917,69.1,-18.0,20.0,28.266759664136064,24.384525205158265,False,False
Ямало-Ненецкий автономный округ,2011,9395.0,3780.0,532.9,1762.994933383374,3.5,3.208894439617724,2.923309674567249,7.4,8.170621735793151,84.9,49.0,195.3918157627074,28.17148416163728,40.23416711016498,False,False
Ямало-Ненецкий автономный округ,2012,9121.0,3528.0,534.1,1707.732634338139,3.4,3.062307692307692,2.868707405112636,6.4,9.027945462682982,85.0,-93.0,158.90014959493288,29.058062872362363,38.67996930161166,False,False
Ямало-Ненецкий автономный округ,2013,9150.0,4002.0,528.1,1732.6263965158112,3.2,2.948103962505326,2.9847270439385705,6.3,9.760477137776167,85.1,-229.0,137.9271167665521,29.944641583087453,43.73770491803279,False,False
Ямало-Ненецкий автономный округ,2014,9008.0,3837.0,524.2,1718.428080885158,3.1,2.9214809585441426,2.884948776496979,6.5,10.563509603622382,84.9,-196.0,107.0,30.831220293812542,42.59547069271758,False,False
Ямало-Ненецкий автономный округ,2015,9608.0,4104.0,514.3,1868.170328601984,3.6,2.918016691212568,2.797507618895689,7.3,10.777137967326569,84.7,-307.0,50.0,31.717799004537632,42.71440466278101,False,False
Ямало-Ненецкий автономный округ,2016,8000.0,3648.0,512.5,1560.9756097560976,2.6,2.9555800163334878,2.971427534903197,6.8,10.978905612997783,84.7,-142.0,31.0,32.60437771526272,45.6,False,False
Ямало-Ненецкий автономный округ,2017,8259.0,3792.0,511.2,1615.6103286384975,3.2,2.9641031556397794,3.0773424223014545,5.8,12.38182534073648,84.7,-120.0,19.0,33.49095642598781,45.91354885579368,False,False
Ямало-Ненецкий автономный округ,2018,7705.0,3558.0,510.6,1509.009009009009,2.1,2.9116070091358397,3.181757611120446,5.5,13.830168104628076,84.7,-103.0,15.0,34.3775351367129,46.17780661907853,False,False
Ямало-Ненецкий автономный округ,2019,7532.0,3684.0,510.1,1476.573220937071,1.9,2.834469792631254,3.2321077178623137,5.2,13.891562189916767,84.7,-96.0,11.0,35.26411384743799,48.91131173659055,False,False
Ямало-Ненецкий автономный округ,2020,7630.0,3758.0,508.8,1499.6069182389936,2.4,2.9406663141195133,3.3623063003964035,4.5,11.719245243622842,84.6,-99.0,8.0,36.15069255816308,49.25294888597641,False,False
Ямало-Ненецкий автономный округ,2021,6961.0,3076.0,511.2,1361.697965571205,2.1,2.7999903760556264,3.342651266262294,4.3,14.21839484052815,84.7,-19.0,4.0,36.15069255816308,44.189053296940095,False,False
Ямало-Ненецкий автономный округ,2022,6657.0,2538.0,512.4,1299.1803278688526,1.7,2.7607425195957838,3.218720665146842,4.0,16.161048892918743,84.7,-54.0,3.0,36.15069255816308,38.12528165840469,False,False
Ярославская область,2011,18483.0,8802.0,1269.1,1456.3864155700892,5.1,0.9834383145091226,0.9664254147698365,13.4,1.0106682197089656,82.1,32.0,380.4720384135954,22.25939093644533,47.62213926310664,False,False
Ярославская область,2012,17277.0,7134.0,1267.8,1362.754377662092,3.4,0.980625,1.0067551782328426,10.9,1.0431549586417663,82.0,29.0,369.3826506103924,22.756119580811568,41.2918909532905,False,False
Ярославская область,2013,15390.0,6036.0,1265.9,1215.7358401137528,4.5,0.98010225820196,1.0338990850039131,10.8,1.0791719414051903,81.9,23.0,356.8291334228612,23.2528482251778,39.22027290448343,False,False
Ярославская область,2014,15512.0,6328.0,1263.8,1227.409400221554,3.8,0.9975291210730676,1.0414892536759577,10.3,1.0531240397993902,81.8,20.0,313.0,23.74957686954403,40.794223826714806,False,False
Ярославская область,2015,21759.0,10058.0,1262.1,1724.0313762776327,5.3,1.0100827008043505,1.0718908528326654,10.8,1.095616476003985,81.7,21.0,295.0,24.24630551391026,46.22455076060481,True,False
Ярославская область,2016,18401.0,9694.0,1258.9,1461.6728890301056,6.7,1.01267620637006,1.0637368326540038,11.0,1.099881113762291,81.7,12.0,269.0,24.74303415827649,52.68191946089886,False,False
Ярославская область,2017,17873.0,8684.0,1251.9,1427.6699416886331,6.6,1.012444590920326,1.0595523645391116,10.6,1.0986580570118707,81.8,-9.0,250.0,25.239762802642726,48.58725451798803,False,False
Ярославская область,2018,16710.0,8882.0,1243.8,1343.463579353594,5.5,1.0026658679047475,1.036760809000455,10.1,1.083018130401618,81.5,-13.0,244.0,25.736491447008955,53.15380011968881,False,False
Ярославская область,2019,17709.0,9351.0,1235.6,1433.2308190352865,5.4,1.0106350141706653,1.0474687664248865,10.2,1.102833671158761,81.4,-8.0,248.0,26.233220091375188,52.80365915636117,False,False
Ярославская область,2020,16088.0,8202.0,1221.7,1316.853564704919,7.3,1.0,1.043939940335027,9.8,1.0739939849513775,81.2,-25.0,256.0,26.72994873574142,50.98209845847836,False,False
Ярославская область,2021,16066.0,7839.0,1205.7,1332.5039396201375,5.9,0.9914828092293626,1.0797064669644216,8.7,0.9842275186154328,81.1,-10.0,257.0,26.72994873574142,48.79248101580978,False,False
Ярославская область,2022,18368.0,8860.0,1194.6,1537.585802779173,5.0,0.9947625625028864,1.0907067185195118,8.1,0.9620675161793628,81.0,-7.0,261.0,26.72994873574142,48.23606271777003,False,False
